-- payment_mode
insert into "schoolerp".payment_mode (oid, payment_code, name_en, name_bn, payment_type, status) values ('schoolerp-payment-mode-oid-cash','CASH','Cash','নগদ','cash','Active');
insert into "schoolerp".payment_mode (oid, payment_code, name_en, name_bn, payment_type, status) values ('schoolerp-payment-mode-oid-bank','BANK','Bank','ব্যাংক','bank','Active');
insert into "schoolerp".payment_mode (oid, payment_code, name_en, name_bn, payment_type, status) values ('schoolerp-payment-mode-oid-online','ONLINE','Online','অনলাইন','online','Inactive');
insert into "schoolerp".payment_mode (oid, payment_code, name_en, name_bn, payment_type, status) values ('schoolerp-payment-mode-oid-bkash','BKASH','bKash','বিকাশ','online','Active');
insert into "schoolerp".payment_mode (oid, payment_code, name_en, name_bn, payment_type, status) values ('schoolerp-payment-mode-oid-nagad','NAGAD','Nagad','নগদ','online','Active');
insert into "schoolerp".payment_mode (oid, payment_code, name_en, name_bn, payment_type, status) values ('schoolerp-payment-mode-oid-roket','ROKET','Rocket','রকেট','online','Active');
insert into "schoolerp".payment_mode (oid, payment_code, name_en, name_bn, payment_type, status) values ('schoolerp-payment-mode-oid-upay','UPAY','Upay','উপায়','online','Active');
insert into "schoolerp".payment_mode (oid, payment_code, name_en, name_bn, payment_type, status) values ('schoolerp-payment-mode-oid-debit-card','DEBIT_CARD','Debit Card','ডেবিট কার্ড','online','Active');
insert into "schoolerp".payment_mode (oid, payment_code, name_en, name_bn, payment_type, status) values ('schoolerp-payment-mode-oid-credit-card','CREDIT_CARD','Credit Card','ক্রেডিট কার্ড','online','Active');
commit;

-- fee_head_group
insert into "schoolerp".fee_head_group (oid, institute_oid, group_code, name_en, name_bn, status) values ('schoolerp-fee-head-group-oid-admission-101','SCHOOL-ERP-Demo-School-001','101','Admission','ভর্তি','Active');
insert into "schoolerp".fee_head_group (oid, institute_oid, group_code, name_en, name_bn, status) values ('schoolerp-fee-head-group-oid-tution-102','SCHOOL-ERP-Demo-School-001','102','Tuition','টিউশন','Active');
insert into "schoolerp".fee_head_group (oid, institute_oid, group_code, name_en, name_bn, status) values ('schoolerp-fee-head-group-oid-exam-103','SCHOOL-ERP-Demo-School-001','103','Exam','পরীক্ষা','Active');
insert into "schoolerp".fee_head_group (oid, institute_oid, group_code, name_en, name_bn, status) values ('SCHOOL-ERP-Adarsha-Institute-Fee-Head-Group-Oid-Admission-101','SCHOOL-ERP-Demo-School-Adarsha-High-School-And-College','101','Admission','ভর্তি','Active');
insert into "schoolerp".fee_head_group (oid, institute_oid, group_code, name_en, name_bn, status) values ('SCHOOL-ERP-Adarsha-Institute-Fee-Head-Group-Oid-Tuition-Tuition-102','SCHOOL-ERP-Demo-School-Adarsha-High-School-And-College','102','Tuition','টিউশন','Active');
insert into "schoolerp".fee_head_group (oid, institute_oid, group_code, name_en, name_bn, status) values ('SCHOOL-ERP-Adarsha-Institute-Fee-Head-Group-Oid-Exam-103','SCHOOL-ERP-Demo-School-Adarsha-High-School-And-College','103','Exam','পরীক্ষা','Active');
insert into "schoolerp".fee_head_group (oid, institute_oid, group_code, name_en, name_bn, status) values ('SCHOOL-ERP-Sharif-Ullah-Institute-Fee-Head-Group-Oid-Admission-101','SCHOOL-ERP-Demo-School-Sharif-Ullah-High-School-And-College','101','Admission','ভর্তি','Active');
insert into "schoolerp".fee_head_group (oid, institute_oid, group_code, name_en, name_bn, status) values ('SCHOOL-ERP-Sharif-Ullah-Institute-Fee-Head-Group-Oid-Tuition-102','SCHOOL-ERP-Demo-School-Sharif-Ullah-High-School-And-College','102','Tuition','টিউশন','Active');
insert into "schoolerp".fee_head_group (oid, institute_oid, group_code, name_en, name_bn, status) values ('SCHOOL-ERP-Sharif-Ullah-Institute-Fee-Head-Group-Oid-Exam-103','SCHOOL-ERP-Demo-School-Sharif-Ullah-High-School-And-College','103','Exam','পরীক্ষা','Active');
commit;

-- fee_head
insert into "schoolerp".fee_head (oid, institute_oid, head_code, name_en, name_bn, head_type, status) values ('schoolerp-fee-head-oid-admission-fee','SCHOOL-ERP-Demo-School-001','ADMISSION_FEE-1001','Admission Fee','ভর্তি ফী','One-Time','Active');
insert into "schoolerp".fee_head (oid, institute_oid, head_code, name_en, name_bn, head_type, status) values ('schoolerp-fee-head-oid-tuition-fee','SCHOOL-ERP-Demo-School-001','TUITION_FEE-1002','Tuition Fee','টিউশন ফী','Monthly','Active');
insert into "schoolerp".fee_head (oid, institute_oid, head_code, name_en, name_bn, head_type, status) values ('schoolerp-fee-head-oid-exam-fee','SCHOOL-ERP-Demo-School-001','EXAM_FEE-1003','Exam Fee','পরীক্ষার ফী','One-Time','Active');
insert into "schoolerp".fee_head (oid, institute_oid, head_code, name_en, name_bn, head_type, status) values ('schoolerp-fee-head-oid-caution-money','SCHOOL-ERP-Demo-School-001','CAUTION_MONEY-1004','Caution money','সতর্কতা টাকা','One-Time','Active');
insert into "schoolerp".fee_head (oid, institute_oid, head_code, name_en, name_bn, head_type, status) values ('schoolerp-fee-head-oid-annual-charge','SCHOOL-ERP-Demo-School-001','ANNUAL_CHARGE-1005','Annual Charge','বাৎসরিক চার্জ','One-Time','Active');
insert into "schoolerp".fee_head (oid, institute_oid, head_code, name_en, name_bn, head_type, status) values ('schoolerp-fee-head-oid-development-charge','SCHOOL-ERP-Demo-School-001','DEVELOPMENT_CHARGE-1006','Development Charge','উন্নয়ন চার্জ','One-Time','Active');
insert into "schoolerp".fee_head (oid, institute_oid, head_code, name_en, name_bn, head_type, status) values ('schoolerp-fee-head-oid-processing-fee','SCHOOL-ERP-Demo-School-001','PROCESSING_FEE-1007','Processing Fee','প্রক্রিয়াকরণ ফি','One-Time','Active');
insert into "schoolerp".fee_head (oid, institute_oid, head_code, name_en, name_bn, head_type, status) values ('schoolerp-fee-head-oid-late-fee','SCHOOL-ERP-Demo-School-001','LATE_FEE-1008','Late Fee','লেট ফি','One-Time','Active');
insert into "schoolerp".fee_head (oid, institute_oid, head_code, name_en, name_bn, head_type, status) values ('schoolerp-fee-head-oid-electricity-bill','SCHOOL-ERP-Demo-School-001','ELECTRICITY_BILL-1009','Electricity Bill','বিদ্যুৎ বিল','One-Time','Active');
insert into "schoolerp".fee_head (oid, institute_oid, head_code, name_en, name_bn, head_type, status) values ('schoolerp-fee-head-oid-utility-charge','SCHOOL-ERP-Demo-School-001','UTILITY_CHARGE-1010','Utility Charge','ইউটিলিটি চার্জ','One-Time','Active');
insert into "schoolerp".fee_head (oid, institute_oid, head_code, name_en, name_bn, head_type, status) values ('schoolerp-fee-head-oid-other','SCHOOL-ERP-Demo-School-001','OTHERS-1011','Others','অন্যান্য','One-Time','Active');
insert into "schoolerp".fee_head (oid, institute_oid, head_code, name_en, name_bn, head_type, status) values ('SCHOOL-ERP-Adarsha-Institute-Fee-Head-Oid-Admission-Fee','SCHOOL-ERP-Demo-School-Adarsha-High-School-And-College','ADMISSION_FEE-1001','Admission Fee','ভর্তি ফী','One-Time','Active');
insert into "schoolerp".fee_head (oid, institute_oid, head_code, name_en, name_bn, head_type, status) values ('SCHOOL-ERP-Adarsha-Institute-Fee-Head-Oid-Tuition-Fee','SCHOOL-ERP-Demo-School-Adarsha-High-School-And-College','TUITION_FEE-1002','Tuition Fee','টিউশন ফী','Monthly','Active');
insert into "schoolerp".fee_head (oid, institute_oid, head_code, name_en, name_bn, head_type, status) values ('SCHOOL-ERP-Adarsha-Institute-Fee-Head-Oid-Exam-Fee','SCHOOL-ERP-Demo-School-Adarsha-High-School-And-College','EXAM_FEE-1003','Exam Fee','পরীক্ষার ফী','One-Time','Active');
insert into "schoolerp".fee_head (oid, institute_oid, head_code, name_en, name_bn, head_type, status) values ('SCHOOL-ERP-Adarsha-Institute-Fee-Head-Oid-Caution-Money','SCHOOL-ERP-Demo-School-Adarsha-High-School-And-College','CAUTION_MONEY-1004','Caution money','সতর্কতা টাকা','One-Time','Active');
insert into "schoolerp".fee_head (oid, institute_oid, head_code, name_en, name_bn, head_type, status) values ('SCHOOL-ERP-Adarsha-Institute-Fee-Head-Oid-Annual-Charge','SCHOOL-ERP-Demo-School-Adarsha-High-School-And-College','ANNUAL_CHARGE-1005','Annual Charge','বাৎসরিক চার্জ','One-Time','Active');
insert into "schoolerp".fee_head (oid, institute_oid, head_code, name_en, name_bn, head_type, status) values ('SCHOOL-ERP-Adarsha-Institute-Fee-Head-Oid-Development-Charge','SCHOOL-ERP-Demo-School-Adarsha-High-School-And-College','DEVELOPMENT_CHARGE-1006','Development Charge','উন্নয়ন চার্জ','One-Time','Active');
insert into "schoolerp".fee_head (oid, institute_oid, head_code, name_en, name_bn, head_type, status) values ('SCHOOL-ERP-Adarsha-Institute-Fee-Head-Oid-Processing-Fee','SCHOOL-ERP-Demo-School-Adarsha-High-School-And-College','PROCESSING_FEE-1007','Processing Fee','প্রক্রিয়াকরণ ফি','One-Time','Active');
insert into "schoolerp".fee_head (oid, institute_oid, head_code, name_en, name_bn, head_type, status) values ('SCHOOL-ERP-Adarsha-Institute-Fee-Head-Oid-Late-Fee','SCHOOL-ERP-Demo-School-Adarsha-High-School-And-College','LATE_FEE-1008','Late Fee','লেট ফি','One-Time','Active');
insert into "schoolerp".fee_head (oid, institute_oid, head_code, name_en, name_bn, head_type, status) values ('SCHOOL-ERP-Adarsha-Institute-Fee-Head-Oid-Electricity-Bill','SCHOOL-ERP-Demo-School-Adarsha-High-School-And-College','ELECTRICITY_BILL-1009','Electricity Bill','বিদ্যুৎ বিল','One-Time','Active');
insert into "schoolerp".fee_head (oid, institute_oid, head_code, name_en, name_bn, head_type, status) values ('SCHOOL-ERP-Adarsha-Institute-Fee-Head-Oid-Utility-Charge','SCHOOL-ERP-Demo-School-Adarsha-High-School-And-College','UTILITY_CHARGE-1010','Utility Charge','ইউটিলিটি চার্জ','One-Time','Active');
insert into "schoolerp".fee_head (oid, institute_oid, head_code, name_en, name_bn, head_type, status) values ('SCHOOL-ERP-Adarsha-Institute-Fee-Head-Oid-Other','SCHOOL-ERP-Demo-School-Adarsha-High-School-And-College','OTHERS-1011','Others','অন্যান্য','One-Time','Active');
insert into "schoolerp".fee_head (oid, institute_oid, head_code, name_en, name_bn, head_type, status) values ('SCHOOL-ERP-Sharif-Ullah-Institute-Fee-Head-Oid-Admission-Fee','SCHOOL-ERP-Demo-School-Sharif-Ullah-High-School-And-College','ADMISSION_FEE','Admission Fee','ভর্তি ফী','One-Time','Active');
insert into "schoolerp".fee_head (oid, institute_oid, head_code, name_en, name_bn, head_type, status) values ('SCHOOL-ERP-Sharif-Ullah-Institute-Fee-Head-Oid-Admission-Form','SCHOOL-ERP-Demo-School-Sharif-Ullah-High-School-And-College','ADMISSION_FORM','Admission Form','ভর্তি ফরম','One-Time','Active');
insert into "schoolerp".fee_head (oid, institute_oid, head_code, name_en, name_bn, head_type, status) values ('SCHOOL-ERP-Sharif-Ullah-Institute-Fee-Head-Oid-Tuition-Fee','SCHOOL-ERP-Demo-School-Sharif-Ullah-High-School-And-College','TUITION_FEE','Tuition Fee','টিউশন ফী','Monthly','Active');
insert into "schoolerp".fee_head (oid, institute_oid, head_code, name_en, name_bn, head_type, status) values ('SCHOOL-ERP-Sharif-Ullah-Institute-Fee-Head-Oid-Exam-Fee','SCHOOL-ERP-Demo-School-Sharif-Ullah-High-School-And-College','EXAM_FEE','Exam Fee','পরীক্ষার ফী','One-Time','Active');
insert into "schoolerp".fee_head (oid, institute_oid, head_code, name_en, name_bn, head_type, status) values ('SCHOOL-ERP-Sharif-Ullah-Institute-Fee-Head-Oid-Caution-Money','SCHOOL-ERP-Demo-School-Sharif-Ullah-High-School-And-College','CAUTION_MONEY','Caution money','সতর্কতা টাকা','One-Time','Active');
insert into "schoolerp".fee_head (oid, institute_oid, head_code, name_en, name_bn, head_type, status) values ('SCHOOL-ERP-Sharif-Ullah-Institute-Fee-Head-Oid-Annual-Charge','SCHOOL-ERP-Demo-School-Sharif-Ullah-High-School-And-College','ANNUAL_CHARGE','Annual Charge','বাৎসরিক চার্জ','One-Time','Active');
insert into "schoolerp".fee_head (oid, institute_oid, head_code, name_en, name_bn, head_type, status) values ('SCHOOL-ERP-Sharif-Ullah-Institute-Fee-Head-Oid-Development-Fee','SCHOOL-ERP-Demo-School-Sharif-Ullah-High-School-And-College','DEVELOPMENT_FEE','Development Fee','উন্নয়ন ফি','One-Time','Active');
insert into "schoolerp".fee_head (oid, institute_oid, head_code, name_en, name_bn, head_type, status) values ('SCHOOL-ERP-Sharif-Ullah-Institute-Fee-Head-Oid-Processing-Fee','SCHOOL-ERP-Demo-School-Sharif-Ullah-High-School-And-College','PROCESSING_FEE','Processing Fee','প্রক্রিয়াকরণ ফি','One-Time','Active');
insert into "schoolerp".fee_head (oid, institute_oid, head_code, name_en, name_bn, head_type, status) values ('SCHOOL-ERP-Sharif-Ullah-Institute-Fee-Head-Oid-Late-Fee','SCHOOL-ERP-Demo-School-Sharif-Ullah-High-School-And-College','LATE_FEE','Late Fee','লেট ফি','One-Time','Active');
insert into "schoolerp".fee_head (oid, institute_oid, head_code, name_en, name_bn, head_type, status) values ('SCHOOL-ERP-Sharif-Ullah-Institute-Fee-Head-Oid-Electricity-Bill','SCHOOL-ERP-Demo-School-Sharif-Ullah-High-School-And-College','ELECTRICITY_BILL','Electricity Bill','বিদ্যুৎ বিল','One-Time','Active');
insert into "schoolerp".fee_head (oid, institute_oid, head_code, name_en, name_bn, head_type, status) values ('SCHOOL-ERP-Sharif-Ullah-Institute-Fee-Head-Oid-Utility-Charge','SCHOOL-ERP-Demo-School-Sharif-Ullah-High-School-And-College','UTILITY_CHARGE','Utility Charge','ইউটিলিটি চার্জ','One-Time','Active');
insert into "schoolerp".fee_head (oid, institute_oid, head_code, name_en, name_bn, head_type, status) values ('SCHOOL-ERP-Sharif-Ullah-Institute-Fee-Head-Oid-Other','SCHOOL-ERP-Demo-School-Sharif-Ullah-High-School-And-College','OTHERS','Others','অন্যান্য','One-Time','Active');
insert into "schoolerp".fee_head (oid, institute_oid, head_code, name_en, name_bn, head_type, status) values ('SCHOOL-ERP-Sharif-Ullah-Institute-Fee-Head-Oid-Current-Monthly-Fee','SCHOOL-ERP-Demo-School-Sharif-Ullah-High-School-And-College','CURRENT_MONTHLY_FEE','Current Monthly Fee','বর্তমান মাসিক ফি','Monthly','Active');
insert into "schoolerp".fee_head (oid, institute_oid, head_code, name_en, name_bn, head_type, status) values ('SCHOOL-ERP-Sharif-Ullah-Institute-Fee-Head-Oid-Due-Monthly-Fee','SCHOOL-ERP-Demo-School-Sharif-Ullah-High-School-And-College','DUE_MONTHLY_FEE','Due Monthly Fee','বকেয়া মাসিক ফি','Monthly','Active');
insert into "schoolerp".fee_head (oid, institute_oid, head_code, name_en, name_bn, head_type, status) values ('SCHOOL-ERP-Sharif-Ullah-Institute-Fee-Head-Oid-Advance-Monthly-Fee','SCHOOL-ERP-Demo-School-Sharif-Ullah-High-School-And-College','ADVANCE_MONTHLY_FEE','Advance Monthly Fee','অগ্রিম মাসিক ফি','One-Time','Active');
insert into "schoolerp".fee_head (oid, institute_oid, head_code, name_en, name_bn, head_type, status) values ('SCHOOL-ERP-Sharif-Ullah-Institute-Fee-Head-Oid-Admission-Or-Re-Admission-Fee','SCHOOL-ERP-Demo-School-Sharif-Ullah-High-School-And-College','ADMISSION_FEE','Admission/Re-Admission Fee','ভর্তি/পুনরায় ভর্তি ফি','One-Time','Active');
insert into "schoolerp".fee_head (oid, institute_oid, head_code, name_en, name_bn, head_type, status) values ('SCHOOL-ERP-Sharif-Ullah-Institute-Fee-Head-Oid-Sports','SCHOOL-ERP-Demo-School-Sharif-Ullah-High-School-And-College','SPORTS','Sports','খেলাধুলা','One-Time','Active');
insert into "schoolerp".fee_head (oid, institute_oid, head_code, name_en, name_bn, head_type, status) values ('SCHOOL-ERP-Sharif-Ullah-Institute-Fee-Head-Oid-Poverty-Fund','SCHOOL-ERP-Demo-School-Sharif-Ullah-High-School-And-College','POVERTY_FUND','Poverty Fund','দারিদ্র্য তহবিল','One-Time','Active');
insert into "schoolerp".fee_head (oid, institute_oid, head_code, name_en, name_bn, head_type, status) values ('SCHOOL-ERP-Sharif-Ullah-Institute-Fee-Head-Oid-Exam-Fee-Mid Term','SCHOOL-ERP-Demo-School-Sharif-Ullah-High-School-And-College','EXAM_FEE_MID_TERM','Exam Fee - Mid Term','পরীক্ষার ফি- অর্ধবার্ষিক পরীক্ষা','One-Time','Active');
insert into "schoolerp".fee_head (oid, institute_oid, head_code, name_en, name_bn, head_type, status) values ('SCHOOL-ERP-Sharif-Ullah-Institute-Fee-Head-Oid-Exam-Fee-Final Term','SCHOOL-ERP-Demo-School-Sharif-Ullah-High-School-And-College','EXAM_FEE_FINAL_TERM','Exam Fee - Final Term','পরীক্ষার ফি- বার্ষিক পরীক্ষা','One-Time','Active');
insert into "schoolerp".fee_head (oid, institute_oid, head_code, name_en, name_bn, head_type, status) values ('SCHOOL-ERP-Sharif-Ullah-Institute-Fee-Head-Oid-Exam-Fee-Test','SCHOOL-ERP-Demo-School-Sharif-Ullah-High-School-And-College','EXAM_FEE_TEST','Exam Fee - Test','পরীক্ষার ফি- টেস্ট','One-Time','Active');
insert into "schoolerp".fee_head (oid, institute_oid, head_code, name_en, name_bn, head_type, status) values ('SCHOOL-ERP-Sharif-Ullah-Institute-Fee-Head-Oid-Exam-Fee-Pre-Test','SCHOOL-ERP-Demo-School-Sharif-Ullah-High-School-And-College','EXAM_FEE_PRE_TEST','Exam Fee - Pre-Test','পরীক্ষার ফি- প্রি টেস্ট','One-Time','Active');
insert into "schoolerp".fee_head (oid, institute_oid, head_code, name_en, name_bn, head_type, status) values ('SCHOOL-ERP-Sharif-Ullah-Institute-Fee-Head-Oid-Board-Fee-SSC','SCHOOL-ERP-Demo-School-Sharif-Ullah-High-School-And-College','BOARD_FEE_SSC','Board Fee - SSC','বোর্ড ফি- এসএসসি','One-Time','Active');
insert into "schoolerp".fee_head (oid, institute_oid, head_code, name_en, name_bn, head_type, status) values ('SCHOOL-ERP-Sharif-Ullah-Institute-Fee-Head-Oid-Board-Fee-HSC','SCHOOL-ERP-Demo-School-Sharif-Ullah-High-School-And-College','BOARD_FEE_HSC','Board Fee - HSC','বোর্ড ফি- এইচএসসি','One-Time','Active');
insert into "schoolerp".fee_head (oid, institute_oid, head_code, name_en, name_bn, head_type, status) values ('SCHOOL-ERP-Sharif-Ullah-Institute-Fee-Head-Oid-Board-Fee-JSC','SCHOOL-ERP-Demo-School-Sharif-Ullah-High-School-And-College','BOARD_FEE_JSC','Board Fee - JSC','বোর্ড ফি- জেএসসি','One-Time','Active');
insert into "schoolerp".fee_head (oid, institute_oid, head_code, name_en, name_bn, head_type, status) values ('SCHOOL-ERP-Sharif-Ullah-Institute-Fee-Head-Oid-Board-Fee-Center Fee','SCHOOL-ERP-Demo-School-Sharif-Ullah-High-School-And-College','BOARD_FEE','Board Fee / Center Fee','বোর্ড ফি / সেন্টার ফি','One-Time','Active');
insert into "schoolerp".fee_head (oid, institute_oid, head_code, name_en, name_bn, head_type, status) values ('SCHOOL-ERP-Sharif-Ullah-Institute-Fee-Head-Oid-Registration-Fee','SCHOOL-ERP-Demo-School-Sharif-Ullah-High-School-And-College','REGIATRATION_FEE','Registration Fee','নিবন্ধন ফি','One-Time','Active');
insert into "schoolerp".fee_head (oid, institute_oid, head_code, name_en, name_bn, head_type, status) values ('SCHOOL-ERP-Sharif-Ullah-Institute-Fee-Head-Oid-Red-Crisent','SCHOOL-ERP-Demo-School-Sharif-Ullah-High-School-And-College','RED_CRISENT','Red Crisent','রেড ক্রিসেন্ট','One-Time','Active');
insert into "schoolerp".fee_head (oid, institute_oid, head_code, name_en, name_bn, head_type, status) values ('SCHOOL-ERP-Sharif-Ullah-Institute-Fee-Head-Oid-Scout','SCHOOL-ERP-Demo-School-Sharif-Ullah-High-School-And-College','SCOUT','Scout','স্কাউট','One-Time','Active');
insert into "schoolerp".fee_head (oid, institute_oid, head_code, name_en, name_bn, head_type, status) values ('SCHOOL-ERP-Sharif-Ullah-Institute-Fee-Head-Oid-Library-Fee','SCHOOL-ERP-Demo-School-Sharif-Ullah-High-School-And-College','LIBRARY_FEE','Library Fee','লাইব্রেরি ফি','One-Time','Active');
insert into "schoolerp".fee_head (oid, institute_oid, head_code, name_en, name_bn, head_type, status) values ('SCHOOL-ERP-Sharif-Ullah-Institute-Fee-Head-Oid-Character-Certificate-Certificate','SCHOOL-ERP-Demo-School-Sharif-Ullah-High-School-And-College','CERTIFICATE','Character Certificate/ Certificate','ক্যারেক্টার সার্টিফিকেট/ সার্টিফিকেট','One-Time','Active');
insert into "schoolerp".fee_head (oid, institute_oid, head_code, name_en, name_bn, head_type, status) values ('SCHOOL-ERP-Sharif-Ullah-Institute-Fee-Head-Oid-Mosque-Fund','SCHOOL-ERP-Demo-School-Sharif-Ullah-High-School-And-College','MOSQUE_FUND','Mosque Fund','মসজিদ তহবিল','One-Time','Active');
insert into "schoolerp".fee_head (oid, institute_oid, head_code, name_en, name_bn, head_type, status) values ('SCHOOL-ERP-Sharif-Ullah-Institute-Fee-Head-Oid-Syllabus-And-Monogram','SCHOOL-ERP-Demo-School-Sharif-Ullah-High-School-And-College','SYLLABUS_AND_MONOGRAM','Syllabus And Monogram','সিলেবাস এবং মনোগ্রাম','One-Time','Active');
insert into "schoolerp".fee_head (oid, institute_oid, head_code, name_en, name_bn, head_type, status) values ('SCHOOL-ERP-Sharif-Ullah-Institute-Fee-Head-Oid-Science-Lab','SCHOOL-ERP-Demo-School-Sharif-Ullah-High-School-And-College','SCIENCE_LAB','Science Lab','বিজ্ঞানাগার','One-Time','Active');
commit;

-- fee_head_group_mapping
insert into "schoolerp".fee_head_group_mapping (oid, head_code, fee_head_oid, group_code, group_oid, institute_oid, institute_class_oid, session_oid, name_en, name_bn, remarks, status) values ('SCHOOL-ERP-Fee-Head-Group-Mapping-Demo-School-001-101101','ADMISSION_FEE-1001','schoolerp-fee-head-oid-admission-fee','101','schoolerp-fee-head-group-oid-admission-101','SCHOOL-ERP-Demo-School-001','SCHOOL-ERP-Institute-Class-6','SCHOOL-ERP-Institute-Session-2022','Admission Fee','Admission Fee','Test Purpose','Active');
insert into "schoolerp".fee_head_group_mapping (oid, head_code, fee_head_oid, group_code, group_oid, institute_oid, institute_class_oid, session_oid, name_en, name_bn, remarks, status) values ('SCHOOL-ERP-Fee-Head-Group-Mapping-Demo-School-001-101102','ANNUAL_CHARGE-1005','schoolerp-fee-head-oid-annual-charge','101','schoolerp-fee-head-group-oid-admission-101','SCHOOL-ERP-Demo-School-001','SCHOOL-ERP-Institute-Class-6','SCHOOL-ERP-Institute-Session-2022','Annual Charge','Annual Charge','Test Purpose','Active');
insert into "schoolerp".fee_head_group_mapping (oid, head_code, fee_head_oid, group_code, group_oid, institute_oid, institute_class_oid, session_oid, name_en, name_bn, remarks, status) values ('SCHOOL-ERP-Fee-Head-Group-Mapping-Demo-School-001-101103','DEVELOPMENT_CHARGE-1006','schoolerp-fee-head-oid-development-charge','101','schoolerp-fee-head-group-oid-admission-101','SCHOOL-ERP-Demo-School-001','SCHOOL-ERP-Institute-Class-6','SCHOOL-ERP-Institute-Session-2022','Development Charge','উন্নয়ন চার্জ','Test Purpose','Active');
insert into "schoolerp".fee_head_group_mapping (oid, head_code, fee_head_oid, group_code, group_oid, institute_oid, institute_class_oid, session_oid, name_en, name_bn, remarks, status) values ('SCHOOL-ERP-Fee-Head-Group-Mapping-Demo-School-001-101104','UTILITY_CHARGE-1010','schoolerp-fee-head-oid-utility-charge','101','schoolerp-fee-head-group-oid-admission-101','SCHOOL-ERP-Demo-School-001','SCHOOL-ERP-Institute-Class-6','SCHOOL-ERP-Institute-Session-2022','Others','Annual Charge','Test Purpose','Active');
insert into "schoolerp".fee_head_group_mapping (oid, head_code, fee_head_oid, group_code, group_oid, institute_oid, institute_class_oid, session_oid, name_en, name_bn, remarks, status) values ('SCHOOL-ERP-Fee-Head-Group-Mapping-Demo-School-001-101105','OTHERS-1011','schoolerp-fee-head-oid-other','101','schoolerp-fee-head-group-oid-admission-101','SCHOOL-ERP-Demo-School-001','SCHOOL-ERP-Institute-Class-6','SCHOOL-ERP-Institute-Session-2022','Utility Charge','ইউটিলিটি চার্জ','Test Purpose','Active');
insert into "schoolerp".fee_head_group_mapping (oid, head_code, fee_head_oid, group_code, group_oid, institute_oid, institute_class_oid, session_oid, name_en, name_bn, remarks, status) values ('SCHOOL-ERP-103905-S-2022-C-06-Fee-Head-Group-Mapping-Oid-Admission-Fee','ADMISSION_FEE','SCHOOL-ERP-Sharif-Ullah-Institute-Fee-Head-Oid-Admission-Fee','101','SCHOOL-ERP-Sharif-Ullah-Institute-Fee-Head-Group-Oid-Admission-101','SCHOOL-ERP-Demo-School-Sharif-Ullah-High-School-And-College','SCHOOL-ERP-Sharif-Ullah-Institute-Class-6','SCHOOL-ERP-Sharif-Ullah-Institute-Session-2022','Admission Fee','ভর্তি ফী',null,'Active');
insert into "schoolerp".fee_head_group_mapping (oid, head_code, fee_head_oid, group_code, group_oid, institute_oid, institute_class_oid, session_oid, name_en, name_bn, remarks, status) values ('SCHOOL-ERP-103905-S-2022-C-06-Fee-Head-Group-Mapping-Oid-Development-Fee','DEVELOPMENT_FEE','SCHOOL-ERP-Sharif-Ullah-Institute-Fee-Head-Oid-Development-Fee','101','SCHOOL-ERP-Sharif-Ullah-Institute-Fee-Head-Group-Oid-Admission-101','SCHOOL-ERP-Demo-School-Sharif-Ullah-High-School-And-College','SCHOOL-ERP-Sharif-Ullah-Institute-Class-6','SCHOOL-ERP-Sharif-Ullah-Institute-Session-2022','Development Fee','উন্নয়ন ফি',null,'Active');
insert into "schoolerp".fee_head_group_mapping (oid, head_code, fee_head_oid, group_code, group_oid, institute_oid, institute_class_oid, session_oid, name_en, name_bn, remarks, status) values ('SCHOOL-ERP-103905-S-2022-C-06-Fee-Head-Group-Mapping-Oid-Admission-Form','ADMISSION_FORM','SCHOOL-ERP-Sharif-Ullah-Institute-Fee-Head-Oid-Admission-Form','101','SCHOOL-ERP-Sharif-Ullah-Institute-Fee-Head-Group-Oid-Admission-101','SCHOOL-ERP-Demo-School-Sharif-Ullah-High-School-And-College','SCHOOL-ERP-Sharif-Ullah-Institute-Class-6','SCHOOL-ERP-Sharif-Ullah-Institute-Session-2022','Admission Form','ভর্তি ফরম',null,'Active');
insert into "schoolerp".fee_head_group_mapping (oid, head_code, fee_head_oid, group_code, group_oid, institute_oid, institute_class_oid, session_oid, name_en, name_bn, remarks, status) values ('SCHOOL-ERP-103905-S-2022-C-06-Fee-Head-Group-Mapping-Oid-Electricity-Bill','ELECTRICITY_BILL','SCHOOL-ERP-Sharif-Ullah-Institute-Fee-Head-Oid-Electricity-Bill','101','SCHOOL-ERP-Sharif-Ullah-Institute-Fee-Head-Group-Oid-Admission-101','SCHOOL-ERP-Demo-School-Sharif-Ullah-High-School-And-College','SCHOOL-ERP-Sharif-Ullah-Institute-Class-6','SCHOOL-ERP-Sharif-Ullah-Institute-Session-2022','Electricity Bill','বিদ্যুৎ বিল',null,'Active');
insert into "schoolerp".fee_head_group_mapping (oid, head_code, fee_head_oid, group_code, group_oid, institute_oid, institute_class_oid, session_oid, name_en, name_bn, remarks, status) values ('SCHOOL-ERP-103905-S-2022-C-06-Fee-Head-Group-Mapping-Oid-Sports','SPORTS','SCHOOL-ERP-Sharif-Ullah-Institute-Fee-Head-Oid-Sports','101','SCHOOL-ERP-Sharif-Ullah-Institute-Fee-Head-Group-Oid-Admission-101','SCHOOL-ERP-Demo-School-Sharif-Ullah-High-School-And-College','SCHOOL-ERP-Sharif-Ullah-Institute-Class-6','SCHOOL-ERP-Sharif-Ullah-Institute-Session-2022','Sports','খেলাধুলা',null,'Active');
insert into "schoolerp".fee_head_group_mapping (oid, head_code, fee_head_oid, group_code, group_oid, institute_oid, institute_class_oid, session_oid, name_en, name_bn, remarks, status) values ('SCHOOL-ERP-103905-S-2022-C-06-Fee-Head-Group-Mapping-Oid-Syllabus-And-Monogram','SYLLABUS_AND_MONOGRAM','SCHOOL-ERP-Sharif-Ullah-Institute-Fee-Head-Oid-Syllabus-And-Monogram','101','SCHOOL-ERP-Sharif-Ullah-Institute-Fee-Head-Group-Oid-Admission-101','SCHOOL-ERP-Demo-School-Sharif-Ullah-High-School-And-College','SCHOOL-ERP-Sharif-Ullah-Institute-Class-6','SCHOOL-ERP-Sharif-Ullah-Institute-Session-2022','Syllabus And Monogram','সিলেবাস এবং মনোগ্রাম',null,'Active');
insert into "schoolerp".fee_head_group_mapping (oid, head_code, fee_head_oid, group_code, group_oid, institute_oid, institute_class_oid, session_oid, name_en, name_bn, remarks, status) values ('SCHOOL-ERP-103905-S-2022-C-06-Fee-Head-Group-Mapping-Oid-Scout','SCOUT','SCHOOL-ERP-Sharif-Ullah-Institute-Fee-Head-Oid-Scout','101','SCHOOL-ERP-Sharif-Ullah-Institute-Fee-Head-Group-Oid-Admission-101','SCHOOL-ERP-Demo-School-Sharif-Ullah-High-School-And-College','SCHOOL-ERP-Sharif-Ullah-Institute-Class-6','SCHOOL-ERP-Sharif-Ullah-Institute-Session-2022','Scout','স্কাউট',null,'Active');
insert into "schoolerp".fee_head_group_mapping (oid, head_code, fee_head_oid, group_code, group_oid, institute_oid, institute_class_oid, session_oid, name_en, name_bn, remarks, status) values ('SCHOOL-ERP-103905-S-2022-C-06-Fee-Head-Group-Mapping-Oid-Red-Crisent','RED_CRISENT','SCHOOL-ERP-Sharif-Ullah-Institute-Fee-Head-Oid-Red-Crisent','101','SCHOOL-ERP-Sharif-Ullah-Institute-Fee-Head-Group-Oid-Admission-101','SCHOOL-ERP-Demo-School-Sharif-Ullah-High-School-And-College','SCHOOL-ERP-Sharif-Ullah-Institute-Class-6','SCHOOL-ERP-Sharif-Ullah-Institute-Session-2022','Red Crisent','রেড ক্রিসেন্ট',null,'Active');
insert into "schoolerp".fee_head_group_mapping (oid, head_code, fee_head_oid, group_code, group_oid, institute_oid, institute_class_oid, session_oid, name_en, name_bn, remarks, status) values ('SCHOOL-ERP-103905-S-2022-C-06-Fee-Head-Group-Mapping-Oid-Library-Fee','LIBRARY_FEE','SCHOOL-ERP-Sharif-Ullah-Institute-Fee-Head-Oid-Library-Fee','101','SCHOOL-ERP-Sharif-Ullah-Institute-Fee-Head-Group-Oid-Admission-101','SCHOOL-ERP-Demo-School-Sharif-Ullah-High-School-And-College','SCHOOL-ERP-Sharif-Ullah-Institute-Class-6','SCHOOL-ERP-Sharif-Ullah-Institute-Session-2022','Library Fee','লাইব্রেরি ফি',null,'Active');
insert into "schoolerp".fee_head_group_mapping (oid, head_code, fee_head_oid, group_code, group_oid, institute_oid, institute_class_oid, session_oid, name_en, name_bn, remarks, status) values ('SCHOOL-ERP-103905-S-2022-C-06-Fee-Head-Group-Mapping-Oid-Science-Lab','SCIENCE_LAB','SCHOOL-ERP-Sharif-Ullah-Institute-Fee-Head-Oid-Science-Lab','101','SCHOOL-ERP-Sharif-Ullah-Institute-Fee-Head-Group-Oid-Admission-101','SCHOOL-ERP-Demo-School-Sharif-Ullah-High-School-And-College','SCHOOL-ERP-Sharif-Ullah-Institute-Class-6','SCHOOL-ERP-Sharif-Ullah-Institute-Session-2022','Science Lab','বিজ্ঞানাগার',null,'Active');
insert into "schoolerp".fee_head_group_mapping (oid, head_code, fee_head_oid, group_code, group_oid, institute_oid, institute_class_oid, session_oid, name_en, name_bn, remarks, status) values ('SCHOOL-ERP-103905-S-2022-C-07-Fee-Head-Group-Mapping-Oid-Admission-Fee','ADMISSION_FEE','SCHOOL-ERP-Sharif-Ullah-Institute-Fee-Head-Oid-Admission-Fee','101','SCHOOL-ERP-Sharif-Ullah-Institute-Fee-Head-Group-Oid-Admission-101','SCHOOL-ERP-Demo-School-Sharif-Ullah-High-School-And-College','SCHOOL-ERP-Sharif-Ullah-Institute-Class-7','SCHOOL-ERP-Sharif-Ullah-Institute-Session-2022','Admission Fee','ভর্তি ফী',null,'Active');
insert into "schoolerp".fee_head_group_mapping (oid, head_code, fee_head_oid, group_code, group_oid, institute_oid, institute_class_oid, session_oid, name_en, name_bn, remarks, status) values ('SCHOOL-ERP-103905-S-2022-C-07-Fee-Head-Group-Mapping-Oid-Development-Fee','DEVELOPMENT_FEE','SCHOOL-ERP-Sharif-Ullah-Institute-Fee-Head-Oid-Development-Fee','101','SCHOOL-ERP-Sharif-Ullah-Institute-Fee-Head-Group-Oid-Admission-101','SCHOOL-ERP-Demo-School-Sharif-Ullah-High-School-And-College','SCHOOL-ERP-Sharif-Ullah-Institute-Class-7','SCHOOL-ERP-Sharif-Ullah-Institute-Session-2022','Development Fee','উন্নয়ন ফি',null,'Active');
insert into "schoolerp".fee_head_group_mapping (oid, head_code, fee_head_oid, group_code, group_oid, institute_oid, institute_class_oid, session_oid, name_en, name_bn, remarks, status) values ('SCHOOL-ERP-103905-S-2022-C-07-Fee-Head-Group-Mapping-Oid-Admission-Form','ADMISSION_FORM','SCHOOL-ERP-Sharif-Ullah-Institute-Fee-Head-Oid-Admission-Form','101','SCHOOL-ERP-Sharif-Ullah-Institute-Fee-Head-Group-Oid-Admission-101','SCHOOL-ERP-Demo-School-Sharif-Ullah-High-School-And-College','SCHOOL-ERP-Sharif-Ullah-Institute-Class-7','SCHOOL-ERP-Sharif-Ullah-Institute-Session-2022','Admission Form','ভর্তি ফরম',null,'Active');
insert into "schoolerp".fee_head_group_mapping (oid, head_code, fee_head_oid, group_code, group_oid, institute_oid, institute_class_oid, session_oid, name_en, name_bn, remarks, status) values ('SCHOOL-ERP-103905-S-2022-C-07-Fee-Head-Group-Mapping-Oid-Electricity-Bill','ELECTRICITY_BILL','SCHOOL-ERP-Sharif-Ullah-Institute-Fee-Head-Oid-Electricity-Bill','101','SCHOOL-ERP-Sharif-Ullah-Institute-Fee-Head-Group-Oid-Admission-101','SCHOOL-ERP-Demo-School-Sharif-Ullah-High-School-And-College','SCHOOL-ERP-Sharif-Ullah-Institute-Class-7','SCHOOL-ERP-Sharif-Ullah-Institute-Session-2022','Electricity Bill','বিদ্যুৎ বিল',null,'Active');
insert into "schoolerp".fee_head_group_mapping (oid, head_code, fee_head_oid, group_code, group_oid, institute_oid, institute_class_oid, session_oid, name_en, name_bn, remarks, status) values ('SCHOOL-ERP-103905-S-2022-C-07-Fee-Head-Group-Mapping-Oid-Sports','SPORTS','SCHOOL-ERP-Sharif-Ullah-Institute-Fee-Head-Oid-Sports','101','SCHOOL-ERP-Sharif-Ullah-Institute-Fee-Head-Group-Oid-Admission-101','SCHOOL-ERP-Demo-School-Sharif-Ullah-High-School-And-College','SCHOOL-ERP-Sharif-Ullah-Institute-Class-7','SCHOOL-ERP-Sharif-Ullah-Institute-Session-2022','Sports','খেলাধুলা',null,'Active');
insert into "schoolerp".fee_head_group_mapping (oid, head_code, fee_head_oid, group_code, group_oid, institute_oid, institute_class_oid, session_oid, name_en, name_bn, remarks, status) values ('SCHOOL-ERP-103905-S-2022-C-07-Fee-Head-Group-Mapping-Oid-Syllabus-And-Monogram','SYLLABUS_AND_MONOGRAM','SCHOOL-ERP-Sharif-Ullah-Institute-Fee-Head-Oid-Syllabus-And-Monogram','101','SCHOOL-ERP-Sharif-Ullah-Institute-Fee-Head-Group-Oid-Admission-101','SCHOOL-ERP-Demo-School-Sharif-Ullah-High-School-And-College','SCHOOL-ERP-Sharif-Ullah-Institute-Class-7','SCHOOL-ERP-Sharif-Ullah-Institute-Session-2022','Syllabus And Monogram','সিলেবাস এবং মনোগ্রাম',null,'Active');
insert into "schoolerp".fee_head_group_mapping (oid, head_code, fee_head_oid, group_code, group_oid, institute_oid, institute_class_oid, session_oid, name_en, name_bn, remarks, status) values ('SCHOOL-ERP-103905-S-2022-C-07-Fee-Head-Group-Mapping-Oid-Scout','SCOUT','SCHOOL-ERP-Sharif-Ullah-Institute-Fee-Head-Oid-Scout','101','SCHOOL-ERP-Sharif-Ullah-Institute-Fee-Head-Group-Oid-Admission-101','SCHOOL-ERP-Demo-School-Sharif-Ullah-High-School-And-College','SCHOOL-ERP-Sharif-Ullah-Institute-Class-7','SCHOOL-ERP-Sharif-Ullah-Institute-Session-2022','Scout','স্কাউট',null,'Active');
insert into "schoolerp".fee_head_group_mapping (oid, head_code, fee_head_oid, group_code, group_oid, institute_oid, institute_class_oid, session_oid, name_en, name_bn, remarks, status) values ('SCHOOL-ERP-103905-S-2022-C-07-Fee-Head-Group-Mapping-Oid-Red-Crisent','RED_CRISENT','SCHOOL-ERP-Sharif-Ullah-Institute-Fee-Head-Oid-Red-Crisent','101','SCHOOL-ERP-Sharif-Ullah-Institute-Fee-Head-Group-Oid-Admission-101','SCHOOL-ERP-Demo-School-Sharif-Ullah-High-School-And-College','SCHOOL-ERP-Sharif-Ullah-Institute-Class-7','SCHOOL-ERP-Sharif-Ullah-Institute-Session-2022','Red Crisent','রেড ক্রিসেন্ট',null,'Active');
insert into "schoolerp".fee_head_group_mapping (oid, head_code, fee_head_oid, group_code, group_oid, institute_oid, institute_class_oid, session_oid, name_en, name_bn, remarks, status) values ('SCHOOL-ERP-103905-S-2022-C-07-Fee-Head-Group-Mapping-Oid-Library-Fee','LIBRARY_FEE','SCHOOL-ERP-Sharif-Ullah-Institute-Fee-Head-Oid-Library-Fee','101','SCHOOL-ERP-Sharif-Ullah-Institute-Fee-Head-Group-Oid-Admission-101','SCHOOL-ERP-Demo-School-Sharif-Ullah-High-School-And-College','SCHOOL-ERP-Sharif-Ullah-Institute-Class-7','SCHOOL-ERP-Sharif-Ullah-Institute-Session-2022','Library Fee','লাইব্রেরি ফি',null,'Active');
insert into "schoolerp".fee_head_group_mapping (oid, head_code, fee_head_oid, group_code, group_oid, institute_oid, institute_class_oid, session_oid, name_en, name_bn, remarks, status) values ('SCHOOL-ERP-103905-S-2022-C-07-Fee-Head-Group-Mapping-Oid-Science-Lab','SCIENCE_LAB','SCHOOL-ERP-Sharif-Ullah-Institute-Fee-Head-Oid-Science-Lab','101','SCHOOL-ERP-Sharif-Ullah-Institute-Fee-Head-Group-Oid-Admission-101','SCHOOL-ERP-Demo-School-Sharif-Ullah-High-School-And-College','SCHOOL-ERP-Sharif-Ullah-Institute-Class-7','SCHOOL-ERP-Sharif-Ullah-Institute-Session-2022','Science Lab','বিজ্ঞানাগার',null,'Active');
insert into "schoolerp".fee_head_group_mapping (oid, head_code, fee_head_oid, group_code, group_oid, institute_oid, institute_class_oid, session_oid, name_en, name_bn, remarks, status) values ('SCHOOL-ERP-103905-S-2022-C-08-Fee-Head-Group-Mapping-Oid-Admission-Fee','ADMISSION_FEE','SCHOOL-ERP-Sharif-Ullah-Institute-Fee-Head-Oid-Admission-Fee','101','SCHOOL-ERP-Sharif-Ullah-Institute-Fee-Head-Group-Oid-Admission-101','SCHOOL-ERP-Demo-School-Sharif-Ullah-High-School-And-College','SCHOOL-ERP-Sharif-Ullah-Institute-Class-8','SCHOOL-ERP-Sharif-Ullah-Institute-Session-2022','Admission Fee','ভর্তি ফী',null,'Active');
insert into "schoolerp".fee_head_group_mapping (oid, head_code, fee_head_oid, group_code, group_oid, institute_oid, institute_class_oid, session_oid, name_en, name_bn, remarks, status) values ('SCHOOL-ERP-103905-S-2022-C-08-Fee-Head-Group-Mapping-Oid-Development-Fee','DEVELOPMENT_FEE','SCHOOL-ERP-Sharif-Ullah-Institute-Fee-Head-Oid-Development-Fee','101','SCHOOL-ERP-Sharif-Ullah-Institute-Fee-Head-Group-Oid-Admission-101','SCHOOL-ERP-Demo-School-Sharif-Ullah-High-School-And-College','SCHOOL-ERP-Sharif-Ullah-Institute-Class-8','SCHOOL-ERP-Sharif-Ullah-Institute-Session-2022','Development Fee','উন্নয়ন ফি',null,'Active');
insert into "schoolerp".fee_head_group_mapping (oid, head_code, fee_head_oid, group_code, group_oid, institute_oid, institute_class_oid, session_oid, name_en, name_bn, remarks, status) values ('SCHOOL-ERP-103905-S-2022-C-08-Fee-Head-Group-Mapping-Oid-Admission-Form','ADMISSION_FORM','SCHOOL-ERP-Sharif-Ullah-Institute-Fee-Head-Oid-Admission-Form','101','SCHOOL-ERP-Sharif-Ullah-Institute-Fee-Head-Group-Oid-Admission-101','SCHOOL-ERP-Demo-School-Sharif-Ullah-High-School-And-College','SCHOOL-ERP-Sharif-Ullah-Institute-Class-8','SCHOOL-ERP-Sharif-Ullah-Institute-Session-2022','Admission Form','ভর্তি ফরম',null,'Active');
insert into "schoolerp".fee_head_group_mapping (oid, head_code, fee_head_oid, group_code, group_oid, institute_oid, institute_class_oid, session_oid, name_en, name_bn, remarks, status) values ('SCHOOL-ERP-103905-S-2022-C-08-Fee-Head-Group-Mapping-Oid-Electricity-Bill','ELECTRICITY_BILL','SCHOOL-ERP-Sharif-Ullah-Institute-Fee-Head-Oid-Electricity-Bill','101','SCHOOL-ERP-Sharif-Ullah-Institute-Fee-Head-Group-Oid-Admission-101','SCHOOL-ERP-Demo-School-Sharif-Ullah-High-School-And-College','SCHOOL-ERP-Sharif-Ullah-Institute-Class-8','SCHOOL-ERP-Sharif-Ullah-Institute-Session-2022','Electricity Bill','বিদ্যুৎ বিল',null,'Active');
insert into "schoolerp".fee_head_group_mapping (oid, head_code, fee_head_oid, group_code, group_oid, institute_oid, institute_class_oid, session_oid, name_en, name_bn, remarks, status) values ('SCHOOL-ERP-103905-S-2022-C-08-Fee-Head-Group-Mapping-Oid-Sports','SPORTS','SCHOOL-ERP-Sharif-Ullah-Institute-Fee-Head-Oid-Sports','101','SCHOOL-ERP-Sharif-Ullah-Institute-Fee-Head-Group-Oid-Admission-101','SCHOOL-ERP-Demo-School-Sharif-Ullah-High-School-And-College','SCHOOL-ERP-Sharif-Ullah-Institute-Class-8','SCHOOL-ERP-Sharif-Ullah-Institute-Session-2022','Sports','খেলাধুলা',null,'Active');
insert into "schoolerp".fee_head_group_mapping (oid, head_code, fee_head_oid, group_code, group_oid, institute_oid, institute_class_oid, session_oid, name_en, name_bn, remarks, status) values ('SCHOOL-ERP-103905-S-2022-C-08-Fee-Head-Group-Mapping-Oid-Syllabus-And-Monogram','SYLLABUS_AND_MONOGRAM','SCHOOL-ERP-Sharif-Ullah-Institute-Fee-Head-Oid-Syllabus-And-Monogram','101','SCHOOL-ERP-Sharif-Ullah-Institute-Fee-Head-Group-Oid-Admission-101','SCHOOL-ERP-Demo-School-Sharif-Ullah-High-School-And-College','SCHOOL-ERP-Sharif-Ullah-Institute-Class-8','SCHOOL-ERP-Sharif-Ullah-Institute-Session-2022','Syllabus And Monogram','সিলেবাস এবং মনোগ্রাম',null,'Active');
insert into "schoolerp".fee_head_group_mapping (oid, head_code, fee_head_oid, group_code, group_oid, institute_oid, institute_class_oid, session_oid, name_en, name_bn, remarks, status) values ('SCHOOL-ERP-103905-S-2022-C-08-Fee-Head-Group-Mapping-Oid-Scout','SCOUT','SCHOOL-ERP-Sharif-Ullah-Institute-Fee-Head-Oid-Scout','101','SCHOOL-ERP-Sharif-Ullah-Institute-Fee-Head-Group-Oid-Admission-101','SCHOOL-ERP-Demo-School-Sharif-Ullah-High-School-And-College','SCHOOL-ERP-Sharif-Ullah-Institute-Class-8','SCHOOL-ERP-Sharif-Ullah-Institute-Session-2022','Scout','স্কাউট',null,'Active');
insert into "schoolerp".fee_head_group_mapping (oid, head_code, fee_head_oid, group_code, group_oid, institute_oid, institute_class_oid, session_oid, name_en, name_bn, remarks, status) values ('SCHOOL-ERP-103905-S-2022-C-08-Fee-Head-Group-Mapping-Oid-Red-Crisent','RED_CRISENT','SCHOOL-ERP-Sharif-Ullah-Institute-Fee-Head-Oid-Red-Crisent','101','SCHOOL-ERP-Sharif-Ullah-Institute-Fee-Head-Group-Oid-Admission-101','SCHOOL-ERP-Demo-School-Sharif-Ullah-High-School-And-College','SCHOOL-ERP-Sharif-Ullah-Institute-Class-8','SCHOOL-ERP-Sharif-Ullah-Institute-Session-2022','Red Crisent','রেড ক্রিসেন্ট',null,'Active');
insert into "schoolerp".fee_head_group_mapping (oid, head_code, fee_head_oid, group_code, group_oid, institute_oid, institute_class_oid, session_oid, name_en, name_bn, remarks, status) values ('SCHOOL-ERP-103905-S-2022-C-08-Fee-Head-Group-Mapping-Oid-Library-Fee','LIBRARY_FEE','SCHOOL-ERP-Sharif-Ullah-Institute-Fee-Head-Oid-Library-Fee','101','SCHOOL-ERP-Sharif-Ullah-Institute-Fee-Head-Group-Oid-Admission-101','SCHOOL-ERP-Demo-School-Sharif-Ullah-High-School-And-College','SCHOOL-ERP-Sharif-Ullah-Institute-Class-8','SCHOOL-ERP-Sharif-Ullah-Institute-Session-2022','Library Fee','লাইব্রেরি ফি',null,'Active');
insert into "schoolerp".fee_head_group_mapping (oid, head_code, fee_head_oid, group_code, group_oid, institute_oid, institute_class_oid, session_oid, name_en, name_bn, remarks, status) values ('SCHOOL-ERP-103905-S-2022-C-08-Fee-Head-Group-Mapping-Oid-Science-Lab','SCIENCE_LAB','SCHOOL-ERP-Sharif-Ullah-Institute-Fee-Head-Oid-Science-Lab','101','SCHOOL-ERP-Sharif-Ullah-Institute-Fee-Head-Group-Oid-Admission-101','SCHOOL-ERP-Demo-School-Sharif-Ullah-High-School-And-College','SCHOOL-ERP-Sharif-Ullah-Institute-Class-8','SCHOOL-ERP-Sharif-Ullah-Institute-Session-2022','Science Lab','বিজ্ঞানাগার',null,'Active');
insert into "schoolerp".fee_head_group_mapping (oid, head_code, fee_head_oid, group_code, group_oid, institute_oid, institute_class_oid, session_oid, name_en, name_bn, remarks, status) values ('SCHOOL-ERP-103905-S-2022-2023-C-09-Fee-Head-Group-Mapping-Oid-Admission-Fee','ADMISSION_FEE','SCHOOL-ERP-Sharif-Ullah-Institute-Fee-Head-Oid-Admission-Fee','101','SCHOOL-ERP-Sharif-Ullah-Institute-Fee-Head-Group-Oid-Admission-101','SCHOOL-ERP-Demo-School-Sharif-Ullah-High-School-And-College','SCHOOL-ERP-Sharif-Ullah-Institute-Class-9','SCHOOL-ERP-Sharif-Ullah-Institute-Session-2022-2023','Admission Fee','ভর্তি ফী',null,'Active');
insert into "schoolerp".fee_head_group_mapping (oid, head_code, fee_head_oid, group_code, group_oid, institute_oid, institute_class_oid, session_oid, name_en, name_bn, remarks, status) values ('SCHOOL-ERP-103905-S-2022-2023-C-09-Fee-Head-Group-Mapping-Oid-Development-Fee','DEVELOPMENT_FEE','SCHOOL-ERP-Sharif-Ullah-Institute-Fee-Head-Oid-Development-Fee','101','SCHOOL-ERP-Sharif-Ullah-Institute-Fee-Head-Group-Oid-Admission-101','SCHOOL-ERP-Demo-School-Sharif-Ullah-High-School-And-College','SCHOOL-ERP-Sharif-Ullah-Institute-Class-9','SCHOOL-ERP-Sharif-Ullah-Institute-Session-2022-2023','Development Fee','উন্নয়ন ফি',null,'Active');
insert into "schoolerp".fee_head_group_mapping (oid, head_code, fee_head_oid, group_code, group_oid, institute_oid, institute_class_oid, session_oid, name_en, name_bn, remarks, status) values ('SCHOOL-ERP-103905-S-2022-2023-C-09-Fee-Head-Group-Mapping-Oid-Admission-Form','ADMISSION_FORM','SCHOOL-ERP-Sharif-Ullah-Institute-Fee-Head-Oid-Admission-Form','101','SCHOOL-ERP-Sharif-Ullah-Institute-Fee-Head-Group-Oid-Admission-101','SCHOOL-ERP-Demo-School-Sharif-Ullah-High-School-And-College','SCHOOL-ERP-Sharif-Ullah-Institute-Class-9','SCHOOL-ERP-Sharif-Ullah-Institute-Session-2022-2023','Admission Form','ভর্তি ফরম',null,'Active');
insert into "schoolerp".fee_head_group_mapping (oid, head_code, fee_head_oid, group_code, group_oid, institute_oid, institute_class_oid, session_oid, name_en, name_bn, remarks, status) values ('SCHOOL-ERP-103905-S-2022-2023-C-09-Fee-Head-Group-Mapping-Oid-Electricity-Bill','ELECTRICITY_BILL','SCHOOL-ERP-Sharif-Ullah-Institute-Fee-Head-Oid-Electricity-Bill','101','SCHOOL-ERP-Sharif-Ullah-Institute-Fee-Head-Group-Oid-Admission-101','SCHOOL-ERP-Demo-School-Sharif-Ullah-High-School-And-College','SCHOOL-ERP-Sharif-Ullah-Institute-Class-9','SCHOOL-ERP-Sharif-Ullah-Institute-Session-2022-2023','Electricity Bill','বিদ্যুৎ বিল',null,'Active');
insert into "schoolerp".fee_head_group_mapping (oid, head_code, fee_head_oid, group_code, group_oid, institute_oid, institute_class_oid, session_oid, name_en, name_bn, remarks, status) values ('SCHOOL-ERP-103905-S-2022-2023-C-09-Fee-Head-Group-Mapping-Oid-Sports','SPORTS','SCHOOL-ERP-Sharif-Ullah-Institute-Fee-Head-Oid-Sports','101','SCHOOL-ERP-Sharif-Ullah-Institute-Fee-Head-Group-Oid-Admission-101','SCHOOL-ERP-Demo-School-Sharif-Ullah-High-School-And-College','SCHOOL-ERP-Sharif-Ullah-Institute-Class-9','SCHOOL-ERP-Sharif-Ullah-Institute-Session-2022-2023','Sports','খেলাধুলা',null,'Active');
insert into "schoolerp".fee_head_group_mapping (oid, head_code, fee_head_oid, group_code, group_oid, institute_oid, institute_class_oid, session_oid, name_en, name_bn, remarks, status) values ('SCHOOL-ERP-103905-S-2022-2023-C-09-Fee-Head-Group-Mapping-Oid-Syllabus-And-Monogram','SYLLABUS_AND_MONOGRAM','SCHOOL-ERP-Sharif-Ullah-Institute-Fee-Head-Oid-Syllabus-And-Monogram','101','SCHOOL-ERP-Sharif-Ullah-Institute-Fee-Head-Group-Oid-Admission-101','SCHOOL-ERP-Demo-School-Sharif-Ullah-High-School-And-College','SCHOOL-ERP-Sharif-Ullah-Institute-Class-9','SCHOOL-ERP-Sharif-Ullah-Institute-Session-2022-2023','Syllabus And Monogram','সিলেবাস এবং মনোগ্রাম',null,'Active');
insert into "schoolerp".fee_head_group_mapping (oid, head_code, fee_head_oid, group_code, group_oid, institute_oid, institute_class_oid, session_oid, name_en, name_bn, remarks, status) values ('SCHOOL-ERP-103905-S-2022-2023-C-09-Fee-Head-Group-Mapping-Oid-Scout','SCOUT','SCHOOL-ERP-Sharif-Ullah-Institute-Fee-Head-Oid-Scout','101','SCHOOL-ERP-Sharif-Ullah-Institute-Fee-Head-Group-Oid-Admission-101','SCHOOL-ERP-Demo-School-Sharif-Ullah-High-School-And-College','SCHOOL-ERP-Sharif-Ullah-Institute-Class-9','SCHOOL-ERP-Sharif-Ullah-Institute-Session-2022-2023','Scout','স্কাউট',null,'Active');
insert into "schoolerp".fee_head_group_mapping (oid, head_code, fee_head_oid, group_code, group_oid, institute_oid, institute_class_oid, session_oid, name_en, name_bn, remarks, status) values ('SCHOOL-ERP-103905-S-2022-2023-C-09-Fee-Head-Group-Mapping-Oid-Red-Crisent','RED_CRISENT','SCHOOL-ERP-Sharif-Ullah-Institute-Fee-Head-Oid-Red-Crisent','101','SCHOOL-ERP-Sharif-Ullah-Institute-Fee-Head-Group-Oid-Admission-101','SCHOOL-ERP-Demo-School-Sharif-Ullah-High-School-And-College','SCHOOL-ERP-Sharif-Ullah-Institute-Class-9','SCHOOL-ERP-Sharif-Ullah-Institute-Session-2022-2023','Red Crisent','রেড ক্রিসেন্ট',null,'Active');
insert into "schoolerp".fee_head_group_mapping (oid, head_code, fee_head_oid, group_code, group_oid, institute_oid, institute_class_oid, session_oid, name_en, name_bn, remarks, status) values ('SCHOOL-ERP-103905-S-2022-2023-C-09-Fee-Head-Group-Mapping-Oid-Library-Fee','LIBRARY_FEE','SCHOOL-ERP-Sharif-Ullah-Institute-Fee-Head-Oid-Library-Fee','101','SCHOOL-ERP-Sharif-Ullah-Institute-Fee-Head-Group-Oid-Admission-101','SCHOOL-ERP-Demo-School-Sharif-Ullah-High-School-And-College','SCHOOL-ERP-Sharif-Ullah-Institute-Class-9','SCHOOL-ERP-Sharif-Ullah-Institute-Session-2022-2023','Library Fee','লাইব্রেরি ফি',null,'Active');
insert into "schoolerp".fee_head_group_mapping (oid, head_code, fee_head_oid, group_code, group_oid, institute_oid, institute_class_oid, session_oid, name_en, name_bn, remarks, status) values ('SCHOOL-ERP-103905-S-2022-2023-C-09-Fee-Head-Group-Mapping-Oid-Science-Lab','SCIENCE_LAB','SCHOOL-ERP-Sharif-Ullah-Institute-Fee-Head-Oid-Science-Lab','101','SCHOOL-ERP-Sharif-Ullah-Institute-Fee-Head-Group-Oid-Admission-101','SCHOOL-ERP-Demo-School-Sharif-Ullah-High-School-And-College','SCHOOL-ERP-Sharif-Ullah-Institute-Class-9','SCHOOL-ERP-Sharif-Ullah-Institute-Session-2022-2023','Science Lab','বিজ্ঞানাগার',null,'Active');
insert into "schoolerp".fee_head_group_mapping (oid, head_code, fee_head_oid, group_code, group_oid, institute_oid, institute_class_oid, session_oid, name_en, name_bn, remarks, status) values ('SCHOOL-ERP-103905-S-2022-2023-C-10-Fee-Head-Group-Mapping-Oid-Admission-Fee','ADMISSION_FEE','SCHOOL-ERP-Sharif-Ullah-Institute-Fee-Head-Oid-Admission-Fee','101','SCHOOL-ERP-Sharif-Ullah-Institute-Fee-Head-Group-Oid-Admission-101','SCHOOL-ERP-Demo-School-Sharif-Ullah-High-School-And-College','SCHOOL-ERP-Sharif-Ullah-Institute-Class-10','SCHOOL-ERP-Sharif-Ullah-Institute-Session-2022-2023','Admission Fee','ভর্তি ফী',null,'Active');
insert into "schoolerp".fee_head_group_mapping (oid, head_code, fee_head_oid, group_code, group_oid, institute_oid, institute_class_oid, session_oid, name_en, name_bn, remarks, status) values ('SCHOOL-ERP-103905-S-2022-2023-C-10-Fee-Head-Group-Mapping-Oid-Development-Fee','DEVELOPMENT_FEE','SCHOOL-ERP-Sharif-Ullah-Institute-Fee-Head-Oid-Development-Fee','101','SCHOOL-ERP-Sharif-Ullah-Institute-Fee-Head-Group-Oid-Admission-101','SCHOOL-ERP-Demo-School-Sharif-Ullah-High-School-And-College','SCHOOL-ERP-Sharif-Ullah-Institute-Class-10','SCHOOL-ERP-Sharif-Ullah-Institute-Session-2022-2023','Development Fee','উন্নয়ন ফি',null,'Active');
insert into "schoolerp".fee_head_group_mapping (oid, head_code, fee_head_oid, group_code, group_oid, institute_oid, institute_class_oid, session_oid, name_en, name_bn, remarks, status) values ('SCHOOL-ERP-103905-S-2022-2023-C-10-Fee-Head-Group-Mapping-Oid-Admission-Form','ADMISSION_FORM','SCHOOL-ERP-Sharif-Ullah-Institute-Fee-Head-Oid-Admission-Form','101','SCHOOL-ERP-Sharif-Ullah-Institute-Fee-Head-Group-Oid-Admission-101','SCHOOL-ERP-Demo-School-Sharif-Ullah-High-School-And-College','SCHOOL-ERP-Sharif-Ullah-Institute-Class-10','SCHOOL-ERP-Sharif-Ullah-Institute-Session-2022-2023','Admission Form','ভর্তি ফরম',null,'Active');
insert into "schoolerp".fee_head_group_mapping (oid, head_code, fee_head_oid, group_code, group_oid, institute_oid, institute_class_oid, session_oid, name_en, name_bn, remarks, status) values ('SCHOOL-ERP-103905-S-2022-2023-C-10-Fee-Head-Group-Mapping-Oid-Electricity-Bill','ELECTRICITY_BILL','SCHOOL-ERP-Sharif-Ullah-Institute-Fee-Head-Oid-Electricity-Bill','101','SCHOOL-ERP-Sharif-Ullah-Institute-Fee-Head-Group-Oid-Admission-101','SCHOOL-ERP-Demo-School-Sharif-Ullah-High-School-And-College','SCHOOL-ERP-Sharif-Ullah-Institute-Class-10','SCHOOL-ERP-Sharif-Ullah-Institute-Session-2022-2023','Electricity Bill','বিদ্যুৎ বিল',null,'Active');
insert into "schoolerp".fee_head_group_mapping (oid, head_code, fee_head_oid, group_code, group_oid, institute_oid, institute_class_oid, session_oid, name_en, name_bn, remarks, status) values ('SCHOOL-ERP-103905-S-2022-2023-C-10-Fee-Head-Group-Mapping-Oid-Sports','SPORTS','SCHOOL-ERP-Sharif-Ullah-Institute-Fee-Head-Oid-Sports','101','SCHOOL-ERP-Sharif-Ullah-Institute-Fee-Head-Group-Oid-Admission-101','SCHOOL-ERP-Demo-School-Sharif-Ullah-High-School-And-College','SCHOOL-ERP-Sharif-Ullah-Institute-Class-10','SCHOOL-ERP-Sharif-Ullah-Institute-Session-2022-2023','Sports','খেলাধুলা',null,'Active');
insert into "schoolerp".fee_head_group_mapping (oid, head_code, fee_head_oid, group_code, group_oid, institute_oid, institute_class_oid, session_oid, name_en, name_bn, remarks, status) values ('SCHOOL-ERP-103905-S-2022-2023-C-10-Fee-Head-Group-Mapping-Oid-Syllabus-And-Monogram','SYLLABUS_AND_MONOGRAM','SCHOOL-ERP-Sharif-Ullah-Institute-Fee-Head-Oid-Syllabus-And-Monogram','101','SCHOOL-ERP-Sharif-Ullah-Institute-Fee-Head-Group-Oid-Admission-101','SCHOOL-ERP-Demo-School-Sharif-Ullah-High-School-And-College','SCHOOL-ERP-Sharif-Ullah-Institute-Class-10','SCHOOL-ERP-Sharif-Ullah-Institute-Session-2022-2023','Syllabus And Monogram','সিলেবাস এবং মনোগ্রাম',null,'Active');
insert into "schoolerp".fee_head_group_mapping (oid, head_code, fee_head_oid, group_code, group_oid, institute_oid, institute_class_oid, session_oid, name_en, name_bn, remarks, status) values ('SCHOOL-ERP-103905-S-2022-2023-C-10-Fee-Head-Group-Mapping-Oid-Scout','SCOUT','SCHOOL-ERP-Sharif-Ullah-Institute-Fee-Head-Oid-Scout','101','SCHOOL-ERP-Sharif-Ullah-Institute-Fee-Head-Group-Oid-Admission-101','SCHOOL-ERP-Demo-School-Sharif-Ullah-High-School-And-College','SCHOOL-ERP-Sharif-Ullah-Institute-Class-10','SCHOOL-ERP-Sharif-Ullah-Institute-Session-2022-2023','Scout','স্কাউট',null,'Active');
insert into "schoolerp".fee_head_group_mapping (oid, head_code, fee_head_oid, group_code, group_oid, institute_oid, institute_class_oid, session_oid, name_en, name_bn, remarks, status) values ('SCHOOL-ERP-103905-S-2022-2023-C-10-Fee-Head-Group-Mapping-Oid-Red-Crisent','RED_CRISENT','SCHOOL-ERP-Sharif-Ullah-Institute-Fee-Head-Oid-Red-Crisent','101','SCHOOL-ERP-Sharif-Ullah-Institute-Fee-Head-Group-Oid-Admission-101','SCHOOL-ERP-Demo-School-Sharif-Ullah-High-School-And-College','SCHOOL-ERP-Sharif-Ullah-Institute-Class-10','SCHOOL-ERP-Sharif-Ullah-Institute-Session-2022-2023','Red Crisent','রেড ক্রিসেন্ট',null,'Active');
insert into "schoolerp".fee_head_group_mapping (oid, head_code, fee_head_oid, group_code, group_oid, institute_oid, institute_class_oid, session_oid, name_en, name_bn, remarks, status) values ('SCHOOL-ERP-103905-S-2022-2023-C-10-Fee-Head-Group-Mapping-Oid-Library-Fee','LIBRARY_FEE','SCHOOL-ERP-Sharif-Ullah-Institute-Fee-Head-Oid-Library-Fee','101','SCHOOL-ERP-Sharif-Ullah-Institute-Fee-Head-Group-Oid-Admission-101','SCHOOL-ERP-Demo-School-Sharif-Ullah-High-School-And-College','SCHOOL-ERP-Sharif-Ullah-Institute-Class-10','SCHOOL-ERP-Sharif-Ullah-Institute-Session-2022-2023','Library Fee','লাইব্রেরি ফি',null,'Active');
insert into "schoolerp".fee_head_group_mapping (oid, head_code, fee_head_oid, group_code, group_oid, institute_oid, institute_class_oid, session_oid, name_en, name_bn, remarks, status) values ('SCHOOL-ERP-103905-S-2022-2023-C-10-Fee-Head-Group-Mapping-Oid-Science-Lab','SCIENCE_LAB','SCHOOL-ERP-Sharif-Ullah-Institute-Fee-Head-Oid-Science-Lab','101','SCHOOL-ERP-Sharif-Ullah-Institute-Fee-Head-Group-Oid-Admission-101','SCHOOL-ERP-Demo-School-Sharif-Ullah-High-School-And-College','SCHOOL-ERP-Sharif-Ullah-Institute-Class-10','SCHOOL-ERP-Sharif-Ullah-Institute-Session-2022-2023','Science Lab','বিজ্ঞানাগার',null,'Active');
commit;

-- fees_setting
insert into "schoolerp".fees_setting (oid, head_code, fee_head_oid, group_code, group_oid, group_mapping_oid, institute_oid, institute_class_oid, session_oid, name_en, name_bn, amount, remarks, payment_last_date, status) values ('SCHOOL-ERP-Fees-Settins-Demo-School-001-ADMISSION-FEE','ADMISSION_FEE-1001','schoolerp-fee-head-oid-admission-fee','101','schoolerp-fee-head-group-oid-admission-101','SCHOOL-ERP-Fee-Head-Group-Mapping-Demo-School-001-101101','SCHOOL-ERP-Demo-School-001','SCHOOL-ERP-Institute-Class-6','SCHOOL-ERP-Institute-Session-2022','Admission Fee','Admission Fee',5000,'Test Purpose','now()','Active');
insert into "schoolerp".fees_setting (oid, head_code, fee_head_oid, group_code, group_oid, group_mapping_oid, institute_oid, institute_class_oid, session_oid, name_en, name_bn, amount, remarks, payment_last_date, status) values ('SCHOOL-ERP-Fees-Settins-Demo-School-001-ANNUAL-CHARGE','ANNUAL_CHARGE-1005','schoolerp-fee-head-oid-annual-charge','101','schoolerp-fee-head-group-oid-admission-101','SCHOOL-ERP-Fee-Head-Group-Mapping-Demo-School-001-101102','SCHOOL-ERP-Demo-School-001','SCHOOL-ERP-Institute-Class-6','SCHOOL-ERP-Institute-Session-2022','Annual Charge','Annual Charge',2000,'Test Purpose','now()','Active');
insert into "schoolerp".fees_setting (oid, head_code, fee_head_oid, group_code, group_oid, group_mapping_oid, institute_oid, institute_class_oid, session_oid, name_en, name_bn, amount, remarks, payment_last_date, status) values ('SCHOOL-ERP-Fees-Settins-Demo-School-001-DEVELOPMENT-CHARGE','DEVELOPMENT_CHARGE-1006','schoolerp-fee-head-oid-development-charge','101','schoolerp-fee-head-group-oid-admission-101','SCHOOL-ERP-Fee-Head-Group-Mapping-Demo-School-001-101103','SCHOOL-ERP-Demo-School-001','SCHOOL-ERP-Institute-Class-6','SCHOOL-ERP-Institute-Session-2022','Development Charge','উন্নয়ন চার্জ',1500,'Test Purpose','now()','Active');
insert into "schoolerp".fees_setting (oid, head_code, fee_head_oid, group_code, group_oid, group_mapping_oid, institute_oid, institute_class_oid, session_oid, name_en, name_bn, amount, remarks, payment_last_date, status) values ('SCHOOL-ERP-Fees-Settins-Demo-School-001-UTILITY-CHARGE','UTILITY_CHARGE-1010','schoolerp-fee-head-oid-utility-charge','101','schoolerp-fee-head-group-oid-admission-101','SCHOOL-ERP-Fee-Head-Group-Mapping-Demo-School-001-101104','SCHOOL-ERP-Demo-School-001','SCHOOL-ERP-Institute-Class-6','SCHOOL-ERP-Institute-Session-2022','Others','Annual Charge',2000,'Test Purpose','now()','Active');
insert into "schoolerp".fees_setting (oid, head_code, fee_head_oid, group_code, group_oid, group_mapping_oid, institute_oid, institute_class_oid, session_oid, name_en, name_bn, amount, remarks, payment_last_date, status) values ('SCHOOL-ERP-Fees-Settins-Demo-School-001-OTHERS','OTHERS-1011','schoolerp-fee-head-oid-other','101','schoolerp-fee-head-group-oid-admission-101','SCHOOL-ERP-Fee-Head-Group-Mapping-Demo-School-001-101105','SCHOOL-ERP-Demo-School-001','SCHOOL-ERP-Institute-Class-6','SCHOOL-ERP-Institute-Session-2022','Utility Charge','ইউটিলিটি চার্জ',500,'Test Purpose','now()','Active');
insert into "schoolerp".fees_setting (oid, head_code, fee_head_oid, group_code, group_oid, group_mapping_oid, institute_oid, institute_class_oid, session_oid, name_en, name_bn, amount, remarks, payment_last_date, status) values ('SCHOOL-ERP-103905-S-2022-C-06-Admission-Fees-Setting-Oid-Admission-Fee','ADMISSION_FEE','SCHOOL-ERP-Sharif-Ullah-Institute-Fee-Head-Oid-Admission-Fee','101','SCHOOL-ERP-Sharif-Ullah-Institute-Fee-Head-Group-Oid-Admission-101','SCHOOL-ERP-103905-S-2022-C-06-Fee-Head-Group-Mapping-Oid-Admission-Fee','SCHOOL-ERP-Demo-School-Sharif-Ullah-High-School-And-College','SCHOOL-ERP-Sharif-Ullah-Institute-Class-6','SCHOOL-ERP-Sharif-Ullah-Institute-Session-2022','Admission Fee','ভর্তি ফী',500,null,'now()','Active');
insert into "schoolerp".fees_setting (oid, head_code, fee_head_oid, group_code, group_oid, group_mapping_oid, institute_oid, institute_class_oid, session_oid, name_en, name_bn, amount, remarks, payment_last_date, status) values ('SCHOOL-ERP-103905-S-2022-C-06-Admission-Fees-Setting-Oid-Development-Fee','DEVELOPMENT_FEE','SCHOOL-ERP-Sharif-Ullah-Institute-Fee-Head-Oid-Development-Fee','101','SCHOOL-ERP-Sharif-Ullah-Institute-Fee-Head-Group-Oid-Admission-101','SCHOOL-ERP-103905-S-2022-C-06-Fee-Head-Group-Mapping-Oid-Development-Fee','SCHOOL-ERP-Demo-School-Sharif-Ullah-High-School-And-College','SCHOOL-ERP-Sharif-Ullah-Institute-Class-6','SCHOOL-ERP-Sharif-Ullah-Institute-Session-2022','Development Fee','উন্নয়ন ফি',150,null,'now()','Active');
insert into "schoolerp".fees_setting (oid, head_code, fee_head_oid, group_code, group_oid, group_mapping_oid, institute_oid, institute_class_oid, session_oid, name_en, name_bn, amount, remarks, payment_last_date, status) values ('SCHOOL-ERP-103905-S-2022-C-06-Admission-Fees-Setting-Oid-Admission-Form','ADMISSION_FORM','SCHOOL-ERP-Sharif-Ullah-Institute-Fee-Head-Oid-Admission-Form','101','SCHOOL-ERP-Sharif-Ullah-Institute-Fee-Head-Group-Oid-Admission-101','SCHOOL-ERP-103905-S-2022-C-06-Fee-Head-Group-Mapping-Oid-Admission-Form','SCHOOL-ERP-Demo-School-Sharif-Ullah-High-School-And-College','SCHOOL-ERP-Sharif-Ullah-Institute-Class-6','SCHOOL-ERP-Sharif-Ullah-Institute-Session-2022','Admission Form','ভর্তি ফরম',100,null,'now()','Active');
insert into "schoolerp".fees_setting (oid, head_code, fee_head_oid, group_code, group_oid, group_mapping_oid, institute_oid, institute_class_oid, session_oid, name_en, name_bn, amount, remarks, payment_last_date, status) values ('SCHOOL-ERP-103905-S-2022-C-06-Admission-Fees-Setting-Oid-Electricity-Bill','ELECTRICITY_BILL','SCHOOL-ERP-Sharif-Ullah-Institute-Fee-Head-Oid-Electricity-Bill','101','SCHOOL-ERP-Sharif-Ullah-Institute-Fee-Head-Group-Oid-Admission-101','SCHOOL-ERP-103905-S-2022-C-06-Fee-Head-Group-Mapping-Oid-Electricity-Bill','SCHOOL-ERP-Demo-School-Sharif-Ullah-High-School-And-College','SCHOOL-ERP-Sharif-Ullah-Institute-Class-6','SCHOOL-ERP-Sharif-Ullah-Institute-Session-2022','Electricity Bill','বিদ্যুৎ বিল',120,null,'now()','Active');
insert into "schoolerp".fees_setting (oid, head_code, fee_head_oid, group_code, group_oid, group_mapping_oid, institute_oid, institute_class_oid, session_oid, name_en, name_bn, amount, remarks, payment_last_date, status) values ('SCHOOL-ERP-103905-S-2022-C-06-Admission-Fees-Setting-Oid-Sports','SPORTS','SCHOOL-ERP-Sharif-Ullah-Institute-Fee-Head-Oid-Sports','101','SCHOOL-ERP-Sharif-Ullah-Institute-Fee-Head-Group-Oid-Admission-101','SCHOOL-ERP-103905-S-2022-C-06-Fee-Head-Group-Mapping-Oid-Sports','SCHOOL-ERP-Demo-School-Sharif-Ullah-High-School-And-College','SCHOOL-ERP-Sharif-Ullah-Institute-Class-6','SCHOOL-ERP-Sharif-Ullah-Institute-Session-2022','Sports','খেলাধুলা',80,null,'now()','Active');
insert into "schoolerp".fees_setting (oid, head_code, fee_head_oid, group_code, group_oid, group_mapping_oid, institute_oid, institute_class_oid, session_oid, name_en, name_bn, amount, remarks, payment_last_date, status) values ('SCHOOL-ERP-103905-S-2022-C-06-Admission-Fees-Setting-Oid-Syllabus-And-Monogram','SYLLABUS_AND_MONOGRAM','SCHOOL-ERP-Sharif-Ullah-Institute-Fee-Head-Oid-Syllabus-And-Monogram','101','SCHOOL-ERP-Sharif-Ullah-Institute-Fee-Head-Group-Oid-Admission-101','SCHOOL-ERP-103905-S-2022-C-06-Fee-Head-Group-Mapping-Oid-Syllabus-And-Monogram','SCHOOL-ERP-Demo-School-Sharif-Ullah-High-School-And-College','SCHOOL-ERP-Sharif-Ullah-Institute-Class-6','SCHOOL-ERP-Sharif-Ullah-Institute-Session-2022','Syllabus And Monogram','সিলেবাস এবং মনোগ্রাম',50,null,'now()','Active');
insert into "schoolerp".fees_setting (oid, head_code, fee_head_oid, group_code, group_oid, group_mapping_oid, institute_oid, institute_class_oid, session_oid, name_en, name_bn, amount, remarks, payment_last_date, status) values ('SCHOOL-ERP-103905-S-2022-C-06-Admission-Fees-Setting-Oid-Scout','SCOUT','SCHOOL-ERP-Sharif-Ullah-Institute-Fee-Head-Oid-Scout','101','SCHOOL-ERP-Sharif-Ullah-Institute-Fee-Head-Group-Oid-Admission-101','SCHOOL-ERP-103905-S-2022-C-06-Fee-Head-Group-Mapping-Oid-Scout','SCHOOL-ERP-Demo-School-Sharif-Ullah-High-School-And-College','SCHOOL-ERP-Sharif-Ullah-Institute-Class-6','SCHOOL-ERP-Sharif-Ullah-Institute-Session-2022','Scout','স্কাউট',30,null,'now()','Active');
insert into "schoolerp".fees_setting (oid, head_code, fee_head_oid, group_code, group_oid, group_mapping_oid, institute_oid, institute_class_oid, session_oid, name_en, name_bn, amount, remarks, payment_last_date, status) values ('SCHOOL-ERP-103905-S-2022-C-06-Admission-Fees-Setting-Oid-Red-Crisent','RED_CRISENT','SCHOOL-ERP-Sharif-Ullah-Institute-Fee-Head-Oid-Red-Crisent','101','SCHOOL-ERP-Sharif-Ullah-Institute-Fee-Head-Group-Oid-Admission-101','SCHOOL-ERP-103905-S-2022-C-06-Fee-Head-Group-Mapping-Oid-Red-Crisent','SCHOOL-ERP-Demo-School-Sharif-Ullah-High-School-And-College','SCHOOL-ERP-Sharif-Ullah-Institute-Class-6','SCHOOL-ERP-Sharif-Ullah-Institute-Session-2022','Red Crisent','রেড ক্রিসেন্ট',20,null,'now()','Active');
insert into "schoolerp".fees_setting (oid, head_code, fee_head_oid, group_code, group_oid, group_mapping_oid, institute_oid, institute_class_oid, session_oid, name_en, name_bn, amount, remarks, payment_last_date, status) values ('SCHOOL-ERP-103905-S-2022-C-06-Admission-Fees-Setting-Oid-Library-Fee','LIBRARY_FEE','SCHOOL-ERP-Sharif-Ullah-Institute-Fee-Head-Oid-Library-Fee','101','SCHOOL-ERP-Sharif-Ullah-Institute-Fee-Head-Group-Oid-Admission-101','SCHOOL-ERP-103905-S-2022-C-06-Fee-Head-Group-Mapping-Oid-Library-Fee','SCHOOL-ERP-Demo-School-Sharif-Ullah-High-School-And-College','SCHOOL-ERP-Sharif-Ullah-Institute-Class-6','SCHOOL-ERP-Sharif-Ullah-Institute-Session-2022','Library Fee','লাইব্রেরি ফি',30,null,'now()','Active');
insert into "schoolerp".fees_setting (oid, head_code, fee_head_oid, group_code, group_oid, group_mapping_oid, institute_oid, institute_class_oid, session_oid, name_en, name_bn, amount, remarks, payment_last_date, status) values ('SCHOOL-ERP-103905-S-2022-C-06-Admission-Fees-Setting-Oid-Science-Lab','SCIENCE_LAB','SCHOOL-ERP-Sharif-Ullah-Institute-Fee-Head-Oid-Science-Lab','101','SCHOOL-ERP-Sharif-Ullah-Institute-Fee-Head-Group-Oid-Admission-101','SCHOOL-ERP-103905-S-2022-C-06-Fee-Head-Group-Mapping-Oid-Science-Lab','SCHOOL-ERP-Demo-School-Sharif-Ullah-High-School-And-College','SCHOOL-ERP-Sharif-Ullah-Institute-Class-6','SCHOOL-ERP-Sharif-Ullah-Institute-Session-2022','Science Lab','বিজ্ঞানাগার',20,null,'now()','Active');
insert into "schoolerp".fees_setting (oid, head_code, fee_head_oid, group_code, group_oid, group_mapping_oid, institute_oid, institute_class_oid, session_oid, name_en, name_bn, amount, remarks, payment_last_date, status) values ('SCHOOL-ERP-103905-S-2022-C-07-Admission-Fees-Setting-Oid-Admission-Fee','ADMISSION_FEE','SCHOOL-ERP-Sharif-Ullah-Institute-Fee-Head-Oid-Admission-Fee','101','SCHOOL-ERP-Sharif-Ullah-Institute-Fee-Head-Group-Oid-Admission-101','SCHOOL-ERP-103905-S-2022-C-07-Fee-Head-Group-Mapping-Oid-Admission-Fee','SCHOOL-ERP-Demo-School-Sharif-Ullah-High-School-And-College','SCHOOL-ERP-Sharif-Ullah-Institute-Class-7','SCHOOL-ERP-Sharif-Ullah-Institute-Session-2022','Admission Fee','ভর্তি ফী',500,null,'now()','Active');
insert into "schoolerp".fees_setting (oid, head_code, fee_head_oid, group_code, group_oid, group_mapping_oid, institute_oid, institute_class_oid, session_oid, name_en, name_bn, amount, remarks, payment_last_date, status) values ('SCHOOL-ERP-103905-S-2022-C-07-Admission-Fees-Setting-Oid-Development-Fee','DEVELOPMENT_FEE','SCHOOL-ERP-Sharif-Ullah-Institute-Fee-Head-Oid-Development-Fee','101','SCHOOL-ERP-Sharif-Ullah-Institute-Fee-Head-Group-Oid-Admission-101','SCHOOL-ERP-103905-S-2022-C-07-Fee-Head-Group-Mapping-Oid-Development-Fee','SCHOOL-ERP-Demo-School-Sharif-Ullah-High-School-And-College','SCHOOL-ERP-Sharif-Ullah-Institute-Class-7','SCHOOL-ERP-Sharif-Ullah-Institute-Session-2022','Development Fee','উন্নয়ন ফি',200,null,'now()','Active');
insert into "schoolerp".fees_setting (oid, head_code, fee_head_oid, group_code, group_oid, group_mapping_oid, institute_oid, institute_class_oid, session_oid, name_en, name_bn, amount, remarks, payment_last_date, status) values ('SCHOOL-ERP-103905-S-2022-C-07-Admission-Fees-Setting-Oid-Admission-Form','ADMISSION_FORM','SCHOOL-ERP-Sharif-Ullah-Institute-Fee-Head-Oid-Admission-Form','101','SCHOOL-ERP-Sharif-Ullah-Institute-Fee-Head-Group-Oid-Admission-101','SCHOOL-ERP-103905-S-2022-C-07-Fee-Head-Group-Mapping-Oid-Admission-Form','SCHOOL-ERP-Demo-School-Sharif-Ullah-High-School-And-College','SCHOOL-ERP-Sharif-Ullah-Institute-Class-7','SCHOOL-ERP-Sharif-Ullah-Institute-Session-2022','Admission Form','ভর্তি ফরম',100,null,'now()','Active');
insert into "schoolerp".fees_setting (oid, head_code, fee_head_oid, group_code, group_oid, group_mapping_oid, institute_oid, institute_class_oid, session_oid, name_en, name_bn, amount, remarks, payment_last_date, status) values ('SCHOOL-ERP-103905-S-2022-C-07-Admission-Fees-Setting-Oid-Electricity-Bill','ELECTRICITY_BILL','SCHOOL-ERP-Sharif-Ullah-Institute-Fee-Head-Oid-Electricity-Bill','101','SCHOOL-ERP-Sharif-Ullah-Institute-Fee-Head-Group-Oid-Admission-101','SCHOOL-ERP-103905-S-2022-C-07-Fee-Head-Group-Mapping-Oid-Electricity-Bill','SCHOOL-ERP-Demo-School-Sharif-Ullah-High-School-And-College','SCHOOL-ERP-Sharif-Ullah-Institute-Class-7','SCHOOL-ERP-Sharif-Ullah-Institute-Session-2022','Electricity Bill','বিদ্যুৎ বিল',120,null,'now()','Active');
insert into "schoolerp".fees_setting (oid, head_code, fee_head_oid, group_code, group_oid, group_mapping_oid, institute_oid, institute_class_oid, session_oid, name_en, name_bn, amount, remarks, payment_last_date, status) values ('SCHOOL-ERP-103905-S-2022-C-07-Admission-Fees-Setting-Oid-Sports','SPORTS','SCHOOL-ERP-Sharif-Ullah-Institute-Fee-Head-Oid-Sports','101','SCHOOL-ERP-Sharif-Ullah-Institute-Fee-Head-Group-Oid-Admission-101','SCHOOL-ERP-103905-S-2022-C-07-Fee-Head-Group-Mapping-Oid-Sports','SCHOOL-ERP-Demo-School-Sharif-Ullah-High-School-And-College','SCHOOL-ERP-Sharif-Ullah-Institute-Class-7','SCHOOL-ERP-Sharif-Ullah-Institute-Session-2022','Sports','খেলাধুলা',80,null,'now()','Active');
insert into "schoolerp".fees_setting (oid, head_code, fee_head_oid, group_code, group_oid, group_mapping_oid, institute_oid, institute_class_oid, session_oid, name_en, name_bn, amount, remarks, payment_last_date, status) values ('SCHOOL-ERP-103905-S-2022-C-07-Admission-Fees-Setting-Oid-Syllabus-And-Monogram','SYLLABUS_AND_MONOGRAM','SCHOOL-ERP-Sharif-Ullah-Institute-Fee-Head-Oid-Syllabus-And-Monogram','101','SCHOOL-ERP-Sharif-Ullah-Institute-Fee-Head-Group-Oid-Admission-101','SCHOOL-ERP-103905-S-2022-C-07-Fee-Head-Group-Mapping-Oid-Syllabus-And-Monogram','SCHOOL-ERP-Demo-School-Sharif-Ullah-High-School-And-College','SCHOOL-ERP-Sharif-Ullah-Institute-Class-7','SCHOOL-ERP-Sharif-Ullah-Institute-Session-2022','Syllabus And Monogram','সিলেবাস এবং মনোগ্রাম',50,null,'now()','Active');
insert into "schoolerp".fees_setting (oid, head_code, fee_head_oid, group_code, group_oid, group_mapping_oid, institute_oid, institute_class_oid, session_oid, name_en, name_bn, amount, remarks, payment_last_date, status) values ('SCHOOL-ERP-103905-S-2022-C-07-Admission-Fees-Setting-Oid-Scout','SCOUT','SCHOOL-ERP-Sharif-Ullah-Institute-Fee-Head-Oid-Scout','101','SCHOOL-ERP-Sharif-Ullah-Institute-Fee-Head-Group-Oid-Admission-101','SCHOOL-ERP-103905-S-2022-C-07-Fee-Head-Group-Mapping-Oid-Scout','SCHOOL-ERP-Demo-School-Sharif-Ullah-High-School-And-College','SCHOOL-ERP-Sharif-Ullah-Institute-Class-7','SCHOOL-ERP-Sharif-Ullah-Institute-Session-2022','Scout','স্কাউট',30,null,'now()','Active');
insert into "schoolerp".fees_setting (oid, head_code, fee_head_oid, group_code, group_oid, group_mapping_oid, institute_oid, institute_class_oid, session_oid, name_en, name_bn, amount, remarks, payment_last_date, status) values ('SCHOOL-ERP-103905-S-2022-C-07-Admission-Fees-Setting-Oid-Red-Crisent','RED_CRISENT','SCHOOL-ERP-Sharif-Ullah-Institute-Fee-Head-Oid-Red-Crisent','101','SCHOOL-ERP-Sharif-Ullah-Institute-Fee-Head-Group-Oid-Admission-101','SCHOOL-ERP-103905-S-2022-C-07-Fee-Head-Group-Mapping-Oid-Red-Crisent','SCHOOL-ERP-Demo-School-Sharif-Ullah-High-School-And-College','SCHOOL-ERP-Sharif-Ullah-Institute-Class-7','SCHOOL-ERP-Sharif-Ullah-Institute-Session-2022','Red Crisent','রেড ক্রিসেন্ট',20,null,'now()','Active');
insert into "schoolerp".fees_setting (oid, head_code, fee_head_oid, group_code, group_oid, group_mapping_oid, institute_oid, institute_class_oid, session_oid, name_en, name_bn, amount, remarks, payment_last_date, status) values ('SCHOOL-ERP-103905-S-2022-C-07-Admission-Fees-Setting-Oid-Library-Fee','LIBRARY_FEE','SCHOOL-ERP-Sharif-Ullah-Institute-Fee-Head-Oid-Library-Fee','101','SCHOOL-ERP-Sharif-Ullah-Institute-Fee-Head-Group-Oid-Admission-101','SCHOOL-ERP-103905-S-2022-C-07-Fee-Head-Group-Mapping-Oid-Library-Fee','SCHOOL-ERP-Demo-School-Sharif-Ullah-High-School-And-College','SCHOOL-ERP-Sharif-Ullah-Institute-Class-7','SCHOOL-ERP-Sharif-Ullah-Institute-Session-2022','Library Fee','লাইব্রেরি ফি',30,null,'now()','Active');
insert into "schoolerp".fees_setting (oid, head_code, fee_head_oid, group_code, group_oid, group_mapping_oid, institute_oid, institute_class_oid, session_oid, name_en, name_bn, amount, remarks, payment_last_date, status) values ('SCHOOL-ERP-103905-S-2022-C-07-Admission-Fees-Setting-Oid-Science-Lab','SCIENCE_LAB','SCHOOL-ERP-Sharif-Ullah-Institute-Fee-Head-Oid-Science-Lab','101','SCHOOL-ERP-Sharif-Ullah-Institute-Fee-Head-Group-Oid-Admission-101','SCHOOL-ERP-103905-S-2022-C-07-Fee-Head-Group-Mapping-Oid-Science-Lab','SCHOOL-ERP-Demo-School-Sharif-Ullah-High-School-And-College','SCHOOL-ERP-Sharif-Ullah-Institute-Class-7','SCHOOL-ERP-Sharif-Ullah-Institute-Session-2022','Science Lab','বিজ্ঞানাগার',20,null,'now()','Active');
insert into "schoolerp".fees_setting (oid, head_code, fee_head_oid, group_code, group_oid, group_mapping_oid, institute_oid, institute_class_oid, session_oid, name_en, name_bn, amount, remarks, payment_last_date, status) values ('SCHOOL-ERP-103905-S-2022-C-08-Admission-Fees-Setting-Oid-Admission-Fee','ADMISSION_FEE','SCHOOL-ERP-Sharif-Ullah-Institute-Fee-Head-Oid-Admission-Fee','101','SCHOOL-ERP-Sharif-Ullah-Institute-Fee-Head-Group-Oid-Admission-101','SCHOOL-ERP-103905-S-2022-C-08-Fee-Head-Group-Mapping-Oid-Admission-Fee','SCHOOL-ERP-Demo-School-Sharif-Ullah-High-School-And-College','SCHOOL-ERP-Sharif-Ullah-Institute-Class-8','SCHOOL-ERP-Sharif-Ullah-Institute-Session-2022','Admission Fee','ভর্তি ফী',500,null,'now()','Active');
insert into "schoolerp".fees_setting (oid, head_code, fee_head_oid, group_code, group_oid, group_mapping_oid, institute_oid, institute_class_oid, session_oid, name_en, name_bn, amount, remarks, payment_last_date, status) values ('SCHOOL-ERP-103905-S-2022-C-08-Admission-Fees-Setting-Oid-Development-Fee','DEVELOPMENT_FEE','SCHOOL-ERP-Sharif-Ullah-Institute-Fee-Head-Oid-Development-Fee','101','SCHOOL-ERP-Sharif-Ullah-Institute-Fee-Head-Group-Oid-Admission-101','SCHOOL-ERP-103905-S-2022-C-08-Fee-Head-Group-Mapping-Oid-Development-Fee','SCHOOL-ERP-Demo-School-Sharif-Ullah-High-School-And-College','SCHOOL-ERP-Sharif-Ullah-Institute-Class-8','SCHOOL-ERP-Sharif-Ullah-Institute-Session-2022','Development Fee','উন্নয়ন ফি',200,null,'now()','Active');
insert into "schoolerp".fees_setting (oid, head_code, fee_head_oid, group_code, group_oid, group_mapping_oid, institute_oid, institute_class_oid, session_oid, name_en, name_bn, amount, remarks, payment_last_date, status) values ('SCHOOL-ERP-103905-S-2022-C-08-Admission-Fees-Setting-Oid-Admission-Form','ADMISSION_FORM','SCHOOL-ERP-Sharif-Ullah-Institute-Fee-Head-Oid-Admission-Form','101','SCHOOL-ERP-Sharif-Ullah-Institute-Fee-Head-Group-Oid-Admission-101','SCHOOL-ERP-103905-S-2022-C-08-Fee-Head-Group-Mapping-Oid-Admission-Form','SCHOOL-ERP-Demo-School-Sharif-Ullah-High-School-And-College','SCHOOL-ERP-Sharif-Ullah-Institute-Class-8','SCHOOL-ERP-Sharif-Ullah-Institute-Session-2022','Admission Form','ভর্তি ফরম',100,null,'now()','Active');
insert into "schoolerp".fees_setting (oid, head_code, fee_head_oid, group_code, group_oid, group_mapping_oid, institute_oid, institute_class_oid, session_oid, name_en, name_bn, amount, remarks, payment_last_date, status) values ('SCHOOL-ERP-103905-S-2022-C-08-Admission-Fees-Setting-Oid-Electricity-Bill','ELECTRICITY_BILL','SCHOOL-ERP-Sharif-Ullah-Institute-Fee-Head-Oid-Electricity-Bill','101','SCHOOL-ERP-Sharif-Ullah-Institute-Fee-Head-Group-Oid-Admission-101','SCHOOL-ERP-103905-S-2022-C-08-Fee-Head-Group-Mapping-Oid-Electricity-Bill','SCHOOL-ERP-Demo-School-Sharif-Ullah-High-School-And-College','SCHOOL-ERP-Sharif-Ullah-Institute-Class-8','SCHOOL-ERP-Sharif-Ullah-Institute-Session-2022','Electricity Bill','বিদ্যুৎ বিল',120,null,'now()','Active');
insert into "schoolerp".fees_setting (oid, head_code, fee_head_oid, group_code, group_oid, group_mapping_oid, institute_oid, institute_class_oid, session_oid, name_en, name_bn, amount, remarks, payment_last_date, status) values ('SCHOOL-ERP-103905-S-2022-C-08-Admission-Fees-Setting-Oid-Sports','SPORTS','SCHOOL-ERP-Sharif-Ullah-Institute-Fee-Head-Oid-Sports','101','SCHOOL-ERP-Sharif-Ullah-Institute-Fee-Head-Group-Oid-Admission-101','SCHOOL-ERP-103905-S-2022-C-08-Fee-Head-Group-Mapping-Oid-Sports','SCHOOL-ERP-Demo-School-Sharif-Ullah-High-School-And-College','SCHOOL-ERP-Sharif-Ullah-Institute-Class-8','SCHOOL-ERP-Sharif-Ullah-Institute-Session-2022','Sports','খেলাধুলা',80,null,'now()','Active');
insert into "schoolerp".fees_setting (oid, head_code, fee_head_oid, group_code, group_oid, group_mapping_oid, institute_oid, institute_class_oid, session_oid, name_en, name_bn, amount, remarks, payment_last_date, status) values ('SCHOOL-ERP-103905-S-2022-C-08-Admission-Fees-Setting-Oid-Syllabus-And-Monogram','SYLLABUS_AND_MONOGRAM','SCHOOL-ERP-Sharif-Ullah-Institute-Fee-Head-Oid-Syllabus-And-Monogram','101','SCHOOL-ERP-Sharif-Ullah-Institute-Fee-Head-Group-Oid-Admission-101','SCHOOL-ERP-103905-S-2022-C-08-Fee-Head-Group-Mapping-Oid-Syllabus-And-Monogram','SCHOOL-ERP-Demo-School-Sharif-Ullah-High-School-And-College','SCHOOL-ERP-Sharif-Ullah-Institute-Class-8','SCHOOL-ERP-Sharif-Ullah-Institute-Session-2022','Syllabus And Monogram','সিলেবাস এবং মনোগ্রাম',50,null,'now()','Active');
insert into "schoolerp".fees_setting (oid, head_code, fee_head_oid, group_code, group_oid, group_mapping_oid, institute_oid, institute_class_oid, session_oid, name_en, name_bn, amount, remarks, payment_last_date, status) values ('SCHOOL-ERP-103905-S-2022-C-08-Admission-Fees-Setting-Oid-Scout','SCOUT','SCHOOL-ERP-Sharif-Ullah-Institute-Fee-Head-Oid-Scout','101','SCHOOL-ERP-Sharif-Ullah-Institute-Fee-Head-Group-Oid-Admission-101','SCHOOL-ERP-103905-S-2022-C-08-Fee-Head-Group-Mapping-Oid-Scout','SCHOOL-ERP-Demo-School-Sharif-Ullah-High-School-And-College','SCHOOL-ERP-Sharif-Ullah-Institute-Class-8','SCHOOL-ERP-Sharif-Ullah-Institute-Session-2022','Scout','স্কাউট',30,null,'now()','Active');
insert into "schoolerp".fees_setting (oid, head_code, fee_head_oid, group_code, group_oid, group_mapping_oid, institute_oid, institute_class_oid, session_oid, name_en, name_bn, amount, remarks, payment_last_date, status) values ('SCHOOL-ERP-103905-S-2022-C-08-Admission-Fees-Setting-Oid-Red-Crisent','RED_CRISENT','SCHOOL-ERP-Sharif-Ullah-Institute-Fee-Head-Oid-Red-Crisent','101','SCHOOL-ERP-Sharif-Ullah-Institute-Fee-Head-Group-Oid-Admission-101','SCHOOL-ERP-103905-S-2022-C-08-Fee-Head-Group-Mapping-Oid-Red-Crisent','SCHOOL-ERP-Demo-School-Sharif-Ullah-High-School-And-College','SCHOOL-ERP-Sharif-Ullah-Institute-Class-8','SCHOOL-ERP-Sharif-Ullah-Institute-Session-2022','Red Crisent','রেড ক্রিসেন্ট',20,null,'now()','Active');
insert into "schoolerp".fees_setting (oid, head_code, fee_head_oid, group_code, group_oid, group_mapping_oid, institute_oid, institute_class_oid, session_oid, name_en, name_bn, amount, remarks, payment_last_date, status) values ('SCHOOL-ERP-103905-S-2022-C-08-Admission-Fees-Setting-Oid-Library-Fee','LIBRARY_FEE','SCHOOL-ERP-Sharif-Ullah-Institute-Fee-Head-Oid-Library-Fee','101','SCHOOL-ERP-Sharif-Ullah-Institute-Fee-Head-Group-Oid-Admission-101','SCHOOL-ERP-103905-S-2022-C-08-Fee-Head-Group-Mapping-Oid-Library-Fee','SCHOOL-ERP-Demo-School-Sharif-Ullah-High-School-And-College','SCHOOL-ERP-Sharif-Ullah-Institute-Class-8','SCHOOL-ERP-Sharif-Ullah-Institute-Session-2022','Library Fee','লাইব্রেরি ফি',30,null,'now()','Active');
insert into "schoolerp".fees_setting (oid, head_code, fee_head_oid, group_code, group_oid, group_mapping_oid, institute_oid, institute_class_oid, session_oid, name_en, name_bn, amount, remarks, payment_last_date, status) values ('SCHOOL-ERP-103905-S-2022-C-08-Admission-Fees-Setting-Oid-Science-Lab','SCIENCE_LAB','SCHOOL-ERP-Sharif-Ullah-Institute-Fee-Head-Oid-Science-Lab','101','SCHOOL-ERP-Sharif-Ullah-Institute-Fee-Head-Group-Oid-Admission-101','SCHOOL-ERP-103905-S-2022-C-08-Fee-Head-Group-Mapping-Oid-Science-Lab','SCHOOL-ERP-Demo-School-Sharif-Ullah-High-School-And-College','SCHOOL-ERP-Sharif-Ullah-Institute-Class-8','SCHOOL-ERP-Sharif-Ullah-Institute-Session-2022','Science Lab','বিজ্ঞানাগার',20,null,'now()','Active');
insert into "schoolerp".fees_setting (oid, head_code, fee_head_oid, group_code, group_oid, group_mapping_oid, institute_oid, institute_class_oid, session_oid, name_en, name_bn, amount, remarks, payment_last_date, status) values ('SCHOOL-ERP-103905-S-2022-2023-C-09-Admission-Fees-Setting-Oid-Admission-Fee','ADMISSION_FEE','SCHOOL-ERP-Sharif-Ullah-Institute-Fee-Head-Oid-Admission-Fee','101','SCHOOL-ERP-Sharif-Ullah-Institute-Fee-Head-Group-Oid-Admission-101','SCHOOL-ERP-103905-S-2022-2023-C-09-Fee-Head-Group-Mapping-Oid-Admission-Fee','SCHOOL-ERP-Demo-School-Sharif-Ullah-High-School-And-College','SCHOOL-ERP-Sharif-Ullah-Institute-Class-9','SCHOOL-ERP-Sharif-Ullah-Institute-Session-2022-2023','Admission Fee','ভর্তি ফী',500,null,'now()','Active');
insert into "schoolerp".fees_setting (oid, head_code, fee_head_oid, group_code, group_oid, group_mapping_oid, institute_oid, institute_class_oid, session_oid, name_en, name_bn, amount, remarks, payment_last_date, status) values ('SCHOOL-ERP-103905-S-2022-2023-C-09-Admission-Fees-Setting-Oid-Development-Fee','DEVELOPMENT_FEE','SCHOOL-ERP-Sharif-Ullah-Institute-Fee-Head-Oid-Development-Fee','101','SCHOOL-ERP-Sharif-Ullah-Institute-Fee-Head-Group-Oid-Admission-101','SCHOOL-ERP-103905-S-2022-2023-C-09-Fee-Head-Group-Mapping-Oid-Development-Fee','SCHOOL-ERP-Demo-School-Sharif-Ullah-High-School-And-College','SCHOOL-ERP-Sharif-Ullah-Institute-Class-9','SCHOOL-ERP-Sharif-Ullah-Institute-Session-2022-2023','Development Fee','উন্নয়ন ফি',250,null,'now()','Active');
insert into "schoolerp".fees_setting (oid, head_code, fee_head_oid, group_code, group_oid, group_mapping_oid, institute_oid, institute_class_oid, session_oid, name_en, name_bn, amount, remarks, payment_last_date, status) values ('SCHOOL-ERP-103905-S-2022-2023-C-09-Admission-Fees-Setting-Oid-Admission-Form','ADMISSION_FORM','SCHOOL-ERP-Sharif-Ullah-Institute-Fee-Head-Oid-Admission-Form','101','SCHOOL-ERP-Sharif-Ullah-Institute-Fee-Head-Group-Oid-Admission-101','SCHOOL-ERP-103905-S-2022-2023-C-09-Fee-Head-Group-Mapping-Oid-Admission-Form','SCHOOL-ERP-Demo-School-Sharif-Ullah-High-School-And-College','SCHOOL-ERP-Sharif-Ullah-Institute-Class-9','SCHOOL-ERP-Sharif-Ullah-Institute-Session-2022-2023','Admission Form','ভর্তি ফরম',100,null,'now()','Active');
insert into "schoolerp".fees_setting (oid, head_code, fee_head_oid, group_code, group_oid, group_mapping_oid, institute_oid, institute_class_oid, session_oid, name_en, name_bn, amount, remarks, payment_last_date, status) values ('SCHOOL-ERP-103905-S-2022-2023-C-09-Admission-Fees-Setting-Oid-Electricity-Bill','ELECTRICITY_BILL','SCHOOL-ERP-Sharif-Ullah-Institute-Fee-Head-Oid-Electricity-Bill','101','SCHOOL-ERP-Sharif-Ullah-Institute-Fee-Head-Group-Oid-Admission-101','SCHOOL-ERP-103905-S-2022-2023-C-09-Fee-Head-Group-Mapping-Oid-Electricity-Bill','SCHOOL-ERP-Demo-School-Sharif-Ullah-High-School-And-College','SCHOOL-ERP-Sharif-Ullah-Institute-Class-9','SCHOOL-ERP-Sharif-Ullah-Institute-Session-2022-2023','Electricity Bill','বিদ্যুৎ বিল',120,null,'now()','Active');
insert into "schoolerp".fees_setting (oid, head_code, fee_head_oid, group_code, group_oid, group_mapping_oid, institute_oid, institute_class_oid, session_oid, name_en, name_bn, amount, remarks, payment_last_date, status) values ('SCHOOL-ERP-103905-S-2022-2023-C-09-Admission-Fees-Setting-Oid-Sports','SPORTS','SCHOOL-ERP-Sharif-Ullah-Institute-Fee-Head-Oid-Sports','101','SCHOOL-ERP-Sharif-Ullah-Institute-Fee-Head-Group-Oid-Admission-101','SCHOOL-ERP-103905-S-2022-2023-C-09-Fee-Head-Group-Mapping-Oid-Sports','SCHOOL-ERP-Demo-School-Sharif-Ullah-High-School-And-College','SCHOOL-ERP-Sharif-Ullah-Institute-Class-9','SCHOOL-ERP-Sharif-Ullah-Institute-Session-2022-2023','Sports','খেলাধুলা',80,null,'now()','Active');
insert into "schoolerp".fees_setting (oid, head_code, fee_head_oid, group_code, group_oid, group_mapping_oid, institute_oid, institute_class_oid, session_oid, name_en, name_bn, amount, remarks, payment_last_date, status) values ('SCHOOL-ERP-103905-S-2022-2023-C-09-Admission-Fees-Setting-Oid-Syllabus-And-Monogram','SYLLABUS_AND_MONOGRAM','SCHOOL-ERP-Sharif-Ullah-Institute-Fee-Head-Oid-Syllabus-And-Monogram','101','SCHOOL-ERP-Sharif-Ullah-Institute-Fee-Head-Group-Oid-Admission-101','SCHOOL-ERP-103905-S-2022-2023-C-09-Fee-Head-Group-Mapping-Oid-Syllabus-And-Monogram','SCHOOL-ERP-Demo-School-Sharif-Ullah-High-School-And-College','SCHOOL-ERP-Sharif-Ullah-Institute-Class-9','SCHOOL-ERP-Sharif-Ullah-Institute-Session-2022-2023','Syllabus And Monogram','সিলেবাস এবং মনোগ্রাম',50,null,'now()','Active');
insert into "schoolerp".fees_setting (oid, head_code, fee_head_oid, group_code, group_oid, group_mapping_oid, institute_oid, institute_class_oid, session_oid, name_en, name_bn, amount, remarks, payment_last_date, status) values ('SCHOOL-ERP-103905-S-2022-2023-C-09-Admission-Fees-Setting-Oid-Scout','SCOUT','SCHOOL-ERP-Sharif-Ullah-Institute-Fee-Head-Oid-Scout','101','SCHOOL-ERP-Sharif-Ullah-Institute-Fee-Head-Group-Oid-Admission-101','SCHOOL-ERP-103905-S-2022-2023-C-09-Fee-Head-Group-Mapping-Oid-Scout','SCHOOL-ERP-Demo-School-Sharif-Ullah-High-School-And-College','SCHOOL-ERP-Sharif-Ullah-Institute-Class-9','SCHOOL-ERP-Sharif-Ullah-Institute-Session-2022-2023','Scout','স্কাউট',30,null,'now()','Active');
insert into "schoolerp".fees_setting (oid, head_code, fee_head_oid, group_code, group_oid, group_mapping_oid, institute_oid, institute_class_oid, session_oid, name_en, name_bn, amount, remarks, payment_last_date, status) values ('SCHOOL-ERP-103905-S-2022-2023-C-09-Admission-Fees-Setting-Oid-Red-Crisent','RED_CRISENT','SCHOOL-ERP-Sharif-Ullah-Institute-Fee-Head-Oid-Red-Crisent','101','SCHOOL-ERP-Sharif-Ullah-Institute-Fee-Head-Group-Oid-Admission-101','SCHOOL-ERP-103905-S-2022-2023-C-09-Fee-Head-Group-Mapping-Oid-Red-Crisent','SCHOOL-ERP-Demo-School-Sharif-Ullah-High-School-And-College','SCHOOL-ERP-Sharif-Ullah-Institute-Class-9','SCHOOL-ERP-Sharif-Ullah-Institute-Session-2022-2023','Red Crisent','রেড ক্রিসেন্ট',20,null,'now()','Active');
insert into "schoolerp".fees_setting (oid, head_code, fee_head_oid, group_code, group_oid, group_mapping_oid, institute_oid, institute_class_oid, session_oid, name_en, name_bn, amount, remarks, payment_last_date, status) values ('SCHOOL-ERP-103905-S-2022-2023-C-09-Admission-Fees-Setting-Oid-Library-Fee','LIBRARY_FEE','SCHOOL-ERP-Sharif-Ullah-Institute-Fee-Head-Oid-Library-Fee','101','SCHOOL-ERP-Sharif-Ullah-Institute-Fee-Head-Group-Oid-Admission-101','SCHOOL-ERP-103905-S-2022-2023-C-09-Fee-Head-Group-Mapping-Oid-Library-Fee','SCHOOL-ERP-Demo-School-Sharif-Ullah-High-School-And-College','SCHOOL-ERP-Sharif-Ullah-Institute-Class-9','SCHOOL-ERP-Sharif-Ullah-Institute-Session-2022-2023','Library Fee','লাইব্রেরি ফি',30,null,'now()','Active');
insert into "schoolerp".fees_setting (oid, head_code, fee_head_oid, group_code, group_oid, group_mapping_oid, institute_oid, institute_class_oid, session_oid, name_en, name_bn, amount, remarks, payment_last_date, status) values ('SCHOOL-ERP-103905-S-2022-2023-C-09-Admission-Fees-Setting-Oid-Science-Lab','SCIENCE_LAB','SCHOOL-ERP-Sharif-Ullah-Institute-Fee-Head-Oid-Science-Lab','101','SCHOOL-ERP-Sharif-Ullah-Institute-Fee-Head-Group-Oid-Admission-101','SCHOOL-ERP-103905-S-2022-2023-C-09-Fee-Head-Group-Mapping-Oid-Science-Lab','SCHOOL-ERP-Demo-School-Sharif-Ullah-High-School-And-College','SCHOOL-ERP-Sharif-Ullah-Institute-Class-9','SCHOOL-ERP-Sharif-Ullah-Institute-Session-2022-2023','Science Lab','বিজ্ঞানাগার',20,null,'now()','Active');
insert into "schoolerp".fees_setting (oid, head_code, fee_head_oid, group_code, group_oid, group_mapping_oid, institute_oid, institute_class_oid, session_oid, name_en, name_bn, amount, remarks, payment_last_date, status) values ('SCHOOL-ERP-103905-S-2022-2023-C-10-Admission-Fees-Setting-Oid-Admission-Fee','ADMISSION_FEE','SCHOOL-ERP-Sharif-Ullah-Institute-Fee-Head-Oid-Admission-Fee','101','SCHOOL-ERP-Sharif-Ullah-Institute-Fee-Head-Group-Oid-Admission-101','SCHOOL-ERP-103905-S-2022-2023-C-10-Fee-Head-Group-Mapping-Oid-Admission-Fee','SCHOOL-ERP-Demo-School-Sharif-Ullah-High-School-And-College','SCHOOL-ERP-Sharif-Ullah-Institute-Class-10','SCHOOL-ERP-Sharif-Ullah-Institute-Session-2022-2023','Admission Fee','ভর্তি ফী',500,null,'now()','Active');
insert into "schoolerp".fees_setting (oid, head_code, fee_head_oid, group_code, group_oid, group_mapping_oid, institute_oid, institute_class_oid, session_oid, name_en, name_bn, amount, remarks, payment_last_date, status) values ('SCHOOL-ERP-103905-S-2022-2023-C-10-Admission-Fees-Setting-Oid-Development-Fee','DEVELOPMENT_FEE','SCHOOL-ERP-Sharif-Ullah-Institute-Fee-Head-Oid-Development-Fee','101','SCHOOL-ERP-Sharif-Ullah-Institute-Fee-Head-Group-Oid-Admission-101','SCHOOL-ERP-103905-S-2022-2023-C-10-Fee-Head-Group-Mapping-Oid-Development-Fee','SCHOOL-ERP-Demo-School-Sharif-Ullah-High-School-And-College','SCHOOL-ERP-Sharif-Ullah-Institute-Class-10','SCHOOL-ERP-Sharif-Ullah-Institute-Session-2022-2023','Development Fee','উন্নয়ন ফি',250,null,'now()','Active');
insert into "schoolerp".fees_setting (oid, head_code, fee_head_oid, group_code, group_oid, group_mapping_oid, institute_oid, institute_class_oid, session_oid, name_en, name_bn, amount, remarks, payment_last_date, status) values ('SCHOOL-ERP-103905-S-2022-2023-C-10-Admission-Fees-Setting-Oid-Admission-Form','ADMISSION_FORM','SCHOOL-ERP-Sharif-Ullah-Institute-Fee-Head-Oid-Admission-Form','101','SCHOOL-ERP-Sharif-Ullah-Institute-Fee-Head-Group-Oid-Admission-101','SCHOOL-ERP-103905-S-2022-2023-C-10-Fee-Head-Group-Mapping-Oid-Admission-Form','SCHOOL-ERP-Demo-School-Sharif-Ullah-High-School-And-College','SCHOOL-ERP-Sharif-Ullah-Institute-Class-10','SCHOOL-ERP-Sharif-Ullah-Institute-Session-2022-2023','Admission Form','ভর্তি ফরম',100,null,'now()','Active');
insert into "schoolerp".fees_setting (oid, head_code, fee_head_oid, group_code, group_oid, group_mapping_oid, institute_oid, institute_class_oid, session_oid, name_en, name_bn, amount, remarks, payment_last_date, status) values ('SCHOOL-ERP-103905-S-2022-2023-C-10-Admission-Fees-Setting-Oid-Electricity-Bill','ELECTRICITY_BILL','SCHOOL-ERP-Sharif-Ullah-Institute-Fee-Head-Oid-Electricity-Bill','101','SCHOOL-ERP-Sharif-Ullah-Institute-Fee-Head-Group-Oid-Admission-101','SCHOOL-ERP-103905-S-2022-2023-C-10-Fee-Head-Group-Mapping-Oid-Electricity-Bill','SCHOOL-ERP-Demo-School-Sharif-Ullah-High-School-And-College','SCHOOL-ERP-Sharif-Ullah-Institute-Class-10','SCHOOL-ERP-Sharif-Ullah-Institute-Session-2022-2023','Electricity Bill','বিদ্যুৎ বিল',120,null,'now()','Active');
insert into "schoolerp".fees_setting (oid, head_code, fee_head_oid, group_code, group_oid, group_mapping_oid, institute_oid, institute_class_oid, session_oid, name_en, name_bn, amount, remarks, payment_last_date, status) values ('SCHOOL-ERP-103905-S-2022-2023-C-10-Admission-Fees-Setting-Oid-Sports','SPORTS','SCHOOL-ERP-Sharif-Ullah-Institute-Fee-Head-Oid-Sports','101','SCHOOL-ERP-Sharif-Ullah-Institute-Fee-Head-Group-Oid-Admission-101','SCHOOL-ERP-103905-S-2022-2023-C-10-Fee-Head-Group-Mapping-Oid-Sports','SCHOOL-ERP-Demo-School-Sharif-Ullah-High-School-And-College','SCHOOL-ERP-Sharif-Ullah-Institute-Class-10','SCHOOL-ERP-Sharif-Ullah-Institute-Session-2022-2023','Sports','খেলাধুলা',80,null,'now()','Active');
insert into "schoolerp".fees_setting (oid, head_code, fee_head_oid, group_code, group_oid, group_mapping_oid, institute_oid, institute_class_oid, session_oid, name_en, name_bn, amount, remarks, payment_last_date, status) values ('SCHOOL-ERP-103905-S-2022-2023-C-10-Admission-Fees-Setting-Oid-Syllabus-And-Monogram','SYLLABUS_AND_MONOGRAM','SCHOOL-ERP-Sharif-Ullah-Institute-Fee-Head-Oid-Syllabus-And-Monogram','101','SCHOOL-ERP-Sharif-Ullah-Institute-Fee-Head-Group-Oid-Admission-101','SCHOOL-ERP-103905-S-2022-2023-C-10-Fee-Head-Group-Mapping-Oid-Syllabus-And-Monogram','SCHOOL-ERP-Demo-School-Sharif-Ullah-High-School-And-College','SCHOOL-ERP-Sharif-Ullah-Institute-Class-10','SCHOOL-ERP-Sharif-Ullah-Institute-Session-2022-2023','Syllabus And Monogram','সিলেবাস এবং মনোগ্রাম',50,null,'now()','Active');
insert into "schoolerp".fees_setting (oid, head_code, fee_head_oid, group_code, group_oid, group_mapping_oid, institute_oid, institute_class_oid, session_oid, name_en, name_bn, amount, remarks, payment_last_date, status) values ('SCHOOL-ERP-103905-S-2022-2023-C-10-Admission-Fees-Setting-Oid-Scout','SCOUT','SCHOOL-ERP-Sharif-Ullah-Institute-Fee-Head-Oid-Scout','101','SCHOOL-ERP-Sharif-Ullah-Institute-Fee-Head-Group-Oid-Admission-101','SCHOOL-ERP-103905-S-2022-2023-C-10-Fee-Head-Group-Mapping-Oid-Scout','SCHOOL-ERP-Demo-School-Sharif-Ullah-High-School-And-College','SCHOOL-ERP-Sharif-Ullah-Institute-Class-10','SCHOOL-ERP-Sharif-Ullah-Institute-Session-2022-2023','Scout','স্কাউট',30,null,'now()','Active');
insert into "schoolerp".fees_setting (oid, head_code, fee_head_oid, group_code, group_oid, group_mapping_oid, institute_oid, institute_class_oid, session_oid, name_en, name_bn, amount, remarks, payment_last_date, status) values ('SCHOOL-ERP-103905-S-2022-2023-C-10-Admission-Fees-Setting-Oid-Red-Crisent','RED_CRISENT','SCHOOL-ERP-Sharif-Ullah-Institute-Fee-Head-Oid-Red-Crisent','101','SCHOOL-ERP-Sharif-Ullah-Institute-Fee-Head-Group-Oid-Admission-101','SCHOOL-ERP-103905-S-2022-2023-C-10-Fee-Head-Group-Mapping-Oid-Red-Crisent','SCHOOL-ERP-Demo-School-Sharif-Ullah-High-School-And-College','SCHOOL-ERP-Sharif-Ullah-Institute-Class-10','SCHOOL-ERP-Sharif-Ullah-Institute-Session-2022-2023','Red Crisent','রেড ক্রিসেন্ট',20,null,'now()','Active');
insert into "schoolerp".fees_setting (oid, head_code, fee_head_oid, group_code, group_oid, group_mapping_oid, institute_oid, institute_class_oid, session_oid, name_en, name_bn, amount, remarks, payment_last_date, status) values ('SCHOOL-ERP-103905-S-2022-2023-C-10-Admission-Fees-Setting-Oid-Library-Fee','LIBRARY_FEE','SCHOOL-ERP-Sharif-Ullah-Institute-Fee-Head-Oid-Library-Fee','101','SCHOOL-ERP-Sharif-Ullah-Institute-Fee-Head-Group-Oid-Admission-101','SCHOOL-ERP-103905-S-2022-2023-C-10-Fee-Head-Group-Mapping-Oid-Library-Fee','SCHOOL-ERP-Demo-School-Sharif-Ullah-High-School-And-College','SCHOOL-ERP-Sharif-Ullah-Institute-Class-10','SCHOOL-ERP-Sharif-Ullah-Institute-Session-2022-2023','Library Fee','লাইব্রেরি ফি',30,null,'now()','Active');
insert into "schoolerp".fees_setting (oid, head_code, fee_head_oid, group_code, group_oid, group_mapping_oid, institute_oid, institute_class_oid, session_oid, name_en, name_bn, amount, remarks, payment_last_date, status) values ('SCHOOL-ERP-103905-S-2022-2023-C-10-Admission-Fees-Setting-Oid-Science-Lab','SCIENCE_LAB','SCHOOL-ERP-Sharif-Ullah-Institute-Fee-Head-Oid-Science-Lab','101','SCHOOL-ERP-Sharif-Ullah-Institute-Fee-Head-Group-Oid-Admission-101','SCHOOL-ERP-103905-S-2022-2023-C-10-Fee-Head-Group-Mapping-Oid-Science-Lab','SCHOOL-ERP-Demo-School-Sharif-Ullah-High-School-And-College','SCHOOL-ERP-Sharif-Ullah-Institute-Class-10','SCHOOL-ERP-Sharif-Ullah-Institute-Session-2022-2023','Science Lab','বিজ্ঞানাগার',20,null,'now()','Active');
commit;


