-- exam
insert into "schoolerp".exam (oid, name_en, name_bn, start_date, end_date, exam_type, status, institute_session_oid, institute_oid) values ('doererp-exam-oid-0001','Midterm exam','অর্ধবার্ষিকী পরীক্ষা','2022-05-01','2022-05-18','Term-Exam','Published','SCHOOL-ERP-Institute-Session-2022','SCHOOL-ERP-Demo-School-001');
insert into "schoolerp".exam (oid, name_en, name_bn, start_date, end_date, exam_type, status, institute_session_oid, institute_oid) values ('doererp-exam-oid-0002','Test Exam','টেস্ট পরীক্ষা','2022-10-01','2022-10-15','Test-Exam','Approved','SCHOOL-ERP-Institute-Session-2022','SCHOOL-ERP-Demo-School-001');
insert into "schoolerp".exam (oid, name_en, name_bn, start_date, end_date, exam_type, status, institute_session_oid, institute_oid) values ('doererp-exam-oid-0003','Final Exam','বার্ষিক পরিক্ষা','2022-12-01','2022-12-20','Term-Exam','Draft','SCHOOL-ERP-Institute-Session-2022','SCHOOL-ERP-Demo-School-001');
insert into "schoolerp".exam (oid, name_en, name_bn, start_date, end_date, exam_type, status, institute_session_oid, institute_oid) values ('SCHOOL-ERP-Adarsha-Institute-Exam-Oid-0001','Midterm exam','অর্ধবার্ষিকী পরীক্ষা','2022-05-01','2022-05-18','Term-Exam','Published','SCHOOL-ERP-Adarsha-Institute-Session-2022','SCHOOL-ERP-Demo-School-Adarsha-High-School-And-College');
insert into "schoolerp".exam (oid, name_en, name_bn, start_date, end_date, exam_type, status, institute_session_oid, institute_oid) values ('SCHOOL-ERP-Adarsha-Institute-Exam-Oid-0002','Test Exam','টেস্ট পরীক্ষা','2022-10-01','2022-10-15','Test-Exam','Approved','SCHOOL-ERP-Adarsha-Institute-Session-2022','SCHOOL-ERP-Demo-School-Adarsha-High-School-And-College');
insert into "schoolerp".exam (oid, name_en, name_bn, start_date, end_date, exam_type, status, institute_session_oid, institute_oid) values ('SCHOOL-ERP-Adarsha-Institute-Exam-Oid-0003','Final Exam','বার্ষিক পরিক্ষা','2022-12-01','2022-12-20','Term-Exam','Draft','SCHOOL-ERP-Adarsha-Institute-Session-2022','SCHOOL-ERP-Demo-School-Adarsha-High-School-And-College');
commit;

-- exam_time
insert into "schoolerp".exam_time (oid, start_time, end_time, exam_duration, exam_oid, status) values ('schoolerp-exam-time-oid-0001','10:00 AM','1:00 PM','3','doererp-exam-oid-0001','Active');
insert into "schoolerp".exam_time (oid, start_time, end_time, exam_duration, exam_oid, status) values ('schoolerp-exam-time-oid-0002','10:00 AM','12:00 PM','2','doererp-exam-oid-0002','Inactive');
insert into "schoolerp".exam_time (oid, start_time, end_time, exam_duration, exam_oid, status) values ('schoolerp-exam-time-oid-0003','10:00 AM','1:00 PM','3','doererp-exam-oid-0003','Inactive');
insert into "schoolerp".exam_time (oid, start_time, end_time, exam_duration, exam_oid, status) values ('SCHOOL-ERP-Adarsha-Institute-Exam-Time-Oid-0001','10:00 AM','1:00 PM','3','SCHOOL-ERP-Adarsha-Institute-Exam-Oid-0001','Active');
insert into "schoolerp".exam_time (oid, start_time, end_time, exam_duration, exam_oid, status) values ('SCHOOL-ERP-Adarsha-Institute-Exam-Time-Oid-0002','10:00 AM','12:00 PM','2','SCHOOL-ERP-Adarsha-Institute-Exam-Oid-0002','Active');
insert into "schoolerp".exam_time (oid, start_time, end_time, exam_duration, exam_oid, status) values ('SCHOOL-ERP-Adarsha-Institute-Exam-Time-Oid-0003','10:00 AM','1:00 PM','3','SCHOOL-ERP-Adarsha-Institute-Exam-Oid-0003','Active');
commit;

-- exam_class
insert into "schoolerp".exam_class (oid, exam_oid, institute_class_oid, grading_system_oid, status) values ('schoolerp-exam-class-oid-0001','doererp-exam-oid-0001','SCHOOL-ERP-Institute-Class-6','SCHOOL-ERP-Institute-Grading-System-0001','Active');
insert into "schoolerp".exam_class (oid, exam_oid, institute_class_oid, grading_system_oid, status) values ('schoolerp-exam-class-oid-0002','doererp-exam-oid-0001','SCHOOL-ERP-Institute-Class-7','SCHOOL-ERP-Institute-Grading-System-0001','Active');
insert into "schoolerp".exam_class (oid, exam_oid, institute_class_oid, grading_system_oid, status) values ('schoolerp-exam-class-oid-0003','doererp-exam-oid-0001','SCHOOL-ERP-Institute-Class-8','SCHOOL-ERP-Institute-Grading-System-0001','Active');
insert into "schoolerp".exam_class (oid, exam_oid, institute_class_oid, grading_system_oid, status) values ('schoolerp-exam-class-oid-0004','doererp-exam-oid-0001','SCHOOL-ERP-Institute-Class-9','SCHOOL-ERP-Institute-Grading-System-0002','Active');
insert into "schoolerp".exam_class (oid, exam_oid, institute_class_oid, grading_system_oid, status) values ('schoolerp-exam-class-oid-0005','doererp-exam-oid-0001','SCHOOL-ERP-Institute-Class-10','SCHOOL-ERP-Institute-Grading-System-0002','Active');
insert into "schoolerp".exam_class (oid, exam_oid, institute_class_oid, grading_system_oid, status) values ('schoolerp-exam-class-oid-0006','doererp-exam-oid-0002','SCHOOL-ERP-Institute-Class-6','SCHOOL-ERP-Institute-Grading-System-0001','Inactive');
insert into "schoolerp".exam_class (oid, exam_oid, institute_class_oid, grading_system_oid, status) values ('schoolerp-exam-class-oid-0007','doererp-exam-oid-0002','SCHOOL-ERP-Institute-Class-7','SCHOOL-ERP-Institute-Grading-System-0001','Inactive');
insert into "schoolerp".exam_class (oid, exam_oid, institute_class_oid, grading_system_oid, status) values ('schoolerp-exam-class-oid-0008','doererp-exam-oid-0002','SCHOOL-ERP-Institute-Class-8','SCHOOL-ERP-Institute-Grading-System-0001','Inactive');
insert into "schoolerp".exam_class (oid, exam_oid, institute_class_oid, grading_system_oid, status) values ('schoolerp-exam-class-oid-0009','doererp-exam-oid-0002','SCHOOL-ERP-Institute-Class-9','SCHOOL-ERP-Institute-Grading-System-0002','Inactive');
insert into "schoolerp".exam_class (oid, exam_oid, institute_class_oid, grading_system_oid, status) values ('schoolerp-exam-class-oid-0010','doererp-exam-oid-0002','SCHOOL-ERP-Institute-Class-10','SCHOOL-ERP-Institute-Grading-System-0002','Inactive');
insert into "schoolerp".exam_class (oid, exam_oid, institute_class_oid, grading_system_oid, status) values ('schoolerp-exam-class-oid-0011','doererp-exam-oid-0003','SCHOOL-ERP-Institute-Class-6','SCHOOL-ERP-Institute-Grading-System-0001','Inactive');
insert into "schoolerp".exam_class (oid, exam_oid, institute_class_oid, grading_system_oid, status) values ('schoolerp-exam-class-oid-0012','doererp-exam-oid-0003','SCHOOL-ERP-Institute-Class-7','SCHOOL-ERP-Institute-Grading-System-0001','Inactive');
insert into "schoolerp".exam_class (oid, exam_oid, institute_class_oid, grading_system_oid, status) values ('schoolerp-exam-class-oid-0013','doererp-exam-oid-0003','SCHOOL-ERP-Institute-Class-8','SCHOOL-ERP-Institute-Grading-System-0001','Inactive');
insert into "schoolerp".exam_class (oid, exam_oid, institute_class_oid, grading_system_oid, status) values ('schoolerp-exam-class-oid-0014','doererp-exam-oid-0003','SCHOOL-ERP-Institute-Class-9','SCHOOL-ERP-Institute-Grading-System-0002','Inactive');
insert into "schoolerp".exam_class (oid, exam_oid, institute_class_oid, grading_system_oid, status) values ('schoolerp-exam-class-oid-0015','doererp-exam-oid-0003','SCHOOL-ERP-Institute-Class-10','SCHOOL-ERP-Institute-Grading-System-0002','Inactive');
insert into "schoolerp".exam_class (oid, exam_oid, institute_class_oid, grading_system_oid, status) values ('SCHOOL-ERP-Adarsha-Institute-Exam-Class-Oid-0001','SCHOOL-ERP-Adarsha-Institute-Exam-Oid-0001','SCHOOL-ERP-Adarsha-Institute-Class-6','SCHOOL-ERP-Adarsha-Institute-Grading-System-0001','Active');
insert into "schoolerp".exam_class (oid, exam_oid, institute_class_oid, grading_system_oid, status) values ('SCHOOL-ERP-Adarsha-Institute-Exam-Class-Oid-0002','SCHOOL-ERP-Adarsha-Institute-Exam-Oid-0001','SCHOOL-ERP-Adarsha-Institute-Class-7','SCHOOL-ERP-Adarsha-Institute-Grading-System-0001','Active');
insert into "schoolerp".exam_class (oid, exam_oid, institute_class_oid, grading_system_oid, status) values ('SCHOOL-ERP-Adarsha-Institute-Exam-Class-Oid-0003','SCHOOL-ERP-Adarsha-Institute-Exam-Oid-0001','SCHOOL-ERP-Adarsha-Institute-Class-8','SCHOOL-ERP-Adarsha-Institute-Grading-System-0001','Active');
insert into "schoolerp".exam_class (oid, exam_oid, institute_class_oid, grading_system_oid, status) values ('SCHOOL-ERP-Adarsha-Institute-Exam-Class-Oid-0004','SCHOOL-ERP-Adarsha-Institute-Exam-Oid-0001','SCHOOL-ERP-Adarsha-Institute-Class-9','SCHOOL-ERP-Adarsha-Institute-Grading-System-0002','Active');
insert into "schoolerp".exam_class (oid, exam_oid, institute_class_oid, grading_system_oid, status) values ('SCHOOL-ERP-Adarsha-Institute-Exam-Class-Oid-0005','SCHOOL-ERP-Adarsha-Institute-Exam-Oid-0001','SCHOOL-ERP-Adarsha-Institute-Class-10','SCHOOL-ERP-Adarsha-Institute-Grading-System-0002','Active');
insert into "schoolerp".exam_class (oid, exam_oid, institute_class_oid, grading_system_oid, status) values ('SCHOOL-ERP-Adarsha-Institute-Exam-Class-Oid-0006','SCHOOL-ERP-Adarsha-Institute-Exam-Oid-0002','SCHOOL-ERP-Adarsha-Institute-Class-6','SCHOOL-ERP-Adarsha-Institute-Grading-System-0001','Inactive');
insert into "schoolerp".exam_class (oid, exam_oid, institute_class_oid, grading_system_oid, status) values ('SCHOOL-ERP-Adarsha-Institute-Exam-Class-Oid-0007','SCHOOL-ERP-Adarsha-Institute-Exam-Oid-0002','SCHOOL-ERP-Adarsha-Institute-Class-7','SCHOOL-ERP-Adarsha-Institute-Grading-System-0001','Inactive');
insert into "schoolerp".exam_class (oid, exam_oid, institute_class_oid, grading_system_oid, status) values ('SCHOOL-ERP-Adarsha-Institute-Exam-Class-Oid-0008','SCHOOL-ERP-Adarsha-Institute-Exam-Oid-0002','SCHOOL-ERP-Adarsha-Institute-Class-8','SCHOOL-ERP-Adarsha-Institute-Grading-System-0001','Inactive');
insert into "schoolerp".exam_class (oid, exam_oid, institute_class_oid, grading_system_oid, status) values ('SCHOOL-ERP-Adarsha-Institute-Exam-Class-Oid-0009','SCHOOL-ERP-Adarsha-Institute-Exam-Oid-0002','SCHOOL-ERP-Adarsha-Institute-Class-9','SCHOOL-ERP-Adarsha-Institute-Grading-System-0002','Inactive');
insert into "schoolerp".exam_class (oid, exam_oid, institute_class_oid, grading_system_oid, status) values ('SCHOOL-ERP-Adarsha-Institute-Exam-Class-Oid-0010','SCHOOL-ERP-Adarsha-Institute-Exam-Oid-0002','SCHOOL-ERP-Adarsha-Institute-Class-10','SCHOOL-ERP-Adarsha-Institute-Grading-System-0002','Inactive');
insert into "schoolerp".exam_class (oid, exam_oid, institute_class_oid, grading_system_oid, status) values ('SCHOOL-ERP-Adarsha-Institute-Exam-Class-Oid-0011','SCHOOL-ERP-Adarsha-Institute-Exam-Oid-0003','SCHOOL-ERP-Adarsha-Institute-Class-6','SCHOOL-ERP-Adarsha-Institute-Grading-System-0001','Inactive');
insert into "schoolerp".exam_class (oid, exam_oid, institute_class_oid, grading_system_oid, status) values ('SCHOOL-ERP-Adarsha-Institute-Exam-Class-Oid-0012','SCHOOL-ERP-Adarsha-Institute-Exam-Oid-0003','SCHOOL-ERP-Adarsha-Institute-Class-7','SCHOOL-ERP-Adarsha-Institute-Grading-System-0001','Inactive');
insert into "schoolerp".exam_class (oid, exam_oid, institute_class_oid, grading_system_oid, status) values ('SCHOOL-ERP-Adarsha-Institute-Exam-Class-Oid-0013','SCHOOL-ERP-Adarsha-Institute-Exam-Oid-0003','SCHOOL-ERP-Adarsha-Institute-Class-8','SCHOOL-ERP-Adarsha-Institute-Grading-System-0001','Inactive');
insert into "schoolerp".exam_class (oid, exam_oid, institute_class_oid, grading_system_oid, status) values ('SCHOOL-ERP-Adarsha-Institute-Exam-Class-Oid-0014','SCHOOL-ERP-Adarsha-Institute-Exam-Oid-0003','SCHOOL-ERP-Adarsha-Institute-Class-9','SCHOOL-ERP-Adarsha-Institute-Grading-System-0002','Inactive');
insert into "schoolerp".exam_class (oid, exam_oid, institute_class_oid, grading_system_oid, status) values ('SCHOOL-ERP-Adarsha-Institute-Exam-Class-Oid-0015','SCHOOL-ERP-Adarsha-Institute-Exam-Oid-0003','SCHOOL-ERP-Adarsha-Institute-Class-10','SCHOOL-ERP-Adarsha-Institute-Grading-System-0002','Inactive');
commit;

-- exam_routine
insert into "schoolerp".exam_routine (oid, exam_date, exam_oid, exam_class_oid, exam_time_oid, class_textbook_oid, total_marks, status) values ('schoolerp-exam-routine-oid-0001','2022-01-06','doererp-exam-oid-0001','schoolerp-exam-class-oid-0001','schoolerp-exam-time-oid-0001','SCHOOL-ERP-Institute-Text-Book-0077',100,'Active');
insert into "schoolerp".exam_routine (oid, exam_date, exam_oid, exam_class_oid, exam_time_oid, class_textbook_oid, total_marks, status) values ('schoolerp-exam-routine-oid-0002','2022-01-07','doererp-exam-oid-0001','schoolerp-exam-class-oid-0001','schoolerp-exam-time-oid-0001','SCHOOL-ERP-Institute-Text-Book-0095',100,'Active');
insert into "schoolerp".exam_routine (oid, exam_date, exam_oid, exam_class_oid, exam_time_oid, class_textbook_oid, total_marks, status) values ('schoolerp-exam-routine-oid-0003','2022-01-08','doererp-exam-oid-0001','schoolerp-exam-class-oid-0001','schoolerp-exam-time-oid-0001','SCHOOL-ERP-Institute-Text-Book-0091',100,'Active');
insert into "schoolerp".exam_routine (oid, exam_date, exam_oid, exam_class_oid, exam_time_oid, class_textbook_oid, total_marks, status) values ('schoolerp-exam-routine-oid-0004','2022-01-09','doererp-exam-oid-0001','schoolerp-exam-class-oid-0001','schoolerp-exam-time-oid-0001','SCHOOL-ERP-Institute-Text-Book-0076',100,'Active');
insert into "schoolerp".exam_routine (oid, exam_date, exam_oid, exam_class_oid, exam_time_oid, class_textbook_oid, total_marks, status) values ('schoolerp-exam-routine-oid-0005','2022-01-10','doererp-exam-oid-0001','schoolerp-exam-class-oid-0001','schoolerp-exam-time-oid-0001','SCHOOL-ERP-Institute-Text-Book-0074',100,'Active');
insert into "schoolerp".exam_routine (oid, exam_date, exam_oid, exam_class_oid, exam_time_oid, class_textbook_oid, total_marks, status) values ('schoolerp-exam-routine-oid-0006','2022-01-11','doererp-exam-oid-0001','schoolerp-exam-class-oid-0001','schoolerp-exam-time-oid-0001','SCHOOL-ERP-Institute-Text-Book-0069',100,'Active');
insert into "schoolerp".exam_routine (oid, exam_date, exam_oid, exam_class_oid, exam_time_oid, class_textbook_oid, total_marks, status) values ('schoolerp-exam-routine-oid-0007','2022-01-12','doererp-exam-oid-0001','schoolerp-exam-class-oid-0001','schoolerp-exam-time-oid-0001','SCHOOL-ERP-Institute-Text-Book-0093',100,'Active');
insert into "schoolerp".exam_routine (oid, exam_date, exam_oid, exam_class_oid, exam_time_oid, class_textbook_oid, total_marks, status) values ('schoolerp-exam-routine-oid-0008','2022-01-13','doererp-exam-oid-0001','schoolerp-exam-class-oid-0001','schoolerp-exam-time-oid-0001','SCHOOL-ERP-Institute-Text-Book-0099',100,'Active');
insert into "schoolerp".exam_routine (oid, exam_date, exam_oid, exam_class_oid, exam_time_oid, class_textbook_oid, total_marks, status) values ('schoolerp-exam-routine-oid-0009','2022-01-14','doererp-exam-oid-0001','schoolerp-exam-class-oid-0001','schoolerp-exam-time-oid-0001','SCHOOL-ERP-Institute-Text-Book-0072',100,'Active');
insert into "schoolerp".exam_routine (oid, exam_date, exam_oid, exam_class_oid, exam_time_oid, class_textbook_oid, total_marks, status) values ('schoolerp-exam-routine-oid-0010','2022-01-15','doererp-exam-oid-0001','schoolerp-exam-class-oid-0001','schoolerp-exam-time-oid-0001','SCHOOL-ERP-Institute-Text-Book-0097',100,'Active');
insert into "schoolerp".exam_routine (oid, exam_date, exam_oid, exam_class_oid, exam_time_oid, class_textbook_oid, total_marks, status) values ('schoolerp-exam-routine-oid-0011','2022-01-16','doererp-exam-oid-0001','schoolerp-exam-class-oid-0001','schoolerp-exam-time-oid-0001','SCHOOL-ERP-Institute-Text-Book-0092',100,'Active');
insert into "schoolerp".exam_routine (oid, exam_date, exam_oid, exam_class_oid, exam_time_oid, class_textbook_oid, total_marks, status) values ('schoolerp-exam-routine-oid-0012','2022-01-17','doererp-exam-oid-0001','schoolerp-exam-class-oid-0001','schoolerp-exam-time-oid-0001','SCHOOL-ERP-Institute-Text-Book-0100',100,'Active');
insert into "schoolerp".exam_routine (oid, exam_date, exam_oid, exam_class_oid, exam_time_oid, class_textbook_oid, total_marks, status) values ('schoolerp-exam-routine-oid-0013','2022-01-18','doererp-exam-oid-0001','schoolerp-exam-class-oid-0001','schoolerp-exam-time-oid-0001','SCHOOL-ERP-Institute-Text-Book-0068',100,'Active');
insert into "schoolerp".exam_routine (oid, exam_date, exam_oid, exam_class_oid, exam_time_oid, class_textbook_oid, total_marks, status) values ('schoolerp-exam-routine-oid-0014','2022-01-19','doererp-exam-oid-0001','schoolerp-exam-class-oid-0001','schoolerp-exam-time-oid-0001','SCHOOL-ERP-Institute-Text-Book-0090',100,'Active');
insert into "schoolerp".exam_routine (oid, exam_date, exam_oid, exam_class_oid, exam_time_oid, class_textbook_oid, total_marks, status) values ('schoolerp-exam-routine-oid-0015','2022-01-20','doererp-exam-oid-0001','schoolerp-exam-class-oid-0001','schoolerp-exam-time-oid-0001','SCHOOL-ERP-Institute-Text-Book-0070',100,'Active');
insert into "schoolerp".exam_routine (oid, exam_date, exam_oid, exam_class_oid, exam_time_oid, class_textbook_oid, total_marks, status) values ('schoolerp-exam-routine-oid-0016','2022-01-21','doererp-exam-oid-0001','schoolerp-exam-class-oid-0001','schoolerp-exam-time-oid-0001','SCHOOL-ERP-Institute-Text-Book-0067',100,'Active');
insert into "schoolerp".exam_routine (oid, exam_date, exam_oid, exam_class_oid, exam_time_oid, class_textbook_oid, total_marks, status) values ('schoolerp-exam-routine-oid-0017','2022-02-10','doererp-exam-oid-0002','schoolerp-exam-class-oid-0006','schoolerp-exam-time-oid-0002','SCHOOL-ERP-Institute-Text-Book-0077',100,'Active');
insert into "schoolerp".exam_routine (oid, exam_date, exam_oid, exam_class_oid, exam_time_oid, class_textbook_oid, total_marks, status) values ('schoolerp-exam-routine-oid-0018','2022-02-11','doererp-exam-oid-0002','schoolerp-exam-class-oid-0006','schoolerp-exam-time-oid-0002','SCHOOL-ERP-Institute-Text-Book-0095',100,'Active');
insert into "schoolerp".exam_routine (oid, exam_date, exam_oid, exam_class_oid, exam_time_oid, class_textbook_oid, total_marks, status) values ('schoolerp-exam-routine-oid-0019','2022-02-12','doererp-exam-oid-0002','schoolerp-exam-class-oid-0006','schoolerp-exam-time-oid-0002','SCHOOL-ERP-Institute-Text-Book-0091',100,'Active');
insert into "schoolerp".exam_routine (oid, exam_date, exam_oid, exam_class_oid, exam_time_oid, class_textbook_oid, total_marks, status) values ('schoolerp-exam-routine-oid-0020','2022-02-13','doererp-exam-oid-0002','schoolerp-exam-class-oid-0006','schoolerp-exam-time-oid-0002','SCHOOL-ERP-Institute-Text-Book-0076',100,'Active');
insert into "schoolerp".exam_routine (oid, exam_date, exam_oid, exam_class_oid, exam_time_oid, class_textbook_oid, total_marks, status) values ('schoolerp-exam-routine-oid-0021','2022-02-14','doererp-exam-oid-0002','schoolerp-exam-class-oid-0006','schoolerp-exam-time-oid-0002','SCHOOL-ERP-Institute-Text-Book-0074',100,'Active');
insert into "schoolerp".exam_routine (oid, exam_date, exam_oid, exam_class_oid, exam_time_oid, class_textbook_oid, total_marks, status) values ('schoolerp-exam-routine-oid-0022','2022-02-15','doererp-exam-oid-0002','schoolerp-exam-class-oid-0006','schoolerp-exam-time-oid-0002','SCHOOL-ERP-Institute-Text-Book-0069',100,'Active');
insert into "schoolerp".exam_routine (oid, exam_date, exam_oid, exam_class_oid, exam_time_oid, class_textbook_oid, total_marks, status) values ('schoolerp-exam-routine-oid-0023','2022-02-16','doererp-exam-oid-0002','schoolerp-exam-class-oid-0006','schoolerp-exam-time-oid-0002','SCHOOL-ERP-Institute-Text-Book-0093',100,'Active');
insert into "schoolerp".exam_routine (oid, exam_date, exam_oid, exam_class_oid, exam_time_oid, class_textbook_oid, total_marks, status) values ('schoolerp-exam-routine-oid-0024','2022-02-17','doererp-exam-oid-0002','schoolerp-exam-class-oid-0006','schoolerp-exam-time-oid-0002','SCHOOL-ERP-Institute-Text-Book-0099',100,'Active');
insert into "schoolerp".exam_routine (oid, exam_date, exam_oid, exam_class_oid, exam_time_oid, class_textbook_oid, total_marks, status) values ('schoolerp-exam-routine-oid-0025','2022-02-18','doererp-exam-oid-0002','schoolerp-exam-class-oid-0006','schoolerp-exam-time-oid-0002','SCHOOL-ERP-Institute-Text-Book-0072',100,'Active');
insert into "schoolerp".exam_routine (oid, exam_date, exam_oid, exam_class_oid, exam_time_oid, class_textbook_oid, total_marks, status) values ('schoolerp-exam-routine-oid-0026','2022-02-19','doererp-exam-oid-0002','schoolerp-exam-class-oid-0006','schoolerp-exam-time-oid-0002','SCHOOL-ERP-Institute-Text-Book-0097',100,'Active');
insert into "schoolerp".exam_routine (oid, exam_date, exam_oid, exam_class_oid, exam_time_oid, class_textbook_oid, total_marks, status) values ('schoolerp-exam-routine-oid-0027','2022-02-20','doererp-exam-oid-0002','schoolerp-exam-class-oid-0006','schoolerp-exam-time-oid-0002','SCHOOL-ERP-Institute-Text-Book-0092',100,'Active');
insert into "schoolerp".exam_routine (oid, exam_date, exam_oid, exam_class_oid, exam_time_oid, class_textbook_oid, total_marks, status) values ('schoolerp-exam-routine-oid-0028','2022-02-21','doererp-exam-oid-0002','schoolerp-exam-class-oid-0006','schoolerp-exam-time-oid-0002','SCHOOL-ERP-Institute-Text-Book-0100',100,'Active');
insert into "schoolerp".exam_routine (oid, exam_date, exam_oid, exam_class_oid, exam_time_oid, class_textbook_oid, total_marks, status) values ('schoolerp-exam-routine-oid-0029','2022-02-22','doererp-exam-oid-0002','schoolerp-exam-class-oid-0006','schoolerp-exam-time-oid-0002','SCHOOL-ERP-Institute-Text-Book-0068',100,'Active');
insert into "schoolerp".exam_routine (oid, exam_date, exam_oid, exam_class_oid, exam_time_oid, class_textbook_oid, total_marks, status) values ('schoolerp-exam-routine-oid-0030','2022-02-23','doererp-exam-oid-0002','schoolerp-exam-class-oid-0006','schoolerp-exam-time-oid-0002','SCHOOL-ERP-Institute-Text-Book-0090',100,'Active');
insert into "schoolerp".exam_routine (oid, exam_date, exam_oid, exam_class_oid, exam_time_oid, class_textbook_oid, total_marks, status) values ('schoolerp-exam-routine-oid-0031','2022-02-24','doererp-exam-oid-0002','schoolerp-exam-class-oid-0006','schoolerp-exam-time-oid-0002','SCHOOL-ERP-Institute-Text-Book-0070',100,'Active');
insert into "schoolerp".exam_routine (oid, exam_date, exam_oid, exam_class_oid, exam_time_oid, class_textbook_oid, total_marks, status) values ('schoolerp-exam-routine-oid-0032','2022-02-25','doererp-exam-oid-0002','schoolerp-exam-class-oid-0006','schoolerp-exam-time-oid-0002','SCHOOL-ERP-Institute-Text-Book-0067',100,'Active');
insert into "schoolerp".exam_routine (oid, exam_date, exam_oid, exam_class_oid, exam_time_oid, class_textbook_oid, total_marks, status) values ('SCHOOL-ERP-Adarsha-Institute-Exam-Routine-Oid-0001','2022-01-06','SCHOOL-ERP-Adarsha-Institute-Exam-Oid-0001','SCHOOL-ERP-Adarsha-Institute-Exam-Class-Oid-0001','SCHOOL-ERP-Adarsha-Institute-Exam-Time-Oid-0001','SCHOOL-ERP-Adarsha-Institute-Text-Book-0077',100,'Active');
insert into "schoolerp".exam_routine (oid, exam_date, exam_oid, exam_class_oid, exam_time_oid, class_textbook_oid, total_marks, status) values ('SCHOOL-ERP-Adarsha-Institute-Exam-Routine-Oid-0002','2022-01-07','SCHOOL-ERP-Adarsha-Institute-Exam-Oid-0001','SCHOOL-ERP-Adarsha-Institute-Exam-Class-Oid-0001','SCHOOL-ERP-Adarsha-Institute-Exam-Time-Oid-0001','SCHOOL-ERP-Adarsha-Institute-Text-Book-0095',100,'Active');
insert into "schoolerp".exam_routine (oid, exam_date, exam_oid, exam_class_oid, exam_time_oid, class_textbook_oid, total_marks, status) values ('SCHOOL-ERP-Adarsha-Institute-Exam-Routine-Oid-0003','2022-01-08','SCHOOL-ERP-Adarsha-Institute-Exam-Oid-0001','SCHOOL-ERP-Adarsha-Institute-Exam-Class-Oid-0001','SCHOOL-ERP-Adarsha-Institute-Exam-Time-Oid-0001','SCHOOL-ERP-Adarsha-Institute-Text-Book-0091',100,'Active');
insert into "schoolerp".exam_routine (oid, exam_date, exam_oid, exam_class_oid, exam_time_oid, class_textbook_oid, total_marks, status) values ('SCHOOL-ERP-Adarsha-Institute-Exam-Routine-Oid-0004','2022-01-09','SCHOOL-ERP-Adarsha-Institute-Exam-Oid-0001','SCHOOL-ERP-Adarsha-Institute-Exam-Class-Oid-0001','SCHOOL-ERP-Adarsha-Institute-Exam-Time-Oid-0001','SCHOOL-ERP-Adarsha-Institute-Text-Book-0076',100,'Active');
insert into "schoolerp".exam_routine (oid, exam_date, exam_oid, exam_class_oid, exam_time_oid, class_textbook_oid, total_marks, status) values ('SCHOOL-ERP-Adarsha-Institute-Exam-Routine-Oid-0005','2022-01-10','SCHOOL-ERP-Adarsha-Institute-Exam-Oid-0001','SCHOOL-ERP-Adarsha-Institute-Exam-Class-Oid-0001','SCHOOL-ERP-Adarsha-Institute-Exam-Time-Oid-0001','SCHOOL-ERP-Adarsha-Institute-Text-Book-0074',100,'Active');
insert into "schoolerp".exam_routine (oid, exam_date, exam_oid, exam_class_oid, exam_time_oid, class_textbook_oid, total_marks, status) values ('SCHOOL-ERP-Adarsha-Institute-Exam-Routine-Oid-0006','2022-01-11','SCHOOL-ERP-Adarsha-Institute-Exam-Oid-0001','SCHOOL-ERP-Adarsha-Institute-Exam-Class-Oid-0001','SCHOOL-ERP-Adarsha-Institute-Exam-Time-Oid-0001','SCHOOL-ERP-Adarsha-Institute-Text-Book-0069',100,'Active');
insert into "schoolerp".exam_routine (oid, exam_date, exam_oid, exam_class_oid, exam_time_oid, class_textbook_oid, total_marks, status) values ('SCHOOL-ERP-Adarsha-Institute-Exam-Routine-Oid-0007','2022-01-12','SCHOOL-ERP-Adarsha-Institute-Exam-Oid-0001','SCHOOL-ERP-Adarsha-Institute-Exam-Class-Oid-0001','SCHOOL-ERP-Adarsha-Institute-Exam-Time-Oid-0001','SCHOOL-ERP-Adarsha-Institute-Text-Book-0093',100,'Active');
insert into "schoolerp".exam_routine (oid, exam_date, exam_oid, exam_class_oid, exam_time_oid, class_textbook_oid, total_marks, status) values ('SCHOOL-ERP-Adarsha-Institute-Exam-Routine-Oid-0008','2022-01-13','SCHOOL-ERP-Adarsha-Institute-Exam-Oid-0001','SCHOOL-ERP-Adarsha-Institute-Exam-Class-Oid-0001','SCHOOL-ERP-Adarsha-Institute-Exam-Time-Oid-0001','SCHOOL-ERP-Adarsha-Institute-Text-Book-0099',100,'Active');
insert into "schoolerp".exam_routine (oid, exam_date, exam_oid, exam_class_oid, exam_time_oid, class_textbook_oid, total_marks, status) values ('SCHOOL-ERP-Adarsha-Institute-Exam-Routine-Oid-0009','2022-01-14','SCHOOL-ERP-Adarsha-Institute-Exam-Oid-0001','SCHOOL-ERP-Adarsha-Institute-Exam-Class-Oid-0001','SCHOOL-ERP-Adarsha-Institute-Exam-Time-Oid-0001','SCHOOL-ERP-Adarsha-Institute-Text-Book-0072',100,'Active');
insert into "schoolerp".exam_routine (oid, exam_date, exam_oid, exam_class_oid, exam_time_oid, class_textbook_oid, total_marks, status) values ('SCHOOL-ERP-Adarsha-Institute-Exam-Routine-Oid-0010','2022-01-15','SCHOOL-ERP-Adarsha-Institute-Exam-Oid-0001','SCHOOL-ERP-Adarsha-Institute-Exam-Class-Oid-0001','SCHOOL-ERP-Adarsha-Institute-Exam-Time-Oid-0001','SCHOOL-ERP-Adarsha-Institute-Text-Book-0097',100,'Active');
insert into "schoolerp".exam_routine (oid, exam_date, exam_oid, exam_class_oid, exam_time_oid, class_textbook_oid, total_marks, status) values ('SCHOOL-ERP-Adarsha-Institute-Exam-Routine-Oid-0011','2022-01-16','SCHOOL-ERP-Adarsha-Institute-Exam-Oid-0001','SCHOOL-ERP-Adarsha-Institute-Exam-Class-Oid-0001','SCHOOL-ERP-Adarsha-Institute-Exam-Time-Oid-0001','SCHOOL-ERP-Adarsha-Institute-Text-Book-0092',100,'Active');
insert into "schoolerp".exam_routine (oid, exam_date, exam_oid, exam_class_oid, exam_time_oid, class_textbook_oid, total_marks, status) values ('SCHOOL-ERP-Adarsha-Institute-Exam-Routine-Oid-0012','2022-01-17','SCHOOL-ERP-Adarsha-Institute-Exam-Oid-0001','SCHOOL-ERP-Adarsha-Institute-Exam-Class-Oid-0001','SCHOOL-ERP-Adarsha-Institute-Exam-Time-Oid-0001','SCHOOL-ERP-Adarsha-Institute-Text-Book-0100',100,'Active');
insert into "schoolerp".exam_routine (oid, exam_date, exam_oid, exam_class_oid, exam_time_oid, class_textbook_oid, total_marks, status) values ('SCHOOL-ERP-Adarsha-Institute-Exam-Routine-Oid-0013','2022-01-18','SCHOOL-ERP-Adarsha-Institute-Exam-Oid-0001','SCHOOL-ERP-Adarsha-Institute-Exam-Class-Oid-0001','SCHOOL-ERP-Adarsha-Institute-Exam-Time-Oid-0001','SCHOOL-ERP-Adarsha-Institute-Text-Book-0068',100,'Active');
insert into "schoolerp".exam_routine (oid, exam_date, exam_oid, exam_class_oid, exam_time_oid, class_textbook_oid, total_marks, status) values ('SCHOOL-ERP-Adarsha-Institute-Exam-Routine-Oid-0014','2022-01-19','SCHOOL-ERP-Adarsha-Institute-Exam-Oid-0001','SCHOOL-ERP-Adarsha-Institute-Exam-Class-Oid-0001','SCHOOL-ERP-Adarsha-Institute-Exam-Time-Oid-0001','SCHOOL-ERP-Adarsha-Institute-Text-Book-0090',100,'Active');
insert into "schoolerp".exam_routine (oid, exam_date, exam_oid, exam_class_oid, exam_time_oid, class_textbook_oid, total_marks, status) values ('SCHOOL-ERP-Adarsha-Institute-Exam-Routine-Oid-0015','2022-01-20','SCHOOL-ERP-Adarsha-Institute-Exam-Oid-0001','SCHOOL-ERP-Adarsha-Institute-Exam-Class-Oid-0001','SCHOOL-ERP-Adarsha-Institute-Exam-Time-Oid-0001','SCHOOL-ERP-Adarsha-Institute-Text-Book-0070',100,'Active');
insert into "schoolerp".exam_routine (oid, exam_date, exam_oid, exam_class_oid, exam_time_oid, class_textbook_oid, total_marks, status) values ('SCHOOL-ERP-Adarsha-Institute-Exam-Routine-Oid-0016','2022-01-21','SCHOOL-ERP-Adarsha-Institute-Exam-Oid-0001','SCHOOL-ERP-Adarsha-Institute-Exam-Class-Oid-0001','SCHOOL-ERP-Adarsha-Institute-Exam-Time-Oid-0001','SCHOOL-ERP-Adarsha-Institute-Text-Book-0067',100,'Active');
insert into "schoolerp".exam_routine (oid, exam_date, exam_oid, exam_class_oid, exam_time_oid, class_textbook_oid, total_marks, status) values ('SCHOOL-ERP-Adarsha-Institute-Exam-Routine-Oid-0017','2022-02-10','SCHOOL-ERP-Adarsha-Institute-Exam-Oid-0002','SCHOOL-ERP-Adarsha-Institute-Exam-Class-Oid-0006','SCHOOL-ERP-Adarsha-Institute-Exam-Time-Oid-0002','SCHOOL-ERP-Adarsha-Institute-Text-Book-0077',100,'Active');
insert into "schoolerp".exam_routine (oid, exam_date, exam_oid, exam_class_oid, exam_time_oid, class_textbook_oid, total_marks, status) values ('SCHOOL-ERP-Adarsha-Institute-Exam-Routine-Oid-0018','2022-02-11','SCHOOL-ERP-Adarsha-Institute-Exam-Oid-0002','SCHOOL-ERP-Adarsha-Institute-Exam-Class-Oid-0006','SCHOOL-ERP-Adarsha-Institute-Exam-Time-Oid-0002','SCHOOL-ERP-Adarsha-Institute-Text-Book-0095',100,'Active');
insert into "schoolerp".exam_routine (oid, exam_date, exam_oid, exam_class_oid, exam_time_oid, class_textbook_oid, total_marks, status) values ('SCHOOL-ERP-Adarsha-Institute-Exam-Routine-Oid-0019','2022-02-12','SCHOOL-ERP-Adarsha-Institute-Exam-Oid-0002','SCHOOL-ERP-Adarsha-Institute-Exam-Class-Oid-0006','SCHOOL-ERP-Adarsha-Institute-Exam-Time-Oid-0002','SCHOOL-ERP-Adarsha-Institute-Text-Book-0091',100,'Active');
insert into "schoolerp".exam_routine (oid, exam_date, exam_oid, exam_class_oid, exam_time_oid, class_textbook_oid, total_marks, status) values ('SCHOOL-ERP-Adarsha-Institute-Exam-Routine-Oid-0020','2022-02-13','SCHOOL-ERP-Adarsha-Institute-Exam-Oid-0002','SCHOOL-ERP-Adarsha-Institute-Exam-Class-Oid-0006','SCHOOL-ERP-Adarsha-Institute-Exam-Time-Oid-0002','SCHOOL-ERP-Adarsha-Institute-Text-Book-0076',100,'Active');
insert into "schoolerp".exam_routine (oid, exam_date, exam_oid, exam_class_oid, exam_time_oid, class_textbook_oid, total_marks, status) values ('SCHOOL-ERP-Adarsha-Institute-Exam-Routine-Oid-0021','2022-02-14','SCHOOL-ERP-Adarsha-Institute-Exam-Oid-0002','SCHOOL-ERP-Adarsha-Institute-Exam-Class-Oid-0006','SCHOOL-ERP-Adarsha-Institute-Exam-Time-Oid-0002','SCHOOL-ERP-Adarsha-Institute-Text-Book-0074',100,'Active');
insert into "schoolerp".exam_routine (oid, exam_date, exam_oid, exam_class_oid, exam_time_oid, class_textbook_oid, total_marks, status) values ('SCHOOL-ERP-Adarsha-Institute-Exam-Routine-Oid-0022','2022-02-15','SCHOOL-ERP-Adarsha-Institute-Exam-Oid-0002','SCHOOL-ERP-Adarsha-Institute-Exam-Class-Oid-0006','SCHOOL-ERP-Adarsha-Institute-Exam-Time-Oid-0002','SCHOOL-ERP-Adarsha-Institute-Text-Book-0069',100,'Active');
insert into "schoolerp".exam_routine (oid, exam_date, exam_oid, exam_class_oid, exam_time_oid, class_textbook_oid, total_marks, status) values ('SCHOOL-ERP-Adarsha-Institute-Exam-Routine-Oid-0023','2022-02-16','SCHOOL-ERP-Adarsha-Institute-Exam-Oid-0002','SCHOOL-ERP-Adarsha-Institute-Exam-Class-Oid-0006','SCHOOL-ERP-Adarsha-Institute-Exam-Time-Oid-0002','SCHOOL-ERP-Adarsha-Institute-Text-Book-0093',100,'Active');
insert into "schoolerp".exam_routine (oid, exam_date, exam_oid, exam_class_oid, exam_time_oid, class_textbook_oid, total_marks, status) values ('SCHOOL-ERP-Adarsha-Institute-Exam-Routine-Oid-0024','2022-02-17','SCHOOL-ERP-Adarsha-Institute-Exam-Oid-0002','SCHOOL-ERP-Adarsha-Institute-Exam-Class-Oid-0006','SCHOOL-ERP-Adarsha-Institute-Exam-Time-Oid-0002','SCHOOL-ERP-Adarsha-Institute-Text-Book-0099',100,'Active');
insert into "schoolerp".exam_routine (oid, exam_date, exam_oid, exam_class_oid, exam_time_oid, class_textbook_oid, total_marks, status) values ('SCHOOL-ERP-Adarsha-Institute-Exam-Routine-Oid-0025','2022-02-18','SCHOOL-ERP-Adarsha-Institute-Exam-Oid-0002','SCHOOL-ERP-Adarsha-Institute-Exam-Class-Oid-0006','SCHOOL-ERP-Adarsha-Institute-Exam-Time-Oid-0002','SCHOOL-ERP-Adarsha-Institute-Text-Book-0072',100,'Active');
insert into "schoolerp".exam_routine (oid, exam_date, exam_oid, exam_class_oid, exam_time_oid, class_textbook_oid, total_marks, status) values ('SCHOOL-ERP-Adarsha-Institute-Exam-Routine-Oid-0026','2022-02-19','SCHOOL-ERP-Adarsha-Institute-Exam-Oid-0002','SCHOOL-ERP-Adarsha-Institute-Exam-Class-Oid-0006','SCHOOL-ERP-Adarsha-Institute-Exam-Time-Oid-0002','SCHOOL-ERP-Adarsha-Institute-Text-Book-0097',100,'Active');
insert into "schoolerp".exam_routine (oid, exam_date, exam_oid, exam_class_oid, exam_time_oid, class_textbook_oid, total_marks, status) values ('SCHOOL-ERP-Adarsha-Institute-Exam-Routine-Oid-0027','2022-02-20','SCHOOL-ERP-Adarsha-Institute-Exam-Oid-0002','SCHOOL-ERP-Adarsha-Institute-Exam-Class-Oid-0006','SCHOOL-ERP-Adarsha-Institute-Exam-Time-Oid-0002','SCHOOL-ERP-Adarsha-Institute-Text-Book-0092',100,'Active');
insert into "schoolerp".exam_routine (oid, exam_date, exam_oid, exam_class_oid, exam_time_oid, class_textbook_oid, total_marks, status) values ('SCHOOL-ERP-Adarsha-Institute-Exam-Routine-Oid-0028','2022-02-21','SCHOOL-ERP-Adarsha-Institute-Exam-Oid-0002','SCHOOL-ERP-Adarsha-Institute-Exam-Class-Oid-0006','SCHOOL-ERP-Adarsha-Institute-Exam-Time-Oid-0002','SCHOOL-ERP-Adarsha-Institute-Text-Book-0100',100,'Active');
insert into "schoolerp".exam_routine (oid, exam_date, exam_oid, exam_class_oid, exam_time_oid, class_textbook_oid, total_marks, status) values ('SCHOOL-ERP-Adarsha-Institute-Exam-Routine-Oid-0029','2022-02-22','SCHOOL-ERP-Adarsha-Institute-Exam-Oid-0002','SCHOOL-ERP-Adarsha-Institute-Exam-Class-Oid-0006','SCHOOL-ERP-Adarsha-Institute-Exam-Time-Oid-0002','SCHOOL-ERP-Adarsha-Institute-Text-Book-0068',100,'Active');
insert into "schoolerp".exam_routine (oid, exam_date, exam_oid, exam_class_oid, exam_time_oid, class_textbook_oid, total_marks, status) values ('SCHOOL-ERP-Adarsha-Institute-Exam-Routine-Oid-0030','2022-02-23','SCHOOL-ERP-Adarsha-Institute-Exam-Oid-0002','SCHOOL-ERP-Adarsha-Institute-Exam-Class-Oid-0006','SCHOOL-ERP-Adarsha-Institute-Exam-Time-Oid-0002','SCHOOL-ERP-Adarsha-Institute-Text-Book-0090',100,'Active');
insert into "schoolerp".exam_routine (oid, exam_date, exam_oid, exam_class_oid, exam_time_oid, class_textbook_oid, total_marks, status) values ('SCHOOL-ERP-Adarsha-Institute-Exam-Routine-Oid-0031','2022-02-24','SCHOOL-ERP-Adarsha-Institute-Exam-Oid-0002','SCHOOL-ERP-Adarsha-Institute-Exam-Class-Oid-0006','SCHOOL-ERP-Adarsha-Institute-Exam-Time-Oid-0002','SCHOOL-ERP-Adarsha-Institute-Text-Book-0070',100,'Active');
insert into "schoolerp".exam_routine (oid, exam_date, exam_oid, exam_class_oid, exam_time_oid, class_textbook_oid, total_marks, status) values ('SCHOOL-ERP-Adarsha-Institute-Exam-Routine-Oid-0032','2022-02-25','SCHOOL-ERP-Adarsha-Institute-Exam-Oid-0002','SCHOOL-ERP-Adarsha-Institute-Exam-Class-Oid-0006','SCHOOL-ERP-Adarsha-Institute-Exam-Time-Oid-0002','SCHOOL-ERP-Adarsha-Institute-Text-Book-0067',100,'Active');
commit;


