-- exam_result
insert into "schoolerp".exam_result (oid, exam_oid, institute_session_oid, institute_oid, approved_by, approved_on, published_by, published_on, status) values ('schoolerp-exam-result-oid-0001','doererp-exam-oid-0001','SCHOOL-ERP-Institute-Session-2022','SCHOOL-ERP-Demo-School-001','System','now()','System','now()','Published');
insert into "schoolerp".exam_result (oid, exam_oid, institute_session_oid, institute_oid, approved_by, approved_on, published_by, published_on, status) values ('SCHOOL-ERP-Adarsha-Institute-Exam-Result-Oid-0001','SCHOOL-ERP-Adarsha-Institute-Exam-Oid-0001','SCHOOL-ERP-Adarsha-Institute-Session-2022','SCHOOL-ERP-Demo-School-Adarsha-High-School-And-College','System','now()','System','now()','Published');
commit;

-- exam_result_detail
insert into "schoolerp".exam_result_detail (oid, exam_oid, exam_result_oid, institute_oid, institute_session_oid, institute_class_oid, institute_class_group_oid, institute_class_section_oid, institute_shift_oid, institute_version_oid, grading_system_oid, approved_by, approved_on, published_by, published_on, status) values ('schoolerp-exam-result-detail-oid-0001','doererp-exam-oid-0001','schoolerp-exam-result-oid-0001','SCHOOL-ERP-Demo-School-001','SCHOOL-ERP-Institute-Session-2022','SCHOOL-ERP-Institute-Class-6',null,'Institute-Class-6-Shift-Morning-Bangla-Version-Section-Jaba','SCHOOL-ERP-Institute-Shift-Day','SCHOOL-ERP-Institute-Bangla-Version','SCHOOL-ERP-Institute-Grading-System-0001','System','now()','System','now()','Published');
insert into "schoolerp".exam_result_detail (oid, exam_oid, exam_result_oid, institute_oid, institute_session_oid, institute_class_oid, institute_class_group_oid, institute_class_section_oid, institute_shift_oid, institute_version_oid, grading_system_oid, approved_by, approved_on, published_by, published_on, status) values ('schoolerp-exam-result-detail-oid-0002','doererp-exam-oid-0001','schoolerp-exam-result-oid-0001','SCHOOL-ERP-Demo-School-001','SCHOOL-ERP-Institute-Session-2022','SCHOOL-ERP-Institute-Class-6',null,'Institute-Class-6-Shift-Evening-Bangla-Version-Section-Jaba','SCHOOL-ERP-Institute-Shift-Day','SCHOOL-ERP-Institute-Bangla-Version','SCHOOL-ERP-Institute-Grading-System-0001','System','now()','System','now()','Published');
insert into "schoolerp".exam_result_detail (oid, exam_oid, exam_result_oid, institute_oid, institute_session_oid, institute_class_oid, institute_class_group_oid, institute_class_section_oid, institute_shift_oid, institute_version_oid, grading_system_oid, approved_by, approved_on, published_by, published_on, status) values ('schoolerp-exam-result-detail-oid-0003','doererp-exam-oid-0001','schoolerp-exam-result-oid-0001','SCHOOL-ERP-Demo-School-001','SCHOOL-ERP-Institute-Session-2022','SCHOOL-ERP-Institute-Class-6',null,'Institute-Class-6-Shift-Morning-English-Version-Section-Jaba','SCHOOL-ERP-Institute-Shift-Evening','SCHOOL-ERP-Institute-English-Version','SCHOOL-ERP-Institute-Grading-System-0001','System','now()','System','now()','Published');
insert into "schoolerp".exam_result_detail (oid, exam_oid, exam_result_oid, institute_oid, institute_session_oid, institute_class_oid, institute_class_group_oid, institute_class_section_oid, institute_shift_oid, institute_version_oid, grading_system_oid, approved_by, approved_on, published_by, published_on, status) values ('schoolerp-exam-result-detail-oid-0004','doererp-exam-oid-0001','schoolerp-exam-result-oid-0001','SCHOOL-ERP-Demo-School-001','SCHOOL-ERP-Institute-Session-2022','SCHOOL-ERP-Institute-Class-6',null,'Institute-Class-6-Shift-Evening-English-Version-Section-Jaba','SCHOOL-ERP-Institute-Shift-Evening','SCHOOL-ERP-Institute-English-Version','SCHOOL-ERP-Institute-Grading-System-0001','System','now()','System','now()','Published');
insert into "schoolerp".exam_result_detail (oid, exam_oid, exam_result_oid, institute_oid, institute_session_oid, institute_class_oid, institute_class_group_oid, institute_class_section_oid, institute_shift_oid, institute_version_oid, grading_system_oid, approved_by, approved_on, published_by, published_on, status) values ('SCHOOL-ERP-Adarsha-Institute-Exam-Result-Detail-Oid-0001','SCHOOL-ERP-Adarsha-Institute-Exam-Oid-0001','SCHOOL-ERP-Adarsha-Institute-Exam-Result-Oid-0001','SCHOOL-ERP-Demo-School-Adarsha-High-School-And-College','SCHOOL-ERP-Adarsha-Institute-Session-2022','SCHOOL-ERP-Adarsha-Institute-Class-6',null,'SCHOOL-ERP-Adarsha-Institute-Class-6-Shift-Morning-Bangla-Version-Section-Jaba','SCHOOL-ERP-Adarsha-Institute-Shift-Day','SCHOOL-ERP-Adarsha-Institute-Bangla-Version','SCHOOL-ERP-Adarsha-Institute-Grading-System-0001','System','now()','System','now()','Published');
insert into "schoolerp".exam_result_detail (oid, exam_oid, exam_result_oid, institute_oid, institute_session_oid, institute_class_oid, institute_class_group_oid, institute_class_section_oid, institute_shift_oid, institute_version_oid, grading_system_oid, approved_by, approved_on, published_by, published_on, status) values ('SCHOOL-ERP-Adarsha-Institute-Exam-Result-Detail-Oid-0002','SCHOOL-ERP-Adarsha-Institute-Exam-Oid-0001','SCHOOL-ERP-Adarsha-Institute-Exam-Result-Oid-0001','SCHOOL-ERP-Demo-School-Adarsha-High-School-And-College','SCHOOL-ERP-Adarsha-Institute-Session-2022','SCHOOL-ERP-Adarsha-Institute-Class-6',null,'SCHOOL-ERP-Adarsha-Institute-Class-6-Shift-Evening-Bangla-Version-Section-Jaba','SCHOOL-ERP-Adarsha-Institute-Shift-Day','SCHOOL-ERP-Adarsha-Institute-Bangla-Version','SCHOOL-ERP-Adarsha-Institute-Grading-System-0001','System','now()','System','now()','Published');
insert into "schoolerp".exam_result_detail (oid, exam_oid, exam_result_oid, institute_oid, institute_session_oid, institute_class_oid, institute_class_group_oid, institute_class_section_oid, institute_shift_oid, institute_version_oid, grading_system_oid, approved_by, approved_on, published_by, published_on, status) values ('SCHOOL-ERP-Adarsha-Institute-Exam-Result-Detail-Oid-0003','SCHOOL-ERP-Adarsha-Institute-Exam-Oid-0001','SCHOOL-ERP-Adarsha-Institute-Exam-Result-Oid-0001','SCHOOL-ERP-Demo-School-Adarsha-High-School-And-College','SCHOOL-ERP-Adarsha-Institute-Session-2022','SCHOOL-ERP-Adarsha-Institute-Class-6',null,'SCHOOL-ERP-Adarsha-Institute-Class-6-Shift-Morning-English-Version-Section-Jaba','SCHOOL-ERP-Adarsha-Institute-Shift-Evening','SCHOOL-ERP-Adarsha-Institute-English-Version','SCHOOL-ERP-Adarsha-Institute-Grading-System-0001','System','now()','System','now()','Published');
insert into "schoolerp".exam_result_detail (oid, exam_oid, exam_result_oid, institute_oid, institute_session_oid, institute_class_oid, institute_class_group_oid, institute_class_section_oid, institute_shift_oid, institute_version_oid, grading_system_oid, approved_by, approved_on, published_by, published_on, status) values ('SCHOOL-ERP-Adarsha-Institute-Exam-Result-Detail-Oid-0004','SCHOOL-ERP-Adarsha-Institute-Exam-Oid-0001','SCHOOL-ERP-Adarsha-Institute-Exam-Result-Oid-0001','SCHOOL-ERP-Demo-School-Adarsha-High-School-And-College','SCHOOL-ERP-Adarsha-Institute-Session-2022','SCHOOL-ERP-Adarsha-Institute-Class-6',null,'SCHOOL-ERP-Adarsha-Institute-Class-6-Shift-Evening-English-Version-Section-Jaba','SCHOOL-ERP-Adarsha-Institute-Shift-Evening','SCHOOL-ERP-Adarsha-Institute-English-Version','SCHOOL-ERP-Adarsha-Institute-Grading-System-0001','System','now()','System','now()','Published');
commit;

-- exam_result_marks
insert into "schoolerp".exam_result_marks (oid, exam_oid, exam_result_detail_oid, institute_oid, student_id, class_textbook_oid, institute_class_oid, institute_class_section_oid, total_marks, obtained_marks, letter_grade, grade_point, assessment, status) values ('schoolerp-exam-result-marks-oid-0001','doererp-exam-oid-0001','schoolerp-exam-result-detail-oid-0001','SCHOOL-ERP-Demo-School-001','13086522M060001','SCHOOL-ERP-Institute-Text-Book-0067','SCHOOL-ERP-Institute-Class-6','Institute-Class-6-Shift-Morning-Bangla-Version-Section-Jaba',100,85,'A+',5,'Excellent','Present');
insert into "schoolerp".exam_result_marks (oid, exam_oid, exam_result_detail_oid, institute_oid, student_id, class_textbook_oid, institute_class_oid, institute_class_section_oid, total_marks, obtained_marks, letter_grade, grade_point, assessment, status) values ('schoolerp-exam-result-marks-oid-0002','doererp-exam-oid-0001','schoolerp-exam-result-detail-oid-0001','SCHOOL-ERP-Demo-School-001','13086522M060001','SCHOOL-ERP-Institute-Text-Book-0068','SCHOOL-ERP-Institute-Class-6','Institute-Class-6-Shift-Morning-Bangla-Version-Section-Jaba',100,85,'A+',5,'Excellent','Present');
insert into "schoolerp".exam_result_marks (oid, exam_oid, exam_result_detail_oid, institute_oid, student_id, class_textbook_oid, institute_class_oid, institute_class_section_oid, total_marks, obtained_marks, letter_grade, grade_point, assessment, status) values ('schoolerp-exam-result-marks-oid-0003','doererp-exam-oid-0001','schoolerp-exam-result-detail-oid-0001','SCHOOL-ERP-Demo-School-001','13086522M060001','SCHOOL-ERP-Institute-Text-Book-0069','SCHOOL-ERP-Institute-Class-6','Institute-Class-6-Shift-Morning-Bangla-Version-Section-Jaba',100,85,'A+',5,'Excellent','Present');
insert into "schoolerp".exam_result_marks (oid, exam_oid, exam_result_detail_oid, institute_oid, student_id, class_textbook_oid, institute_class_oid, institute_class_section_oid, total_marks, obtained_marks, letter_grade, grade_point, assessment, status) values ('schoolerp-exam-result-marks-oid-0004','doererp-exam-oid-0001','schoolerp-exam-result-detail-oid-0001','SCHOOL-ERP-Demo-School-001','13086522M060001','SCHOOL-ERP-Institute-Text-Book-0070','SCHOOL-ERP-Institute-Class-6','Institute-Class-6-Shift-Morning-Bangla-Version-Section-Jaba',100,85,'A+',5,'Excellent','Present');
insert into "schoolerp".exam_result_marks (oid, exam_oid, exam_result_detail_oid, institute_oid, student_id, class_textbook_oid, institute_class_oid, institute_class_section_oid, total_marks, obtained_marks, letter_grade, grade_point, assessment, status) values ('schoolerp-exam-result-marks-oid-0005','doererp-exam-oid-0001','schoolerp-exam-result-detail-oid-0001','SCHOOL-ERP-Demo-School-001','13086522M060001','SCHOOL-ERP-Institute-Text-Book-0072','SCHOOL-ERP-Institute-Class-6','Institute-Class-6-Shift-Morning-Bangla-Version-Section-Jaba',100,85,'A+',5,'Excellent','Present');
insert into "schoolerp".exam_result_marks (oid, exam_oid, exam_result_detail_oid, institute_oid, student_id, class_textbook_oid, institute_class_oid, institute_class_section_oid, total_marks, obtained_marks, letter_grade, grade_point, assessment, status) values ('schoolerp-exam-result-marks-oid-0006','doererp-exam-oid-0001','schoolerp-exam-result-detail-oid-0001','SCHOOL-ERP-Demo-School-001','13086522M060001','SCHOOL-ERP-Institute-Text-Book-0074','SCHOOL-ERP-Institute-Class-6','Institute-Class-6-Shift-Morning-Bangla-Version-Section-Jaba',100,85,'A+',5,'Excellent','Present');
insert into "schoolerp".exam_result_marks (oid, exam_oid, exam_result_detail_oid, institute_oid, student_id, class_textbook_oid, institute_class_oid, institute_class_section_oid, total_marks, obtained_marks, letter_grade, grade_point, assessment, status) values ('schoolerp-exam-result-marks-oid-0007','doererp-exam-oid-0001','schoolerp-exam-result-detail-oid-0001','SCHOOL-ERP-Demo-School-001','13086522M060001','SCHOOL-ERP-Institute-Text-Book-0076','SCHOOL-ERP-Institute-Class-6','Institute-Class-6-Shift-Morning-Bangla-Version-Section-Jaba',100,85,'A+',5,'Excellent','Present');
insert into "schoolerp".exam_result_marks (oid, exam_oid, exam_result_detail_oid, institute_oid, student_id, class_textbook_oid, institute_class_oid, institute_class_section_oid, total_marks, obtained_marks, letter_grade, grade_point, assessment, status) values ('schoolerp-exam-result-marks-oid-0008','doererp-exam-oid-0001','schoolerp-exam-result-detail-oid-0001','SCHOOL-ERP-Demo-School-001','13086522M060001','SCHOOL-ERP-Institute-Text-Book-0077','SCHOOL-ERP-Institute-Class-6','Institute-Class-6-Shift-Morning-Bangla-Version-Section-Jaba',100,85,'A+',5,'Excellent','Present');
insert into "schoolerp".exam_result_marks (oid, exam_oid, exam_result_detail_oid, institute_oid, student_id, class_textbook_oid, institute_class_oid, institute_class_section_oid, total_marks, obtained_marks, letter_grade, grade_point, assessment, status) values ('schoolerp-exam-result-marks-oid-0009','doererp-exam-oid-0001','schoolerp-exam-result-detail-oid-0001','SCHOOL-ERP-Demo-School-001','13086522M060002','SCHOOL-ERP-Institute-Text-Book-0067','SCHOOL-ERP-Institute-Class-6','Institute-Class-6-Shift-Morning-Bangla-Version-Section-Jaba',100,85,'A+',5,'Excellent','Present');
insert into "schoolerp".exam_result_marks (oid, exam_oid, exam_result_detail_oid, institute_oid, student_id, class_textbook_oid, institute_class_oid, institute_class_section_oid, total_marks, obtained_marks, letter_grade, grade_point, assessment, status) values ('schoolerp-exam-result-marks-oid-0010','doererp-exam-oid-0001','schoolerp-exam-result-detail-oid-0001','SCHOOL-ERP-Demo-School-001','13086522M060002','SCHOOL-ERP-Institute-Text-Book-0068','SCHOOL-ERP-Institute-Class-6','Institute-Class-6-Shift-Morning-Bangla-Version-Section-Jaba',100,85,'A+',5,'Excellent','Present');
insert into "schoolerp".exam_result_marks (oid, exam_oid, exam_result_detail_oid, institute_oid, student_id, class_textbook_oid, institute_class_oid, institute_class_section_oid, total_marks, obtained_marks, letter_grade, grade_point, assessment, status) values ('schoolerp-exam-result-marks-oid-0011','doererp-exam-oid-0001','schoolerp-exam-result-detail-oid-0001','SCHOOL-ERP-Demo-School-001','13086522M060002','SCHOOL-ERP-Institute-Text-Book-0069','SCHOOL-ERP-Institute-Class-6','Institute-Class-6-Shift-Morning-Bangla-Version-Section-Jaba',100,85,'A+',5,'Excellent','Present');
insert into "schoolerp".exam_result_marks (oid, exam_oid, exam_result_detail_oid, institute_oid, student_id, class_textbook_oid, institute_class_oid, institute_class_section_oid, total_marks, obtained_marks, letter_grade, grade_point, assessment, status) values ('schoolerp-exam-result-marks-oid-0012','doererp-exam-oid-0001','schoolerp-exam-result-detail-oid-0001','SCHOOL-ERP-Demo-School-001','13086522M060002','SCHOOL-ERP-Institute-Text-Book-0070','SCHOOL-ERP-Institute-Class-6','Institute-Class-6-Shift-Morning-Bangla-Version-Section-Jaba',100,85,'A+',5,'Excellent','Present');
insert into "schoolerp".exam_result_marks (oid, exam_oid, exam_result_detail_oid, institute_oid, student_id, class_textbook_oid, institute_class_oid, institute_class_section_oid, total_marks, obtained_marks, letter_grade, grade_point, assessment, status) values ('schoolerp-exam-result-marks-oid-0013','doererp-exam-oid-0001','schoolerp-exam-result-detail-oid-0001','SCHOOL-ERP-Demo-School-001','13086522M060002','SCHOOL-ERP-Institute-Text-Book-0072','SCHOOL-ERP-Institute-Class-6','Institute-Class-6-Shift-Morning-Bangla-Version-Section-Jaba',100,85,'A+',5,'Excellent','Present');
insert into "schoolerp".exam_result_marks (oid, exam_oid, exam_result_detail_oid, institute_oid, student_id, class_textbook_oid, institute_class_oid, institute_class_section_oid, total_marks, obtained_marks, letter_grade, grade_point, assessment, status) values ('schoolerp-exam-result-marks-oid-0014','doererp-exam-oid-0001','schoolerp-exam-result-detail-oid-0001','SCHOOL-ERP-Demo-School-001','13086522M060002','SCHOOL-ERP-Institute-Text-Book-0074','SCHOOL-ERP-Institute-Class-6','Institute-Class-6-Shift-Morning-Bangla-Version-Section-Jaba',100,85,'A+',5,'Excellent','Present');
insert into "schoolerp".exam_result_marks (oid, exam_oid, exam_result_detail_oid, institute_oid, student_id, class_textbook_oid, institute_class_oid, institute_class_section_oid, total_marks, obtained_marks, letter_grade, grade_point, assessment, status) values ('schoolerp-exam-result-marks-oid-0015','doererp-exam-oid-0001','schoolerp-exam-result-detail-oid-0001','SCHOOL-ERP-Demo-School-001','13086522M060002','SCHOOL-ERP-Institute-Text-Book-0076','SCHOOL-ERP-Institute-Class-6','Institute-Class-6-Shift-Morning-Bangla-Version-Section-Jaba',100,85,'A+',5,'Excellent','Present');
insert into "schoolerp".exam_result_marks (oid, exam_oid, exam_result_detail_oid, institute_oid, student_id, class_textbook_oid, institute_class_oid, institute_class_section_oid, total_marks, obtained_marks, letter_grade, grade_point, assessment, status) values ('schoolerp-exam-result-marks-oid-0016','doererp-exam-oid-0001','schoolerp-exam-result-detail-oid-0001','SCHOOL-ERP-Demo-School-001','13086522M060002','SCHOOL-ERP-Institute-Text-Book-0077','SCHOOL-ERP-Institute-Class-6','Institute-Class-6-Shift-Morning-Bangla-Version-Section-Jaba',100,85,'A+',5,'Excellent','Present');
insert into "schoolerp".exam_result_marks (oid, exam_oid, exam_result_detail_oid, institute_oid, student_id, class_textbook_oid, institute_class_oid, institute_class_section_oid, total_marks, obtained_marks, letter_grade, grade_point, assessment, status) values ('schoolerp-exam-result-marks-oid-0017','doererp-exam-oid-0001','schoolerp-exam-result-detail-oid-0001','SCHOOL-ERP-Demo-School-001','13086522F060006','SCHOOL-ERP-Institute-Text-Book-0067','SCHOOL-ERP-Institute-Class-6','Institute-Class-6-Shift-Morning-Bangla-Version-Section-Jaba',100,85,'A+',5,'Excellent','Present');
insert into "schoolerp".exam_result_marks (oid, exam_oid, exam_result_detail_oid, institute_oid, student_id, class_textbook_oid, institute_class_oid, institute_class_section_oid, total_marks, obtained_marks, letter_grade, grade_point, assessment, status) values ('schoolerp-exam-result-marks-oid-0018','doererp-exam-oid-0001','schoolerp-exam-result-detail-oid-0001','SCHOOL-ERP-Demo-School-001','13086522F060006','SCHOOL-ERP-Institute-Text-Book-0068','SCHOOL-ERP-Institute-Class-6','Institute-Class-6-Shift-Morning-Bangla-Version-Section-Jaba',100,85,'A+',5,'Excellent','Present');
insert into "schoolerp".exam_result_marks (oid, exam_oid, exam_result_detail_oid, institute_oid, student_id, class_textbook_oid, institute_class_oid, institute_class_section_oid, total_marks, obtained_marks, letter_grade, grade_point, assessment, status) values ('schoolerp-exam-result-marks-oid-0019','doererp-exam-oid-0001','schoolerp-exam-result-detail-oid-0001','SCHOOL-ERP-Demo-School-001','13086522F060006','SCHOOL-ERP-Institute-Text-Book-0069','SCHOOL-ERP-Institute-Class-6','Institute-Class-6-Shift-Morning-Bangla-Version-Section-Jaba',100,85,'A+',5,'Excellent','Present');
insert into "schoolerp".exam_result_marks (oid, exam_oid, exam_result_detail_oid, institute_oid, student_id, class_textbook_oid, institute_class_oid, institute_class_section_oid, total_marks, obtained_marks, letter_grade, grade_point, assessment, status) values ('schoolerp-exam-result-marks-oid-0020','doererp-exam-oid-0001','schoolerp-exam-result-detail-oid-0001','SCHOOL-ERP-Demo-School-001','13086522F060006','SCHOOL-ERP-Institute-Text-Book-0070','SCHOOL-ERP-Institute-Class-6','Institute-Class-6-Shift-Morning-Bangla-Version-Section-Jaba',100,85,'A+',5,'Excellent','Present');
insert into "schoolerp".exam_result_marks (oid, exam_oid, exam_result_detail_oid, institute_oid, student_id, class_textbook_oid, institute_class_oid, institute_class_section_oid, total_marks, obtained_marks, letter_grade, grade_point, assessment, status) values ('schoolerp-exam-result-marks-oid-0021','doererp-exam-oid-0001','schoolerp-exam-result-detail-oid-0001','SCHOOL-ERP-Demo-School-001','13086522F060006','SCHOOL-ERP-Institute-Text-Book-0072','SCHOOL-ERP-Institute-Class-6','Institute-Class-6-Shift-Morning-Bangla-Version-Section-Jaba',100,85,'A+',5,'Excellent','Present');
insert into "schoolerp".exam_result_marks (oid, exam_oid, exam_result_detail_oid, institute_oid, student_id, class_textbook_oid, institute_class_oid, institute_class_section_oid, total_marks, obtained_marks, letter_grade, grade_point, assessment, status) values ('schoolerp-exam-result-marks-oid-0022','doererp-exam-oid-0001','schoolerp-exam-result-detail-oid-0001','SCHOOL-ERP-Demo-School-001','13086522F060006','SCHOOL-ERP-Institute-Text-Book-0074','SCHOOL-ERP-Institute-Class-6','Institute-Class-6-Shift-Morning-Bangla-Version-Section-Jaba',100,85,'A+',5,'Excellent','Present');
insert into "schoolerp".exam_result_marks (oid, exam_oid, exam_result_detail_oid, institute_oid, student_id, class_textbook_oid, institute_class_oid, institute_class_section_oid, total_marks, obtained_marks, letter_grade, grade_point, assessment, status) values ('schoolerp-exam-result-marks-oid-0023','doererp-exam-oid-0001','schoolerp-exam-result-detail-oid-0001','SCHOOL-ERP-Demo-School-001','13086522F060006','SCHOOL-ERP-Institute-Text-Book-0076','SCHOOL-ERP-Institute-Class-6','Institute-Class-6-Shift-Morning-Bangla-Version-Section-Jaba',100,85,'A+',5,'Excellent','Present');
insert into "schoolerp".exam_result_marks (oid, exam_oid, exam_result_detail_oid, institute_oid, student_id, class_textbook_oid, institute_class_oid, institute_class_section_oid, total_marks, obtained_marks, letter_grade, grade_point, assessment, status) values ('schoolerp-exam-result-marks-oid-0024','doererp-exam-oid-0001','schoolerp-exam-result-detail-oid-0001','SCHOOL-ERP-Demo-School-001','13086522F060006','SCHOOL-ERP-Institute-Text-Book-0077','SCHOOL-ERP-Institute-Class-6','Institute-Class-6-Shift-Morning-Bangla-Version-Section-Jaba',100,85,'A+',5,'Excellent','Present');
insert into "schoolerp".exam_result_marks (oid, exam_oid, exam_result_detail_oid, institute_oid, student_id, class_textbook_oid, institute_class_oid, institute_class_section_oid, total_marks, obtained_marks, letter_grade, grade_point, assessment, status) values ('schoolerp-exam-result-marks-oid-0025','doererp-exam-oid-0001','schoolerp-exam-result-detail-oid-0002','SCHOOL-ERP-Demo-School-001','13086522M060004','SCHOOL-ERP-Institute-Text-Book-0067','SCHOOL-ERP-Institute-Class-6','Institute-Class-6-Shift-Evening-Bangla-Version-Section-Jaba',100,85,'A+',5,'Excellent','Present');
insert into "schoolerp".exam_result_marks (oid, exam_oid, exam_result_detail_oid, institute_oid, student_id, class_textbook_oid, institute_class_oid, institute_class_section_oid, total_marks, obtained_marks, letter_grade, grade_point, assessment, status) values ('schoolerp-exam-result-marks-oid-0026','doererp-exam-oid-0001','schoolerp-exam-result-detail-oid-0002','SCHOOL-ERP-Demo-School-001','13086522M060004','SCHOOL-ERP-Institute-Text-Book-0068','SCHOOL-ERP-Institute-Class-6','Institute-Class-6-Shift-Evening-Bangla-Version-Section-Jaba',100,85,'A+',5,'Excellent','Present');
insert into "schoolerp".exam_result_marks (oid, exam_oid, exam_result_detail_oid, institute_oid, student_id, class_textbook_oid, institute_class_oid, institute_class_section_oid, total_marks, obtained_marks, letter_grade, grade_point, assessment, status) values ('schoolerp-exam-result-marks-oid-0027','doererp-exam-oid-0001','schoolerp-exam-result-detail-oid-0002','SCHOOL-ERP-Demo-School-001','13086522M060004','SCHOOL-ERP-Institute-Text-Book-0069','SCHOOL-ERP-Institute-Class-6','Institute-Class-6-Shift-Evening-Bangla-Version-Section-Jaba',100,85,'A+',5,'Excellent','Present');
insert into "schoolerp".exam_result_marks (oid, exam_oid, exam_result_detail_oid, institute_oid, student_id, class_textbook_oid, institute_class_oid, institute_class_section_oid, total_marks, obtained_marks, letter_grade, grade_point, assessment, status) values ('schoolerp-exam-result-marks-oid-0028','doererp-exam-oid-0001','schoolerp-exam-result-detail-oid-0002','SCHOOL-ERP-Demo-School-001','13086522M060004','SCHOOL-ERP-Institute-Text-Book-0070','SCHOOL-ERP-Institute-Class-6','Institute-Class-6-Shift-Evening-Bangla-Version-Section-Jaba',100,85,'A+',5,'Excellent','Present');
insert into "schoolerp".exam_result_marks (oid, exam_oid, exam_result_detail_oid, institute_oid, student_id, class_textbook_oid, institute_class_oid, institute_class_section_oid, total_marks, obtained_marks, letter_grade, grade_point, assessment, status) values ('schoolerp-exam-result-marks-oid-0029','doererp-exam-oid-0001','schoolerp-exam-result-detail-oid-0002','SCHOOL-ERP-Demo-School-001','13086522M060004','SCHOOL-ERP-Institute-Text-Book-0072','SCHOOL-ERP-Institute-Class-6','Institute-Class-6-Shift-Evening-Bangla-Version-Section-Jaba',100,85,'A+',5,'Excellent','Present');
insert into "schoolerp".exam_result_marks (oid, exam_oid, exam_result_detail_oid, institute_oid, student_id, class_textbook_oid, institute_class_oid, institute_class_section_oid, total_marks, obtained_marks, letter_grade, grade_point, assessment, status) values ('schoolerp-exam-result-marks-oid-0030','doererp-exam-oid-0001','schoolerp-exam-result-detail-oid-0002','SCHOOL-ERP-Demo-School-001','13086522M060004','SCHOOL-ERP-Institute-Text-Book-0074','SCHOOL-ERP-Institute-Class-6','Institute-Class-6-Shift-Evening-Bangla-Version-Section-Jaba',100,85,'A+',5,'Excellent','Present');
insert into "schoolerp".exam_result_marks (oid, exam_oid, exam_result_detail_oid, institute_oid, student_id, class_textbook_oid, institute_class_oid, institute_class_section_oid, total_marks, obtained_marks, letter_grade, grade_point, assessment, status) values ('schoolerp-exam-result-marks-oid-0031','doererp-exam-oid-0001','schoolerp-exam-result-detail-oid-0002','SCHOOL-ERP-Demo-School-001','13086522M060004','SCHOOL-ERP-Institute-Text-Book-0076','SCHOOL-ERP-Institute-Class-6','Institute-Class-6-Shift-Evening-Bangla-Version-Section-Jaba',100,85,'A+',5,'Excellent','Present');
insert into "schoolerp".exam_result_marks (oid, exam_oid, exam_result_detail_oid, institute_oid, student_id, class_textbook_oid, institute_class_oid, institute_class_section_oid, total_marks, obtained_marks, letter_grade, grade_point, assessment, status) values ('schoolerp-exam-result-marks-oid-0032','doererp-exam-oid-0001','schoolerp-exam-result-detail-oid-0002','SCHOOL-ERP-Demo-School-001','13086522M060004','SCHOOL-ERP-Institute-Text-Book-0077','SCHOOL-ERP-Institute-Class-6','Institute-Class-6-Shift-Evening-Bangla-Version-Section-Jaba',100,85,'A+',5,'Excellent','Present');
insert into "schoolerp".exam_result_marks (oid, exam_oid, exam_result_detail_oid, institute_oid, student_id, class_textbook_oid, institute_class_oid, institute_class_section_oid, total_marks, obtained_marks, letter_grade, grade_point, assessment, status) values ('schoolerp-exam-result-marks-oid-0033','doererp-exam-oid-0001','schoolerp-exam-result-detail-oid-0002','SCHOOL-ERP-Demo-School-001','13086522F060008','SCHOOL-ERP-Institute-Text-Book-0067','SCHOOL-ERP-Institute-Class-6','Institute-Class-6-Shift-Evening-Bangla-Version-Section-Jaba',100,85,'A+',5,'Excellent','Present');
insert into "schoolerp".exam_result_marks (oid, exam_oid, exam_result_detail_oid, institute_oid, student_id, class_textbook_oid, institute_class_oid, institute_class_section_oid, total_marks, obtained_marks, letter_grade, grade_point, assessment, status) values ('schoolerp-exam-result-marks-oid-0034','doererp-exam-oid-0001','schoolerp-exam-result-detail-oid-0002','SCHOOL-ERP-Demo-School-001','13086522F060008','SCHOOL-ERP-Institute-Text-Book-0068','SCHOOL-ERP-Institute-Class-6','Institute-Class-6-Shift-Evening-Bangla-Version-Section-Jaba',100,85,'A+',5,'Excellent','Present');
insert into "schoolerp".exam_result_marks (oid, exam_oid, exam_result_detail_oid, institute_oid, student_id, class_textbook_oid, institute_class_oid, institute_class_section_oid, total_marks, obtained_marks, letter_grade, grade_point, assessment, status) values ('schoolerp-exam-result-marks-oid-0035','doererp-exam-oid-0001','schoolerp-exam-result-detail-oid-0002','SCHOOL-ERP-Demo-School-001','13086522F060008','SCHOOL-ERP-Institute-Text-Book-0069','SCHOOL-ERP-Institute-Class-6','Institute-Class-6-Shift-Evening-Bangla-Version-Section-Jaba',100,85,'A+',5,'Excellent','Present');
insert into "schoolerp".exam_result_marks (oid, exam_oid, exam_result_detail_oid, institute_oid, student_id, class_textbook_oid, institute_class_oid, institute_class_section_oid, total_marks, obtained_marks, letter_grade, grade_point, assessment, status) values ('schoolerp-exam-result-marks-oid-0036','doererp-exam-oid-0001','schoolerp-exam-result-detail-oid-0002','SCHOOL-ERP-Demo-School-001','13086522F060008','SCHOOL-ERP-Institute-Text-Book-0070','SCHOOL-ERP-Institute-Class-6','Institute-Class-6-Shift-Evening-Bangla-Version-Section-Jaba',100,85,'A+',5,'Excellent','Present');
insert into "schoolerp".exam_result_marks (oid, exam_oid, exam_result_detail_oid, institute_oid, student_id, class_textbook_oid, institute_class_oid, institute_class_section_oid, total_marks, obtained_marks, letter_grade, grade_point, assessment, status) values ('schoolerp-exam-result-marks-oid-0037','doererp-exam-oid-0001','schoolerp-exam-result-detail-oid-0002','SCHOOL-ERP-Demo-School-001','13086522F060008','SCHOOL-ERP-Institute-Text-Book-0072','SCHOOL-ERP-Institute-Class-6','Institute-Class-6-Shift-Evening-Bangla-Version-Section-Jaba',100,85,'A+',5,'Excellent','Present');
insert into "schoolerp".exam_result_marks (oid, exam_oid, exam_result_detail_oid, institute_oid, student_id, class_textbook_oid, institute_class_oid, institute_class_section_oid, total_marks, obtained_marks, letter_grade, grade_point, assessment, status) values ('schoolerp-exam-result-marks-oid-0038','doererp-exam-oid-0001','schoolerp-exam-result-detail-oid-0002','SCHOOL-ERP-Demo-School-001','13086522F060008','SCHOOL-ERP-Institute-Text-Book-0074','SCHOOL-ERP-Institute-Class-6','Institute-Class-6-Shift-Evening-Bangla-Version-Section-Jaba',100,85,'A+',5,'Excellent','Present');
insert into "schoolerp".exam_result_marks (oid, exam_oid, exam_result_detail_oid, institute_oid, student_id, class_textbook_oid, institute_class_oid, institute_class_section_oid, total_marks, obtained_marks, letter_grade, grade_point, assessment, status) values ('schoolerp-exam-result-marks-oid-0039','doererp-exam-oid-0001','schoolerp-exam-result-detail-oid-0002','SCHOOL-ERP-Demo-School-001','13086522F060008','SCHOOL-ERP-Institute-Text-Book-0076','SCHOOL-ERP-Institute-Class-6','Institute-Class-6-Shift-Evening-Bangla-Version-Section-Jaba',100,85,'A+',5,'Excellent','Present');
insert into "schoolerp".exam_result_marks (oid, exam_oid, exam_result_detail_oid, institute_oid, student_id, class_textbook_oid, institute_class_oid, institute_class_section_oid, total_marks, obtained_marks, letter_grade, grade_point, assessment, status) values ('schoolerp-exam-result-marks-oid-0040','doererp-exam-oid-0001','schoolerp-exam-result-detail-oid-0002','SCHOOL-ERP-Demo-School-001','13086522F060008','SCHOOL-ERP-Institute-Text-Book-0077','SCHOOL-ERP-Institute-Class-6','Institute-Class-6-Shift-Evening-Bangla-Version-Section-Jaba',100,85,'A+',5,'Excellent','Present');
insert into "schoolerp".exam_result_marks (oid, exam_oid, exam_result_detail_oid, institute_oid, student_id, class_textbook_oid, institute_class_oid, institute_class_section_oid, total_marks, obtained_marks, letter_grade, grade_point, assessment, status) values ('schoolerp-exam-result-marks-oid-0041','doererp-exam-oid-0001','schoolerp-exam-result-detail-oid-0003','SCHOOL-ERP-Demo-School-001','13086522M060003','SCHOOL-ERP-Institute-Text-Book-0090','SCHOOL-ERP-Institute-Class-6','Institute-Class-6-Shift-Morning-English-Version-Section-Jaba',100,85,'A+',5,'Excellent','Present');
insert into "schoolerp".exam_result_marks (oid, exam_oid, exam_result_detail_oid, institute_oid, student_id, class_textbook_oid, institute_class_oid, institute_class_section_oid, total_marks, obtained_marks, letter_grade, grade_point, assessment, status) values ('schoolerp-exam-result-marks-oid-0042','doererp-exam-oid-0001','schoolerp-exam-result-detail-oid-0003','SCHOOL-ERP-Demo-School-001','13086522M060003','SCHOOL-ERP-Institute-Text-Book-0091','SCHOOL-ERP-Institute-Class-6','Institute-Class-6-Shift-Morning-English-Version-Section-Jaba',100,85,'A+',5,'Excellent','Present');
insert into "schoolerp".exam_result_marks (oid, exam_oid, exam_result_detail_oid, institute_oid, student_id, class_textbook_oid, institute_class_oid, institute_class_section_oid, total_marks, obtained_marks, letter_grade, grade_point, assessment, status) values ('schoolerp-exam-result-marks-oid-0043','doererp-exam-oid-0001','schoolerp-exam-result-detail-oid-0003','SCHOOL-ERP-Demo-School-001','13086522M060003','SCHOOL-ERP-Institute-Text-Book-0092','SCHOOL-ERP-Institute-Class-6','Institute-Class-6-Shift-Morning-English-Version-Section-Jaba',100,85,'A+',5,'Excellent','Present');
insert into "schoolerp".exam_result_marks (oid, exam_oid, exam_result_detail_oid, institute_oid, student_id, class_textbook_oid, institute_class_oid, institute_class_section_oid, total_marks, obtained_marks, letter_grade, grade_point, assessment, status) values ('schoolerp-exam-result-marks-oid-0044','doererp-exam-oid-0001','schoolerp-exam-result-detail-oid-0003','SCHOOL-ERP-Demo-School-001','13086522M060003','SCHOOL-ERP-Institute-Text-Book-0093','SCHOOL-ERP-Institute-Class-6','Institute-Class-6-Shift-Morning-English-Version-Section-Jaba',100,85,'A+',5,'Excellent','Present');
insert into "schoolerp".exam_result_marks (oid, exam_oid, exam_result_detail_oid, institute_oid, student_id, class_textbook_oid, institute_class_oid, institute_class_section_oid, total_marks, obtained_marks, letter_grade, grade_point, assessment, status) values ('schoolerp-exam-result-marks-oid-0045','doererp-exam-oid-0001','schoolerp-exam-result-detail-oid-0003','SCHOOL-ERP-Demo-School-001','13086522M060003','SCHOOL-ERP-Institute-Text-Book-0095','SCHOOL-ERP-Institute-Class-6','Institute-Class-6-Shift-Morning-English-Version-Section-Jaba',100,85,'A+',5,'Excellent','Present');
insert into "schoolerp".exam_result_marks (oid, exam_oid, exam_result_detail_oid, institute_oid, student_id, class_textbook_oid, institute_class_oid, institute_class_section_oid, total_marks, obtained_marks, letter_grade, grade_point, assessment, status) values ('schoolerp-exam-result-marks-oid-0046','doererp-exam-oid-0001','schoolerp-exam-result-detail-oid-0003','SCHOOL-ERP-Demo-School-001','13086522M060003','SCHOOL-ERP-Institute-Text-Book-0097','SCHOOL-ERP-Institute-Class-6','Institute-Class-6-Shift-Morning-English-Version-Section-Jaba',100,85,'A+',5,'Excellent','Present');
insert into "schoolerp".exam_result_marks (oid, exam_oid, exam_result_detail_oid, institute_oid, student_id, class_textbook_oid, institute_class_oid, institute_class_section_oid, total_marks, obtained_marks, letter_grade, grade_point, assessment, status) values ('schoolerp-exam-result-marks-oid-0047','doererp-exam-oid-0001','schoolerp-exam-result-detail-oid-0003','SCHOOL-ERP-Demo-School-001','13086522M060003','SCHOOL-ERP-Institute-Text-Book-0099','SCHOOL-ERP-Institute-Class-6','Institute-Class-6-Shift-Morning-English-Version-Section-Jaba',100,85,'A+',5,'Excellent','Present');
insert into "schoolerp".exam_result_marks (oid, exam_oid, exam_result_detail_oid, institute_oid, student_id, class_textbook_oid, institute_class_oid, institute_class_section_oid, total_marks, obtained_marks, letter_grade, grade_point, assessment, status) values ('schoolerp-exam-result-marks-oid-0048','doererp-exam-oid-0001','schoolerp-exam-result-detail-oid-0003','SCHOOL-ERP-Demo-School-001','13086522M060003','SCHOOL-ERP-Institute-Text-Book-0100','SCHOOL-ERP-Institute-Class-6','Institute-Class-6-Shift-Morning-English-Version-Section-Jaba',100,85,'A+',5,'Excellent','Present');
insert into "schoolerp".exam_result_marks (oid, exam_oid, exam_result_detail_oid, institute_oid, student_id, class_textbook_oid, institute_class_oid, institute_class_section_oid, total_marks, obtained_marks, letter_grade, grade_point, assessment, status) values ('schoolerp-exam-result-marks-oid-0049','doererp-exam-oid-0001','schoolerp-exam-result-detail-oid-0003','SCHOOL-ERP-Demo-School-001','13086522F060007','SCHOOL-ERP-Institute-Text-Book-0090','SCHOOL-ERP-Institute-Class-6','Institute-Class-6-Shift-Morning-English-Version-Section-Jaba',100,85,'A+',5,'Excellent','Present');
insert into "schoolerp".exam_result_marks (oid, exam_oid, exam_result_detail_oid, institute_oid, student_id, class_textbook_oid, institute_class_oid, institute_class_section_oid, total_marks, obtained_marks, letter_grade, grade_point, assessment, status) values ('schoolerp-exam-result-marks-oid-0050','doererp-exam-oid-0001','schoolerp-exam-result-detail-oid-0003','SCHOOL-ERP-Demo-School-001','13086522F060007','SCHOOL-ERP-Institute-Text-Book-0091','SCHOOL-ERP-Institute-Class-6','Institute-Class-6-Shift-Morning-English-Version-Section-Jaba',100,85,'A+',5,'Excellent','Present');
insert into "schoolerp".exam_result_marks (oid, exam_oid, exam_result_detail_oid, institute_oid, student_id, class_textbook_oid, institute_class_oid, institute_class_section_oid, total_marks, obtained_marks, letter_grade, grade_point, assessment, status) values ('schoolerp-exam-result-marks-oid-0051','doererp-exam-oid-0001','schoolerp-exam-result-detail-oid-0003','SCHOOL-ERP-Demo-School-001','13086522F060007','SCHOOL-ERP-Institute-Text-Book-0092','SCHOOL-ERP-Institute-Class-6','Institute-Class-6-Shift-Morning-English-Version-Section-Jaba',100,85,'A+',5,'Excellent','Present');
insert into "schoolerp".exam_result_marks (oid, exam_oid, exam_result_detail_oid, institute_oid, student_id, class_textbook_oid, institute_class_oid, institute_class_section_oid, total_marks, obtained_marks, letter_grade, grade_point, assessment, status) values ('schoolerp-exam-result-marks-oid-0052','doererp-exam-oid-0001','schoolerp-exam-result-detail-oid-0003','SCHOOL-ERP-Demo-School-001','13086522F060007','SCHOOL-ERP-Institute-Text-Book-0093','SCHOOL-ERP-Institute-Class-6','Institute-Class-6-Shift-Morning-English-Version-Section-Jaba',100,85,'A+',5,'Excellent','Present');
insert into "schoolerp".exam_result_marks (oid, exam_oid, exam_result_detail_oid, institute_oid, student_id, class_textbook_oid, institute_class_oid, institute_class_section_oid, total_marks, obtained_marks, letter_grade, grade_point, assessment, status) values ('schoolerp-exam-result-marks-oid-0053','doererp-exam-oid-0001','schoolerp-exam-result-detail-oid-0003','SCHOOL-ERP-Demo-School-001','13086522F060007','SCHOOL-ERP-Institute-Text-Book-0095','SCHOOL-ERP-Institute-Class-6','Institute-Class-6-Shift-Morning-English-Version-Section-Jaba',100,85,'A+',5,'Excellent','Present');
insert into "schoolerp".exam_result_marks (oid, exam_oid, exam_result_detail_oid, institute_oid, student_id, class_textbook_oid, institute_class_oid, institute_class_section_oid, total_marks, obtained_marks, letter_grade, grade_point, assessment, status) values ('schoolerp-exam-result-marks-oid-0054','doererp-exam-oid-0001','schoolerp-exam-result-detail-oid-0003','SCHOOL-ERP-Demo-School-001','13086522F060007','SCHOOL-ERP-Institute-Text-Book-0097','SCHOOL-ERP-Institute-Class-6','Institute-Class-6-Shift-Morning-English-Version-Section-Jaba',100,85,'A+',5,'Excellent','Present');
insert into "schoolerp".exam_result_marks (oid, exam_oid, exam_result_detail_oid, institute_oid, student_id, class_textbook_oid, institute_class_oid, institute_class_section_oid, total_marks, obtained_marks, letter_grade, grade_point, assessment, status) values ('schoolerp-exam-result-marks-oid-0055','doererp-exam-oid-0001','schoolerp-exam-result-detail-oid-0003','SCHOOL-ERP-Demo-School-001','13086522F060007','SCHOOL-ERP-Institute-Text-Book-0099','SCHOOL-ERP-Institute-Class-6','Institute-Class-6-Shift-Morning-English-Version-Section-Jaba',100,85,'A+',5,'Excellent','Present');
insert into "schoolerp".exam_result_marks (oid, exam_oid, exam_result_detail_oid, institute_oid, student_id, class_textbook_oid, institute_class_oid, institute_class_section_oid, total_marks, obtained_marks, letter_grade, grade_point, assessment, status) values ('schoolerp-exam-result-marks-oid-0056','doererp-exam-oid-0001','schoolerp-exam-result-detail-oid-0003','SCHOOL-ERP-Demo-School-001','13086522F060007','SCHOOL-ERP-Institute-Text-Book-0100','SCHOOL-ERP-Institute-Class-6','Institute-Class-6-Shift-Morning-English-Version-Section-Jaba',100,85,'A+',5,'Excellent','Present');
insert into "schoolerp".exam_result_marks (oid, exam_oid, exam_result_detail_oid, institute_oid, student_id, class_textbook_oid, institute_class_oid, institute_class_section_oid, total_marks, obtained_marks, letter_grade, grade_point, assessment, status) values ('schoolerp-exam-result-marks-oid-0057','doererp-exam-oid-0001','schoolerp-exam-result-detail-oid-0004','SCHOOL-ERP-Demo-School-001','13086522M060005','SCHOOL-ERP-Institute-Text-Book-0090','SCHOOL-ERP-Institute-Class-6','Institute-Class-6-Shift-Evening-English-Version-Section-Jaba',100,85,'A+',5,'Excellent','Present');
insert into "schoolerp".exam_result_marks (oid, exam_oid, exam_result_detail_oid, institute_oid, student_id, class_textbook_oid, institute_class_oid, institute_class_section_oid, total_marks, obtained_marks, letter_grade, grade_point, assessment, status) values ('schoolerp-exam-result-marks-oid-0058','doererp-exam-oid-0001','schoolerp-exam-result-detail-oid-0004','SCHOOL-ERP-Demo-School-001','13086522M060005','SCHOOL-ERP-Institute-Text-Book-0091','SCHOOL-ERP-Institute-Class-6','Institute-Class-6-Shift-Evening-English-Version-Section-Jaba',100,85,'A+',5,'Excellent','Present');
insert into "schoolerp".exam_result_marks (oid, exam_oid, exam_result_detail_oid, institute_oid, student_id, class_textbook_oid, institute_class_oid, institute_class_section_oid, total_marks, obtained_marks, letter_grade, grade_point, assessment, status) values ('schoolerp-exam-result-marks-oid-0059','doererp-exam-oid-0001','schoolerp-exam-result-detail-oid-0004','SCHOOL-ERP-Demo-School-001','13086522M060005','SCHOOL-ERP-Institute-Text-Book-0092','SCHOOL-ERP-Institute-Class-6','Institute-Class-6-Shift-Evening-English-Version-Section-Jaba',100,85,'A+',5,'Excellent','Present');
insert into "schoolerp".exam_result_marks (oid, exam_oid, exam_result_detail_oid, institute_oid, student_id, class_textbook_oid, institute_class_oid, institute_class_section_oid, total_marks, obtained_marks, letter_grade, grade_point, assessment, status) values ('schoolerp-exam-result-marks-oid-0060','doererp-exam-oid-0001','schoolerp-exam-result-detail-oid-0004','SCHOOL-ERP-Demo-School-001','13086522M060005','SCHOOL-ERP-Institute-Text-Book-0093','SCHOOL-ERP-Institute-Class-6','Institute-Class-6-Shift-Evening-English-Version-Section-Jaba',100,85,'A+',5,'Excellent','Present');
insert into "schoolerp".exam_result_marks (oid, exam_oid, exam_result_detail_oid, institute_oid, student_id, class_textbook_oid, institute_class_oid, institute_class_section_oid, total_marks, obtained_marks, letter_grade, grade_point, assessment, status) values ('schoolerp-exam-result-marks-oid-0061','doererp-exam-oid-0001','schoolerp-exam-result-detail-oid-0004','SCHOOL-ERP-Demo-School-001','13086522M060005','SCHOOL-ERP-Institute-Text-Book-0095','SCHOOL-ERP-Institute-Class-6','Institute-Class-6-Shift-Evening-English-Version-Section-Jaba',100,85,'A+',5,'Excellent','Present');
insert into "schoolerp".exam_result_marks (oid, exam_oid, exam_result_detail_oid, institute_oid, student_id, class_textbook_oid, institute_class_oid, institute_class_section_oid, total_marks, obtained_marks, letter_grade, grade_point, assessment, status) values ('schoolerp-exam-result-marks-oid-0062','doererp-exam-oid-0001','schoolerp-exam-result-detail-oid-0004','SCHOOL-ERP-Demo-School-001','13086522M060005','SCHOOL-ERP-Institute-Text-Book-0097','SCHOOL-ERP-Institute-Class-6','Institute-Class-6-Shift-Evening-English-Version-Section-Jaba',100,85,'A+',5,'Excellent','Present');
insert into "schoolerp".exam_result_marks (oid, exam_oid, exam_result_detail_oid, institute_oid, student_id, class_textbook_oid, institute_class_oid, institute_class_section_oid, total_marks, obtained_marks, letter_grade, grade_point, assessment, status) values ('schoolerp-exam-result-marks-oid-0063','doererp-exam-oid-0001','schoolerp-exam-result-detail-oid-0004','SCHOOL-ERP-Demo-School-001','13086522M060005','SCHOOL-ERP-Institute-Text-Book-0099','SCHOOL-ERP-Institute-Class-6','Institute-Class-6-Shift-Evening-English-Version-Section-Jaba',100,85,'A+',5,'Excellent','Present');
insert into "schoolerp".exam_result_marks (oid, exam_oid, exam_result_detail_oid, institute_oid, student_id, class_textbook_oid, institute_class_oid, institute_class_section_oid, total_marks, obtained_marks, letter_grade, grade_point, assessment, status) values ('schoolerp-exam-result-marks-oid-0064','doererp-exam-oid-0001','schoolerp-exam-result-detail-oid-0004','SCHOOL-ERP-Demo-School-001','13086522M060005','SCHOOL-ERP-Institute-Text-Book-0100','SCHOOL-ERP-Institute-Class-6','Institute-Class-6-Shift-Evening-English-Version-Section-Jaba',100,85,'A+',5,'Excellent','Present');
insert into "schoolerp".exam_result_marks (oid, exam_oid, exam_result_detail_oid, institute_oid, student_id, class_textbook_oid, institute_class_oid, institute_class_section_oid, total_marks, obtained_marks, letter_grade, grade_point, assessment, status) values ('schoolerp-exam-result-marks-oid-0065','doererp-exam-oid-0001','schoolerp-exam-result-detail-oid-0004','SCHOOL-ERP-Demo-School-001','13086522F060009','SCHOOL-ERP-Institute-Text-Book-0090','SCHOOL-ERP-Institute-Class-6','Institute-Class-6-Shift-Evening-English-Version-Section-Jaba',100,85,'A+',5,'Excellent','Present');
insert into "schoolerp".exam_result_marks (oid, exam_oid, exam_result_detail_oid, institute_oid, student_id, class_textbook_oid, institute_class_oid, institute_class_section_oid, total_marks, obtained_marks, letter_grade, grade_point, assessment, status) values ('schoolerp-exam-result-marks-oid-0066','doererp-exam-oid-0001','schoolerp-exam-result-detail-oid-0004','SCHOOL-ERP-Demo-School-001','13086522F060009','SCHOOL-ERP-Institute-Text-Book-0091','SCHOOL-ERP-Institute-Class-6','Institute-Class-6-Shift-Evening-English-Version-Section-Jaba',100,85,'A+',5,'Excellent','Present');
insert into "schoolerp".exam_result_marks (oid, exam_oid, exam_result_detail_oid, institute_oid, student_id, class_textbook_oid, institute_class_oid, institute_class_section_oid, total_marks, obtained_marks, letter_grade, grade_point, assessment, status) values ('schoolerp-exam-result-marks-oid-0067','doererp-exam-oid-0001','schoolerp-exam-result-detail-oid-0004','SCHOOL-ERP-Demo-School-001','13086522F060009','SCHOOL-ERP-Institute-Text-Book-0092','SCHOOL-ERP-Institute-Class-6','Institute-Class-6-Shift-Evening-English-Version-Section-Jaba',100,85,'A+',5,'Excellent','Present');
insert into "schoolerp".exam_result_marks (oid, exam_oid, exam_result_detail_oid, institute_oid, student_id, class_textbook_oid, institute_class_oid, institute_class_section_oid, total_marks, obtained_marks, letter_grade, grade_point, assessment, status) values ('schoolerp-exam-result-marks-oid-0068','doererp-exam-oid-0001','schoolerp-exam-result-detail-oid-0004','SCHOOL-ERP-Demo-School-001','13086522F060009','SCHOOL-ERP-Institute-Text-Book-0093','SCHOOL-ERP-Institute-Class-6','Institute-Class-6-Shift-Evening-English-Version-Section-Jaba',100,85,'A+',5,'Excellent','Present');
insert into "schoolerp".exam_result_marks (oid, exam_oid, exam_result_detail_oid, institute_oid, student_id, class_textbook_oid, institute_class_oid, institute_class_section_oid, total_marks, obtained_marks, letter_grade, grade_point, assessment, status) values ('schoolerp-exam-result-marks-oid-0069','doererp-exam-oid-0001','schoolerp-exam-result-detail-oid-0004','SCHOOL-ERP-Demo-School-001','13086522F060009','SCHOOL-ERP-Institute-Text-Book-0095','SCHOOL-ERP-Institute-Class-6','Institute-Class-6-Shift-Evening-English-Version-Section-Jaba',100,85,'A+',5,'Excellent','Present');
insert into "schoolerp".exam_result_marks (oid, exam_oid, exam_result_detail_oid, institute_oid, student_id, class_textbook_oid, institute_class_oid, institute_class_section_oid, total_marks, obtained_marks, letter_grade, grade_point, assessment, status) values ('schoolerp-exam-result-marks-oid-0070','doererp-exam-oid-0001','schoolerp-exam-result-detail-oid-0004','SCHOOL-ERP-Demo-School-001','13086522F060009','SCHOOL-ERP-Institute-Text-Book-0097','SCHOOL-ERP-Institute-Class-6','Institute-Class-6-Shift-Evening-English-Version-Section-Jaba',100,85,'A+',5,'Excellent','Present');
insert into "schoolerp".exam_result_marks (oid, exam_oid, exam_result_detail_oid, institute_oid, student_id, class_textbook_oid, institute_class_oid, institute_class_section_oid, total_marks, obtained_marks, letter_grade, grade_point, assessment, status) values ('schoolerp-exam-result-marks-oid-0071','doererp-exam-oid-0001','schoolerp-exam-result-detail-oid-0004','SCHOOL-ERP-Demo-School-001','13086522F060009','SCHOOL-ERP-Institute-Text-Book-0099','SCHOOL-ERP-Institute-Class-6','Institute-Class-6-Shift-Evening-English-Version-Section-Jaba',100,85,'A+',5,'Excellent','Present');
insert into "schoolerp".exam_result_marks (oid, exam_oid, exam_result_detail_oid, institute_oid, student_id, class_textbook_oid, institute_class_oid, institute_class_section_oid, total_marks, obtained_marks, letter_grade, grade_point, assessment, status) values ('schoolerp-exam-result-marks-oid-0072','doererp-exam-oid-0001','schoolerp-exam-result-detail-oid-0004','SCHOOL-ERP-Demo-School-001','13086522F060009','SCHOOL-ERP-Institute-Text-Book-0100','SCHOOL-ERP-Institute-Class-6','Institute-Class-6-Shift-Evening-English-Version-Section-Jaba',100,85,'A+',5,'Excellent','Present');
insert into "schoolerp".exam_result_marks (oid, exam_oid, exam_result_detail_oid, institute_oid, student_id, class_textbook_oid, institute_class_oid, institute_class_section_oid, total_marks, obtained_marks, letter_grade, grade_point, assessment, status) values ('SCHOOL-ERP-Adarsha-Institute-Exam-Result-Marks-Oid-0001','SCHOOL-ERP-Adarsha-Institute-Exam-Oid-0001','SCHOOL-ERP-Adarsha-Institute-Exam-Result-Detail-Oid-0001','SCHOOL-ERP-Demo-School-Adarsha-High-School-And-College','10038422M060001','SCHOOL-ERP-Adarsha-Institute-Text-Book-0067','SCHOOL-ERP-Adarsha-Institute-Class-6','SCHOOL-ERP-Adarsha-Institute-Class-6-Shift-Morning-Bangla-Version-Section-Jaba',100,85,'A+',5,'Excellent','Present');
insert into "schoolerp".exam_result_marks (oid, exam_oid, exam_result_detail_oid, institute_oid, student_id, class_textbook_oid, institute_class_oid, institute_class_section_oid, total_marks, obtained_marks, letter_grade, grade_point, assessment, status) values ('SCHOOL-ERP-Adarsha-Institute-Exam-Result-Marks-Oid-0002','SCHOOL-ERP-Adarsha-Institute-Exam-Oid-0001','SCHOOL-ERP-Adarsha-Institute-Exam-Result-Detail-Oid-0001','SCHOOL-ERP-Demo-School-Adarsha-High-School-And-College','10038422M060001','SCHOOL-ERP-Adarsha-Institute-Text-Book-0068','SCHOOL-ERP-Adarsha-Institute-Class-6','SCHOOL-ERP-Adarsha-Institute-Class-6-Shift-Morning-Bangla-Version-Section-Jaba',100,85,'A+',5,'Excellent','Present');
insert into "schoolerp".exam_result_marks (oid, exam_oid, exam_result_detail_oid, institute_oid, student_id, class_textbook_oid, institute_class_oid, institute_class_section_oid, total_marks, obtained_marks, letter_grade, grade_point, assessment, status) values ('SCHOOL-ERP-Adarsha-Institute-Exam-Result-Marks-Oid-0003','SCHOOL-ERP-Adarsha-Institute-Exam-Oid-0001','SCHOOL-ERP-Adarsha-Institute-Exam-Result-Detail-Oid-0001','SCHOOL-ERP-Demo-School-Adarsha-High-School-And-College','10038422M060001','SCHOOL-ERP-Adarsha-Institute-Text-Book-0069','SCHOOL-ERP-Adarsha-Institute-Class-6','SCHOOL-ERP-Adarsha-Institute-Class-6-Shift-Morning-Bangla-Version-Section-Jaba',100,85,'A+',5,'Excellent','Present');
insert into "schoolerp".exam_result_marks (oid, exam_oid, exam_result_detail_oid, institute_oid, student_id, class_textbook_oid, institute_class_oid, institute_class_section_oid, total_marks, obtained_marks, letter_grade, grade_point, assessment, status) values ('SCHOOL-ERP-Adarsha-Institute-Exam-Result-Marks-Oid-0004','SCHOOL-ERP-Adarsha-Institute-Exam-Oid-0001','SCHOOL-ERP-Adarsha-Institute-Exam-Result-Detail-Oid-0001','SCHOOL-ERP-Demo-School-Adarsha-High-School-And-College','10038422M060001','SCHOOL-ERP-Adarsha-Institute-Text-Book-0070','SCHOOL-ERP-Adarsha-Institute-Class-6','SCHOOL-ERP-Adarsha-Institute-Class-6-Shift-Morning-Bangla-Version-Section-Jaba',100,85,'A+',5,'Excellent','Present');
insert into "schoolerp".exam_result_marks (oid, exam_oid, exam_result_detail_oid, institute_oid, student_id, class_textbook_oid, institute_class_oid, institute_class_section_oid, total_marks, obtained_marks, letter_grade, grade_point, assessment, status) values ('SCHOOL-ERP-Adarsha-Institute-Exam-Result-Marks-Oid-0005','SCHOOL-ERP-Adarsha-Institute-Exam-Oid-0001','SCHOOL-ERP-Adarsha-Institute-Exam-Result-Detail-Oid-0001','SCHOOL-ERP-Demo-School-Adarsha-High-School-And-College','10038422M060001','SCHOOL-ERP-Adarsha-Institute-Text-Book-0072','SCHOOL-ERP-Adarsha-Institute-Class-6','SCHOOL-ERP-Adarsha-Institute-Class-6-Shift-Morning-Bangla-Version-Section-Jaba',100,85,'A+',5,'Excellent','Present');
insert into "schoolerp".exam_result_marks (oid, exam_oid, exam_result_detail_oid, institute_oid, student_id, class_textbook_oid, institute_class_oid, institute_class_section_oid, total_marks, obtained_marks, letter_grade, grade_point, assessment, status) values ('SCHOOL-ERP-Adarsha-Institute-Exam-Result-Marks-Oid-0006','SCHOOL-ERP-Adarsha-Institute-Exam-Oid-0001','SCHOOL-ERP-Adarsha-Institute-Exam-Result-Detail-Oid-0001','SCHOOL-ERP-Demo-School-Adarsha-High-School-And-College','10038422M060001','SCHOOL-ERP-Adarsha-Institute-Text-Book-0074','SCHOOL-ERP-Adarsha-Institute-Class-6','SCHOOL-ERP-Adarsha-Institute-Class-6-Shift-Morning-Bangla-Version-Section-Jaba',100,85,'A+',5,'Excellent','Present');
insert into "schoolerp".exam_result_marks (oid, exam_oid, exam_result_detail_oid, institute_oid, student_id, class_textbook_oid, institute_class_oid, institute_class_section_oid, total_marks, obtained_marks, letter_grade, grade_point, assessment, status) values ('SCHOOL-ERP-Adarsha-Institute-Exam-Result-Marks-Oid-0007','SCHOOL-ERP-Adarsha-Institute-Exam-Oid-0001','SCHOOL-ERP-Adarsha-Institute-Exam-Result-Detail-Oid-0001','SCHOOL-ERP-Demo-School-Adarsha-High-School-And-College','10038422M060001','SCHOOL-ERP-Adarsha-Institute-Text-Book-0076','SCHOOL-ERP-Adarsha-Institute-Class-6','SCHOOL-ERP-Adarsha-Institute-Class-6-Shift-Morning-Bangla-Version-Section-Jaba',100,85,'A+',5,'Excellent','Present');
insert into "schoolerp".exam_result_marks (oid, exam_oid, exam_result_detail_oid, institute_oid, student_id, class_textbook_oid, institute_class_oid, institute_class_section_oid, total_marks, obtained_marks, letter_grade, grade_point, assessment, status) values ('SCHOOL-ERP-Adarsha-Institute-Exam-Result-Marks-Oid-0008','SCHOOL-ERP-Adarsha-Institute-Exam-Oid-0001','SCHOOL-ERP-Adarsha-Institute-Exam-Result-Detail-Oid-0001','SCHOOL-ERP-Demo-School-Adarsha-High-School-And-College','10038422M060001','SCHOOL-ERP-Adarsha-Institute-Text-Book-0077','SCHOOL-ERP-Adarsha-Institute-Class-6','SCHOOL-ERP-Adarsha-Institute-Class-6-Shift-Morning-Bangla-Version-Section-Jaba',100,85,'A+',5,'Excellent','Present');
insert into "schoolerp".exam_result_marks (oid, exam_oid, exam_result_detail_oid, institute_oid, student_id, class_textbook_oid, institute_class_oid, institute_class_section_oid, total_marks, obtained_marks, letter_grade, grade_point, assessment, status) values ('SCHOOL-ERP-Adarsha-Institute-Exam-Result-Marks-Oid-0009','SCHOOL-ERP-Adarsha-Institute-Exam-Oid-0001','SCHOOL-ERP-Adarsha-Institute-Exam-Result-Detail-Oid-0001','SCHOOL-ERP-Demo-School-Adarsha-High-School-And-College','10038422M060002','SCHOOL-ERP-Adarsha-Institute-Text-Book-0067','SCHOOL-ERP-Adarsha-Institute-Class-6','SCHOOL-ERP-Adarsha-Institute-Class-6-Shift-Morning-Bangla-Version-Section-Jaba',100,85,'A+',5,'Excellent','Present');
insert into "schoolerp".exam_result_marks (oid, exam_oid, exam_result_detail_oid, institute_oid, student_id, class_textbook_oid, institute_class_oid, institute_class_section_oid, total_marks, obtained_marks, letter_grade, grade_point, assessment, status) values ('SCHOOL-ERP-Adarsha-Institute-Exam-Result-Marks-Oid-0010','SCHOOL-ERP-Adarsha-Institute-Exam-Oid-0001','SCHOOL-ERP-Adarsha-Institute-Exam-Result-Detail-Oid-0001','SCHOOL-ERP-Demo-School-Adarsha-High-School-And-College','10038422M060002','SCHOOL-ERP-Adarsha-Institute-Text-Book-0068','SCHOOL-ERP-Adarsha-Institute-Class-6','SCHOOL-ERP-Adarsha-Institute-Class-6-Shift-Morning-Bangla-Version-Section-Jaba',100,85,'A+',5,'Excellent','Present');
insert into "schoolerp".exam_result_marks (oid, exam_oid, exam_result_detail_oid, institute_oid, student_id, class_textbook_oid, institute_class_oid, institute_class_section_oid, total_marks, obtained_marks, letter_grade, grade_point, assessment, status) values ('SCHOOL-ERP-Adarsha-Institute-Exam-Result-Marks-Oid-0011','SCHOOL-ERP-Adarsha-Institute-Exam-Oid-0001','SCHOOL-ERP-Adarsha-Institute-Exam-Result-Detail-Oid-0001','SCHOOL-ERP-Demo-School-Adarsha-High-School-And-College','10038422M060002','SCHOOL-ERP-Adarsha-Institute-Text-Book-0069','SCHOOL-ERP-Adarsha-Institute-Class-6','SCHOOL-ERP-Adarsha-Institute-Class-6-Shift-Morning-Bangla-Version-Section-Jaba',100,85,'A+',5,'Excellent','Present');
insert into "schoolerp".exam_result_marks (oid, exam_oid, exam_result_detail_oid, institute_oid, student_id, class_textbook_oid, institute_class_oid, institute_class_section_oid, total_marks, obtained_marks, letter_grade, grade_point, assessment, status) values ('SCHOOL-ERP-Adarsha-Institute-Exam-Result-Marks-Oid-0012','SCHOOL-ERP-Adarsha-Institute-Exam-Oid-0001','SCHOOL-ERP-Adarsha-Institute-Exam-Result-Detail-Oid-0001','SCHOOL-ERP-Demo-School-Adarsha-High-School-And-College','10038422M060002','SCHOOL-ERP-Adarsha-Institute-Text-Book-0070','SCHOOL-ERP-Adarsha-Institute-Class-6','SCHOOL-ERP-Adarsha-Institute-Class-6-Shift-Morning-Bangla-Version-Section-Jaba',100,85,'A+',5,'Excellent','Present');
insert into "schoolerp".exam_result_marks (oid, exam_oid, exam_result_detail_oid, institute_oid, student_id, class_textbook_oid, institute_class_oid, institute_class_section_oid, total_marks, obtained_marks, letter_grade, grade_point, assessment, status) values ('SCHOOL-ERP-Adarsha-Institute-Exam-Result-Marks-Oid-0013','SCHOOL-ERP-Adarsha-Institute-Exam-Oid-0001','SCHOOL-ERP-Adarsha-Institute-Exam-Result-Detail-Oid-0001','SCHOOL-ERP-Demo-School-Adarsha-High-School-And-College','10038422M060002','SCHOOL-ERP-Adarsha-Institute-Text-Book-0072','SCHOOL-ERP-Adarsha-Institute-Class-6','SCHOOL-ERP-Adarsha-Institute-Class-6-Shift-Morning-Bangla-Version-Section-Jaba',100,85,'A+',5,'Excellent','Present');
insert into "schoolerp".exam_result_marks (oid, exam_oid, exam_result_detail_oid, institute_oid, student_id, class_textbook_oid, institute_class_oid, institute_class_section_oid, total_marks, obtained_marks, letter_grade, grade_point, assessment, status) values ('SCHOOL-ERP-Adarsha-Institute-Exam-Result-Marks-Oid-0014','SCHOOL-ERP-Adarsha-Institute-Exam-Oid-0001','SCHOOL-ERP-Adarsha-Institute-Exam-Result-Detail-Oid-0001','SCHOOL-ERP-Demo-School-Adarsha-High-School-And-College','10038422M060002','SCHOOL-ERP-Adarsha-Institute-Text-Book-0074','SCHOOL-ERP-Adarsha-Institute-Class-6','SCHOOL-ERP-Adarsha-Institute-Class-6-Shift-Morning-Bangla-Version-Section-Jaba',100,85,'A+',5,'Excellent','Present');
insert into "schoolerp".exam_result_marks (oid, exam_oid, exam_result_detail_oid, institute_oid, student_id, class_textbook_oid, institute_class_oid, institute_class_section_oid, total_marks, obtained_marks, letter_grade, grade_point, assessment, status) values ('SCHOOL-ERP-Adarsha-Institute-Exam-Result-Marks-Oid-0015','SCHOOL-ERP-Adarsha-Institute-Exam-Oid-0001','SCHOOL-ERP-Adarsha-Institute-Exam-Result-Detail-Oid-0001','SCHOOL-ERP-Demo-School-Adarsha-High-School-And-College','10038422M060002','SCHOOL-ERP-Adarsha-Institute-Text-Book-0076','SCHOOL-ERP-Adarsha-Institute-Class-6','SCHOOL-ERP-Adarsha-Institute-Class-6-Shift-Morning-Bangla-Version-Section-Jaba',100,85,'A+',5,'Excellent','Present');
insert into "schoolerp".exam_result_marks (oid, exam_oid, exam_result_detail_oid, institute_oid, student_id, class_textbook_oid, institute_class_oid, institute_class_section_oid, total_marks, obtained_marks, letter_grade, grade_point, assessment, status) values ('SCHOOL-ERP-Adarsha-Institute-Exam-Result-Marks-Oid-0016','SCHOOL-ERP-Adarsha-Institute-Exam-Oid-0001','SCHOOL-ERP-Adarsha-Institute-Exam-Result-Detail-Oid-0001','SCHOOL-ERP-Demo-School-Adarsha-High-School-And-College','10038422M060002','SCHOOL-ERP-Adarsha-Institute-Text-Book-0077','SCHOOL-ERP-Adarsha-Institute-Class-6','SCHOOL-ERP-Adarsha-Institute-Class-6-Shift-Morning-Bangla-Version-Section-Jaba',100,85,'A+',5,'Excellent','Present');
insert into "schoolerp".exam_result_marks (oid, exam_oid, exam_result_detail_oid, institute_oid, student_id, class_textbook_oid, institute_class_oid, institute_class_section_oid, total_marks, obtained_marks, letter_grade, grade_point, assessment, status) values ('SCHOOL-ERP-Adarsha-Institute-Exam-Result-Marks-Oid-0017','SCHOOL-ERP-Adarsha-Institute-Exam-Oid-0001','SCHOOL-ERP-Adarsha-Institute-Exam-Result-Detail-Oid-0001','SCHOOL-ERP-Demo-School-Adarsha-High-School-And-College','10038422F060006','SCHOOL-ERP-Adarsha-Institute-Text-Book-0067','SCHOOL-ERP-Adarsha-Institute-Class-6','SCHOOL-ERP-Adarsha-Institute-Class-6-Shift-Morning-Bangla-Version-Section-Jaba',100,85,'A+',5,'Excellent','Present');
insert into "schoolerp".exam_result_marks (oid, exam_oid, exam_result_detail_oid, institute_oid, student_id, class_textbook_oid, institute_class_oid, institute_class_section_oid, total_marks, obtained_marks, letter_grade, grade_point, assessment, status) values ('SCHOOL-ERP-Adarsha-Institute-Exam-Result-Marks-Oid-0018','SCHOOL-ERP-Adarsha-Institute-Exam-Oid-0001','SCHOOL-ERP-Adarsha-Institute-Exam-Result-Detail-Oid-0001','SCHOOL-ERP-Demo-School-Adarsha-High-School-And-College','10038422F060006','SCHOOL-ERP-Adarsha-Institute-Text-Book-0068','SCHOOL-ERP-Adarsha-Institute-Class-6','SCHOOL-ERP-Adarsha-Institute-Class-6-Shift-Morning-Bangla-Version-Section-Jaba',100,85,'A+',5,'Excellent','Present');
insert into "schoolerp".exam_result_marks (oid, exam_oid, exam_result_detail_oid, institute_oid, student_id, class_textbook_oid, institute_class_oid, institute_class_section_oid, total_marks, obtained_marks, letter_grade, grade_point, assessment, status) values ('SCHOOL-ERP-Adarsha-Institute-Exam-Result-Marks-Oid-0019','SCHOOL-ERP-Adarsha-Institute-Exam-Oid-0001','SCHOOL-ERP-Adarsha-Institute-Exam-Result-Detail-Oid-0001','SCHOOL-ERP-Demo-School-Adarsha-High-School-And-College','10038422F060006','SCHOOL-ERP-Adarsha-Institute-Text-Book-0069','SCHOOL-ERP-Adarsha-Institute-Class-6','SCHOOL-ERP-Adarsha-Institute-Class-6-Shift-Morning-Bangla-Version-Section-Jaba',100,85,'A+',5,'Excellent','Present');
insert into "schoolerp".exam_result_marks (oid, exam_oid, exam_result_detail_oid, institute_oid, student_id, class_textbook_oid, institute_class_oid, institute_class_section_oid, total_marks, obtained_marks, letter_grade, grade_point, assessment, status) values ('SCHOOL-ERP-Adarsha-Institute-Exam-Result-Marks-Oid-0020','SCHOOL-ERP-Adarsha-Institute-Exam-Oid-0001','SCHOOL-ERP-Adarsha-Institute-Exam-Result-Detail-Oid-0001','SCHOOL-ERP-Demo-School-Adarsha-High-School-And-College','10038422F060006','SCHOOL-ERP-Adarsha-Institute-Text-Book-0070','SCHOOL-ERP-Adarsha-Institute-Class-6','SCHOOL-ERP-Adarsha-Institute-Class-6-Shift-Morning-Bangla-Version-Section-Jaba',100,85,'A+',5,'Excellent','Present');
insert into "schoolerp".exam_result_marks (oid, exam_oid, exam_result_detail_oid, institute_oid, student_id, class_textbook_oid, institute_class_oid, institute_class_section_oid, total_marks, obtained_marks, letter_grade, grade_point, assessment, status) values ('SCHOOL-ERP-Adarsha-Institute-Exam-Result-Marks-Oid-0021','SCHOOL-ERP-Adarsha-Institute-Exam-Oid-0001','SCHOOL-ERP-Adarsha-Institute-Exam-Result-Detail-Oid-0001','SCHOOL-ERP-Demo-School-Adarsha-High-School-And-College','10038422F060006','SCHOOL-ERP-Adarsha-Institute-Text-Book-0072','SCHOOL-ERP-Adarsha-Institute-Class-6','SCHOOL-ERP-Adarsha-Institute-Class-6-Shift-Morning-Bangla-Version-Section-Jaba',100,85,'A+',5,'Excellent','Present');
insert into "schoolerp".exam_result_marks (oid, exam_oid, exam_result_detail_oid, institute_oid, student_id, class_textbook_oid, institute_class_oid, institute_class_section_oid, total_marks, obtained_marks, letter_grade, grade_point, assessment, status) values ('SCHOOL-ERP-Adarsha-Institute-Exam-Result-Marks-Oid-0022','SCHOOL-ERP-Adarsha-Institute-Exam-Oid-0001','SCHOOL-ERP-Adarsha-Institute-Exam-Result-Detail-Oid-0001','SCHOOL-ERP-Demo-School-Adarsha-High-School-And-College','10038422F060006','SCHOOL-ERP-Adarsha-Institute-Text-Book-0074','SCHOOL-ERP-Adarsha-Institute-Class-6','SCHOOL-ERP-Adarsha-Institute-Class-6-Shift-Morning-Bangla-Version-Section-Jaba',100,85,'A+',5,'Excellent','Present');
insert into "schoolerp".exam_result_marks (oid, exam_oid, exam_result_detail_oid, institute_oid, student_id, class_textbook_oid, institute_class_oid, institute_class_section_oid, total_marks, obtained_marks, letter_grade, grade_point, assessment, status) values ('SCHOOL-ERP-Adarsha-Institute-Exam-Result-Marks-Oid-0023','SCHOOL-ERP-Adarsha-Institute-Exam-Oid-0001','SCHOOL-ERP-Adarsha-Institute-Exam-Result-Detail-Oid-0001','SCHOOL-ERP-Demo-School-Adarsha-High-School-And-College','10038422F060006','SCHOOL-ERP-Adarsha-Institute-Text-Book-0076','SCHOOL-ERP-Adarsha-Institute-Class-6','SCHOOL-ERP-Adarsha-Institute-Class-6-Shift-Morning-Bangla-Version-Section-Jaba',100,85,'A+',5,'Excellent','Present');
insert into "schoolerp".exam_result_marks (oid, exam_oid, exam_result_detail_oid, institute_oid, student_id, class_textbook_oid, institute_class_oid, institute_class_section_oid, total_marks, obtained_marks, letter_grade, grade_point, assessment, status) values ('SCHOOL-ERP-Adarsha-Institute-Exam-Result-Marks-Oid-0024','SCHOOL-ERP-Adarsha-Institute-Exam-Oid-0001','SCHOOL-ERP-Adarsha-Institute-Exam-Result-Detail-Oid-0001','SCHOOL-ERP-Demo-School-Adarsha-High-School-And-College','10038422F060006','SCHOOL-ERP-Adarsha-Institute-Text-Book-0077','SCHOOL-ERP-Adarsha-Institute-Class-6','SCHOOL-ERP-Adarsha-Institute-Class-6-Shift-Morning-Bangla-Version-Section-Jaba',100,85,'A+',5,'Excellent','Present');
insert into "schoolerp".exam_result_marks (oid, exam_oid, exam_result_detail_oid, institute_oid, student_id, class_textbook_oid, institute_class_oid, institute_class_section_oid, total_marks, obtained_marks, letter_grade, grade_point, assessment, status) values ('SCHOOL-ERP-Adarsha-Institute-Exam-Result-Marks-Oid-0025','SCHOOL-ERP-Adarsha-Institute-Exam-Oid-0001','SCHOOL-ERP-Adarsha-Institute-Exam-Result-Detail-Oid-0002','SCHOOL-ERP-Demo-School-Adarsha-High-School-And-College','10038422M060004','SCHOOL-ERP-Adarsha-Institute-Text-Book-0067','SCHOOL-ERP-Adarsha-Institute-Class-6','SCHOOL-ERP-Adarsha-Institute-Class-6-Shift-Evening-Bangla-Version-Section-Jaba',100,85,'A+',5,'Excellent','Present');
insert into "schoolerp".exam_result_marks (oid, exam_oid, exam_result_detail_oid, institute_oid, student_id, class_textbook_oid, institute_class_oid, institute_class_section_oid, total_marks, obtained_marks, letter_grade, grade_point, assessment, status) values ('SCHOOL-ERP-Adarsha-Institute-Exam-Result-Marks-Oid-0026','SCHOOL-ERP-Adarsha-Institute-Exam-Oid-0001','SCHOOL-ERP-Adarsha-Institute-Exam-Result-Detail-Oid-0002','SCHOOL-ERP-Demo-School-Adarsha-High-School-And-College','10038422M060004','SCHOOL-ERP-Adarsha-Institute-Text-Book-0068','SCHOOL-ERP-Adarsha-Institute-Class-6','SCHOOL-ERP-Adarsha-Institute-Class-6-Shift-Evening-Bangla-Version-Section-Jaba',100,85,'A+',5,'Excellent','Present');
insert into "schoolerp".exam_result_marks (oid, exam_oid, exam_result_detail_oid, institute_oid, student_id, class_textbook_oid, institute_class_oid, institute_class_section_oid, total_marks, obtained_marks, letter_grade, grade_point, assessment, status) values ('SCHOOL-ERP-Adarsha-Institute-Exam-Result-Marks-Oid-0027','SCHOOL-ERP-Adarsha-Institute-Exam-Oid-0001','SCHOOL-ERP-Adarsha-Institute-Exam-Result-Detail-Oid-0002','SCHOOL-ERP-Demo-School-Adarsha-High-School-And-College','10038422M060004','SCHOOL-ERP-Adarsha-Institute-Text-Book-0069','SCHOOL-ERP-Adarsha-Institute-Class-6','SCHOOL-ERP-Adarsha-Institute-Class-6-Shift-Evening-Bangla-Version-Section-Jaba',100,85,'A+',5,'Excellent','Present');
insert into "schoolerp".exam_result_marks (oid, exam_oid, exam_result_detail_oid, institute_oid, student_id, class_textbook_oid, institute_class_oid, institute_class_section_oid, total_marks, obtained_marks, letter_grade, grade_point, assessment, status) values ('SCHOOL-ERP-Adarsha-Institute-Exam-Result-Marks-Oid-0028','SCHOOL-ERP-Adarsha-Institute-Exam-Oid-0001','SCHOOL-ERP-Adarsha-Institute-Exam-Result-Detail-Oid-0002','SCHOOL-ERP-Demo-School-Adarsha-High-School-And-College','10038422M060004','SCHOOL-ERP-Adarsha-Institute-Text-Book-0070','SCHOOL-ERP-Adarsha-Institute-Class-6','SCHOOL-ERP-Adarsha-Institute-Class-6-Shift-Evening-Bangla-Version-Section-Jaba',100,85,'A+',5,'Excellent','Present');
insert into "schoolerp".exam_result_marks (oid, exam_oid, exam_result_detail_oid, institute_oid, student_id, class_textbook_oid, institute_class_oid, institute_class_section_oid, total_marks, obtained_marks, letter_grade, grade_point, assessment, status) values ('SCHOOL-ERP-Adarsha-Institute-Exam-Result-Marks-Oid-0029','SCHOOL-ERP-Adarsha-Institute-Exam-Oid-0001','SCHOOL-ERP-Adarsha-Institute-Exam-Result-Detail-Oid-0002','SCHOOL-ERP-Demo-School-Adarsha-High-School-And-College','10038422M060004','SCHOOL-ERP-Adarsha-Institute-Text-Book-0072','SCHOOL-ERP-Adarsha-Institute-Class-6','SCHOOL-ERP-Adarsha-Institute-Class-6-Shift-Evening-Bangla-Version-Section-Jaba',100,85,'A+',5,'Excellent','Present');
insert into "schoolerp".exam_result_marks (oid, exam_oid, exam_result_detail_oid, institute_oid, student_id, class_textbook_oid, institute_class_oid, institute_class_section_oid, total_marks, obtained_marks, letter_grade, grade_point, assessment, status) values ('SCHOOL-ERP-Adarsha-Institute-Exam-Result-Marks-Oid-0030','SCHOOL-ERP-Adarsha-Institute-Exam-Oid-0001','SCHOOL-ERP-Adarsha-Institute-Exam-Result-Detail-Oid-0002','SCHOOL-ERP-Demo-School-Adarsha-High-School-And-College','10038422M060004','SCHOOL-ERP-Adarsha-Institute-Text-Book-0074','SCHOOL-ERP-Adarsha-Institute-Class-6','SCHOOL-ERP-Adarsha-Institute-Class-6-Shift-Evening-Bangla-Version-Section-Jaba',100,85,'A+',5,'Excellent','Present');
insert into "schoolerp".exam_result_marks (oid, exam_oid, exam_result_detail_oid, institute_oid, student_id, class_textbook_oid, institute_class_oid, institute_class_section_oid, total_marks, obtained_marks, letter_grade, grade_point, assessment, status) values ('SCHOOL-ERP-Adarsha-Institute-Exam-Result-Marks-Oid-0031','SCHOOL-ERP-Adarsha-Institute-Exam-Oid-0001','SCHOOL-ERP-Adarsha-Institute-Exam-Result-Detail-Oid-0002','SCHOOL-ERP-Demo-School-Adarsha-High-School-And-College','10038422M060004','SCHOOL-ERP-Adarsha-Institute-Text-Book-0076','SCHOOL-ERP-Adarsha-Institute-Class-6','SCHOOL-ERP-Adarsha-Institute-Class-6-Shift-Evening-Bangla-Version-Section-Jaba',100,85,'A+',5,'Excellent','Present');
insert into "schoolerp".exam_result_marks (oid, exam_oid, exam_result_detail_oid, institute_oid, student_id, class_textbook_oid, institute_class_oid, institute_class_section_oid, total_marks, obtained_marks, letter_grade, grade_point, assessment, status) values ('SCHOOL-ERP-Adarsha-Institute-Exam-Result-Marks-Oid-0032','SCHOOL-ERP-Adarsha-Institute-Exam-Oid-0001','SCHOOL-ERP-Adarsha-Institute-Exam-Result-Detail-Oid-0002','SCHOOL-ERP-Demo-School-Adarsha-High-School-And-College','10038422M060004','SCHOOL-ERP-Adarsha-Institute-Text-Book-0077','SCHOOL-ERP-Adarsha-Institute-Class-6','SCHOOL-ERP-Adarsha-Institute-Class-6-Shift-Evening-Bangla-Version-Section-Jaba',100,85,'A+',5,'Excellent','Present');
insert into "schoolerp".exam_result_marks (oid, exam_oid, exam_result_detail_oid, institute_oid, student_id, class_textbook_oid, institute_class_oid, institute_class_section_oid, total_marks, obtained_marks, letter_grade, grade_point, assessment, status) values ('SCHOOL-ERP-Adarsha-Institute-Exam-Result-Marks-Oid-0033','SCHOOL-ERP-Adarsha-Institute-Exam-Oid-0001','SCHOOL-ERP-Adarsha-Institute-Exam-Result-Detail-Oid-0002','SCHOOL-ERP-Demo-School-Adarsha-High-School-And-College','10038422F060008','SCHOOL-ERP-Adarsha-Institute-Text-Book-0067','SCHOOL-ERP-Adarsha-Institute-Class-6','SCHOOL-ERP-Adarsha-Institute-Class-6-Shift-Evening-Bangla-Version-Section-Jaba',100,85,'A+',5,'Excellent','Present');
insert into "schoolerp".exam_result_marks (oid, exam_oid, exam_result_detail_oid, institute_oid, student_id, class_textbook_oid, institute_class_oid, institute_class_section_oid, total_marks, obtained_marks, letter_grade, grade_point, assessment, status) values ('SCHOOL-ERP-Adarsha-Institute-Exam-Result-Marks-Oid-0034','SCHOOL-ERP-Adarsha-Institute-Exam-Oid-0001','SCHOOL-ERP-Adarsha-Institute-Exam-Result-Detail-Oid-0002','SCHOOL-ERP-Demo-School-Adarsha-High-School-And-College','10038422F060008','SCHOOL-ERP-Adarsha-Institute-Text-Book-0068','SCHOOL-ERP-Adarsha-Institute-Class-6','SCHOOL-ERP-Adarsha-Institute-Class-6-Shift-Evening-Bangla-Version-Section-Jaba',100,85,'A+',5,'Excellent','Present');
insert into "schoolerp".exam_result_marks (oid, exam_oid, exam_result_detail_oid, institute_oid, student_id, class_textbook_oid, institute_class_oid, institute_class_section_oid, total_marks, obtained_marks, letter_grade, grade_point, assessment, status) values ('SCHOOL-ERP-Adarsha-Institute-Exam-Result-Marks-Oid-0035','SCHOOL-ERP-Adarsha-Institute-Exam-Oid-0001','SCHOOL-ERP-Adarsha-Institute-Exam-Result-Detail-Oid-0002','SCHOOL-ERP-Demo-School-Adarsha-High-School-And-College','10038422F060008','SCHOOL-ERP-Adarsha-Institute-Text-Book-0069','SCHOOL-ERP-Adarsha-Institute-Class-6','SCHOOL-ERP-Adarsha-Institute-Class-6-Shift-Evening-Bangla-Version-Section-Jaba',100,85,'A+',5,'Excellent','Present');
insert into "schoolerp".exam_result_marks (oid, exam_oid, exam_result_detail_oid, institute_oid, student_id, class_textbook_oid, institute_class_oid, institute_class_section_oid, total_marks, obtained_marks, letter_grade, grade_point, assessment, status) values ('SCHOOL-ERP-Adarsha-Institute-Exam-Result-Marks-Oid-0036','SCHOOL-ERP-Adarsha-Institute-Exam-Oid-0001','SCHOOL-ERP-Adarsha-Institute-Exam-Result-Detail-Oid-0002','SCHOOL-ERP-Demo-School-Adarsha-High-School-And-College','10038422F060008','SCHOOL-ERP-Adarsha-Institute-Text-Book-0070','SCHOOL-ERP-Adarsha-Institute-Class-6','SCHOOL-ERP-Adarsha-Institute-Class-6-Shift-Evening-Bangla-Version-Section-Jaba',100,85,'A+',5,'Excellent','Present');
insert into "schoolerp".exam_result_marks (oid, exam_oid, exam_result_detail_oid, institute_oid, student_id, class_textbook_oid, institute_class_oid, institute_class_section_oid, total_marks, obtained_marks, letter_grade, grade_point, assessment, status) values ('SCHOOL-ERP-Adarsha-Institute-Exam-Result-Marks-Oid-0037','SCHOOL-ERP-Adarsha-Institute-Exam-Oid-0001','SCHOOL-ERP-Adarsha-Institute-Exam-Result-Detail-Oid-0002','SCHOOL-ERP-Demo-School-Adarsha-High-School-And-College','10038422F060008','SCHOOL-ERP-Adarsha-Institute-Text-Book-0072','SCHOOL-ERP-Adarsha-Institute-Class-6','SCHOOL-ERP-Adarsha-Institute-Class-6-Shift-Evening-Bangla-Version-Section-Jaba',100,85,'A+',5,'Excellent','Present');
insert into "schoolerp".exam_result_marks (oid, exam_oid, exam_result_detail_oid, institute_oid, student_id, class_textbook_oid, institute_class_oid, institute_class_section_oid, total_marks, obtained_marks, letter_grade, grade_point, assessment, status) values ('SCHOOL-ERP-Adarsha-Institute-Exam-Result-Marks-Oid-0038','SCHOOL-ERP-Adarsha-Institute-Exam-Oid-0001','SCHOOL-ERP-Adarsha-Institute-Exam-Result-Detail-Oid-0002','SCHOOL-ERP-Demo-School-Adarsha-High-School-And-College','10038422F060008','SCHOOL-ERP-Adarsha-Institute-Text-Book-0074','SCHOOL-ERP-Adarsha-Institute-Class-6','SCHOOL-ERP-Adarsha-Institute-Class-6-Shift-Evening-Bangla-Version-Section-Jaba',100,85,'A+',5,'Excellent','Present');
insert into "schoolerp".exam_result_marks (oid, exam_oid, exam_result_detail_oid, institute_oid, student_id, class_textbook_oid, institute_class_oid, institute_class_section_oid, total_marks, obtained_marks, letter_grade, grade_point, assessment, status) values ('SCHOOL-ERP-Adarsha-Institute-Exam-Result-Marks-Oid-0039','SCHOOL-ERP-Adarsha-Institute-Exam-Oid-0001','SCHOOL-ERP-Adarsha-Institute-Exam-Result-Detail-Oid-0002','SCHOOL-ERP-Demo-School-Adarsha-High-School-And-College','10038422F060008','SCHOOL-ERP-Adarsha-Institute-Text-Book-0076','SCHOOL-ERP-Adarsha-Institute-Class-6','SCHOOL-ERP-Adarsha-Institute-Class-6-Shift-Evening-Bangla-Version-Section-Jaba',100,85,'A+',5,'Excellent','Present');
insert into "schoolerp".exam_result_marks (oid, exam_oid, exam_result_detail_oid, institute_oid, student_id, class_textbook_oid, institute_class_oid, institute_class_section_oid, total_marks, obtained_marks, letter_grade, grade_point, assessment, status) values ('SCHOOL-ERP-Adarsha-Institute-Exam-Result-Marks-Oid-0040','SCHOOL-ERP-Adarsha-Institute-Exam-Oid-0001','SCHOOL-ERP-Adarsha-Institute-Exam-Result-Detail-Oid-0002','SCHOOL-ERP-Demo-School-Adarsha-High-School-And-College','10038422F060008','SCHOOL-ERP-Adarsha-Institute-Text-Book-0077','SCHOOL-ERP-Adarsha-Institute-Class-6','SCHOOL-ERP-Adarsha-Institute-Class-6-Shift-Evening-Bangla-Version-Section-Jaba',100,85,'A+',5,'Excellent','Present');
insert into "schoolerp".exam_result_marks (oid, exam_oid, exam_result_detail_oid, institute_oid, student_id, class_textbook_oid, institute_class_oid, institute_class_section_oid, total_marks, obtained_marks, letter_grade, grade_point, assessment, status) values ('SCHOOL-ERP-Adarsha-Institute-Exam-Result-Marks-Oid-0041','SCHOOL-ERP-Adarsha-Institute-Exam-Oid-0001','SCHOOL-ERP-Adarsha-Institute-Exam-Result-Detail-Oid-0003','SCHOOL-ERP-Demo-School-Adarsha-High-School-And-College','10038422M060003','SCHOOL-ERP-Adarsha-Institute-Text-Book-0090','SCHOOL-ERP-Adarsha-Institute-Class-6','SCHOOL-ERP-Adarsha-Institute-Class-6-Shift-Morning-English-Version-Section-Jaba',100,85,'A+',5,'Excellent','Present');
insert into "schoolerp".exam_result_marks (oid, exam_oid, exam_result_detail_oid, institute_oid, student_id, class_textbook_oid, institute_class_oid, institute_class_section_oid, total_marks, obtained_marks, letter_grade, grade_point, assessment, status) values ('SCHOOL-ERP-Adarsha-Institute-Exam-Result-Marks-Oid-0042','SCHOOL-ERP-Adarsha-Institute-Exam-Oid-0001','SCHOOL-ERP-Adarsha-Institute-Exam-Result-Detail-Oid-0003','SCHOOL-ERP-Demo-School-Adarsha-High-School-And-College','10038422M060003','SCHOOL-ERP-Adarsha-Institute-Text-Book-0091','SCHOOL-ERP-Adarsha-Institute-Class-6','SCHOOL-ERP-Adarsha-Institute-Class-6-Shift-Morning-English-Version-Section-Jaba',100,85,'A+',5,'Excellent','Present');
insert into "schoolerp".exam_result_marks (oid, exam_oid, exam_result_detail_oid, institute_oid, student_id, class_textbook_oid, institute_class_oid, institute_class_section_oid, total_marks, obtained_marks, letter_grade, grade_point, assessment, status) values ('SCHOOL-ERP-Adarsha-Institute-Exam-Result-Marks-Oid-0043','SCHOOL-ERP-Adarsha-Institute-Exam-Oid-0001','SCHOOL-ERP-Adarsha-Institute-Exam-Result-Detail-Oid-0003','SCHOOL-ERP-Demo-School-Adarsha-High-School-And-College','10038422M060003','SCHOOL-ERP-Adarsha-Institute-Text-Book-0092','SCHOOL-ERP-Adarsha-Institute-Class-6','SCHOOL-ERP-Adarsha-Institute-Class-6-Shift-Morning-English-Version-Section-Jaba',100,85,'A+',5,'Excellent','Present');
insert into "schoolerp".exam_result_marks (oid, exam_oid, exam_result_detail_oid, institute_oid, student_id, class_textbook_oid, institute_class_oid, institute_class_section_oid, total_marks, obtained_marks, letter_grade, grade_point, assessment, status) values ('SCHOOL-ERP-Adarsha-Institute-Exam-Result-Marks-Oid-0044','SCHOOL-ERP-Adarsha-Institute-Exam-Oid-0001','SCHOOL-ERP-Adarsha-Institute-Exam-Result-Detail-Oid-0003','SCHOOL-ERP-Demo-School-Adarsha-High-School-And-College','10038422M060003','SCHOOL-ERP-Adarsha-Institute-Text-Book-0093','SCHOOL-ERP-Adarsha-Institute-Class-6','SCHOOL-ERP-Adarsha-Institute-Class-6-Shift-Morning-English-Version-Section-Jaba',100,85,'A+',5,'Excellent','Present');
insert into "schoolerp".exam_result_marks (oid, exam_oid, exam_result_detail_oid, institute_oid, student_id, class_textbook_oid, institute_class_oid, institute_class_section_oid, total_marks, obtained_marks, letter_grade, grade_point, assessment, status) values ('SCHOOL-ERP-Adarsha-Institute-Exam-Result-Marks-Oid-0045','SCHOOL-ERP-Adarsha-Institute-Exam-Oid-0001','SCHOOL-ERP-Adarsha-Institute-Exam-Result-Detail-Oid-0003','SCHOOL-ERP-Demo-School-Adarsha-High-School-And-College','10038422M060003','SCHOOL-ERP-Adarsha-Institute-Text-Book-0095','SCHOOL-ERP-Adarsha-Institute-Class-6','SCHOOL-ERP-Adarsha-Institute-Class-6-Shift-Morning-English-Version-Section-Jaba',100,85,'A+',5,'Excellent','Present');
insert into "schoolerp".exam_result_marks (oid, exam_oid, exam_result_detail_oid, institute_oid, student_id, class_textbook_oid, institute_class_oid, institute_class_section_oid, total_marks, obtained_marks, letter_grade, grade_point, assessment, status) values ('SCHOOL-ERP-Adarsha-Institute-Exam-Result-Marks-Oid-0046','SCHOOL-ERP-Adarsha-Institute-Exam-Oid-0001','SCHOOL-ERP-Adarsha-Institute-Exam-Result-Detail-Oid-0003','SCHOOL-ERP-Demo-School-Adarsha-High-School-And-College','10038422M060003','SCHOOL-ERP-Adarsha-Institute-Text-Book-0097','SCHOOL-ERP-Adarsha-Institute-Class-6','SCHOOL-ERP-Adarsha-Institute-Class-6-Shift-Morning-English-Version-Section-Jaba',100,85,'A+',5,'Excellent','Present');
insert into "schoolerp".exam_result_marks (oid, exam_oid, exam_result_detail_oid, institute_oid, student_id, class_textbook_oid, institute_class_oid, institute_class_section_oid, total_marks, obtained_marks, letter_grade, grade_point, assessment, status) values ('SCHOOL-ERP-Adarsha-Institute-Exam-Result-Marks-Oid-0047','SCHOOL-ERP-Adarsha-Institute-Exam-Oid-0001','SCHOOL-ERP-Adarsha-Institute-Exam-Result-Detail-Oid-0003','SCHOOL-ERP-Demo-School-Adarsha-High-School-And-College','10038422M060003','SCHOOL-ERP-Adarsha-Institute-Text-Book-0099','SCHOOL-ERP-Adarsha-Institute-Class-6','SCHOOL-ERP-Adarsha-Institute-Class-6-Shift-Morning-English-Version-Section-Jaba',100,85,'A+',5,'Excellent','Present');
insert into "schoolerp".exam_result_marks (oid, exam_oid, exam_result_detail_oid, institute_oid, student_id, class_textbook_oid, institute_class_oid, institute_class_section_oid, total_marks, obtained_marks, letter_grade, grade_point, assessment, status) values ('SCHOOL-ERP-Adarsha-Institute-Exam-Result-Marks-Oid-0048','SCHOOL-ERP-Adarsha-Institute-Exam-Oid-0001','SCHOOL-ERP-Adarsha-Institute-Exam-Result-Detail-Oid-0003','SCHOOL-ERP-Demo-School-Adarsha-High-School-And-College','10038422M060003','SCHOOL-ERP-Adarsha-Institute-Text-Book-0100','SCHOOL-ERP-Adarsha-Institute-Class-6','SCHOOL-ERP-Adarsha-Institute-Class-6-Shift-Morning-English-Version-Section-Jaba',100,85,'A+',5,'Excellent','Present');
insert into "schoolerp".exam_result_marks (oid, exam_oid, exam_result_detail_oid, institute_oid, student_id, class_textbook_oid, institute_class_oid, institute_class_section_oid, total_marks, obtained_marks, letter_grade, grade_point, assessment, status) values ('SCHOOL-ERP-Adarsha-Institute-Exam-Result-Marks-Oid-0049','SCHOOL-ERP-Adarsha-Institute-Exam-Oid-0001','SCHOOL-ERP-Adarsha-Institute-Exam-Result-Detail-Oid-0003','SCHOOL-ERP-Demo-School-Adarsha-High-School-And-College','10038422F060007','SCHOOL-ERP-Adarsha-Institute-Text-Book-0090','SCHOOL-ERP-Adarsha-Institute-Class-6','SCHOOL-ERP-Adarsha-Institute-Class-6-Shift-Morning-English-Version-Section-Jaba',100,85,'A+',5,'Excellent','Present');
insert into "schoolerp".exam_result_marks (oid, exam_oid, exam_result_detail_oid, institute_oid, student_id, class_textbook_oid, institute_class_oid, institute_class_section_oid, total_marks, obtained_marks, letter_grade, grade_point, assessment, status) values ('SCHOOL-ERP-Adarsha-Institute-Exam-Result-Marks-Oid-0050','SCHOOL-ERP-Adarsha-Institute-Exam-Oid-0001','SCHOOL-ERP-Adarsha-Institute-Exam-Result-Detail-Oid-0003','SCHOOL-ERP-Demo-School-Adarsha-High-School-And-College','10038422F060007','SCHOOL-ERP-Adarsha-Institute-Text-Book-0091','SCHOOL-ERP-Adarsha-Institute-Class-6','SCHOOL-ERP-Adarsha-Institute-Class-6-Shift-Morning-English-Version-Section-Jaba',100,85,'A+',5,'Excellent','Present');
insert into "schoolerp".exam_result_marks (oid, exam_oid, exam_result_detail_oid, institute_oid, student_id, class_textbook_oid, institute_class_oid, institute_class_section_oid, total_marks, obtained_marks, letter_grade, grade_point, assessment, status) values ('SCHOOL-ERP-Adarsha-Institute-Exam-Result-Marks-Oid-0051','SCHOOL-ERP-Adarsha-Institute-Exam-Oid-0001','SCHOOL-ERP-Adarsha-Institute-Exam-Result-Detail-Oid-0003','SCHOOL-ERP-Demo-School-Adarsha-High-School-And-College','10038422F060007','SCHOOL-ERP-Adarsha-Institute-Text-Book-0092','SCHOOL-ERP-Adarsha-Institute-Class-6','SCHOOL-ERP-Adarsha-Institute-Class-6-Shift-Morning-English-Version-Section-Jaba',100,85,'A+',5,'Excellent','Present');
insert into "schoolerp".exam_result_marks (oid, exam_oid, exam_result_detail_oid, institute_oid, student_id, class_textbook_oid, institute_class_oid, institute_class_section_oid, total_marks, obtained_marks, letter_grade, grade_point, assessment, status) values ('SCHOOL-ERP-Adarsha-Institute-Exam-Result-Marks-Oid-0052','SCHOOL-ERP-Adarsha-Institute-Exam-Oid-0001','SCHOOL-ERP-Adarsha-Institute-Exam-Result-Detail-Oid-0003','SCHOOL-ERP-Demo-School-Adarsha-High-School-And-College','10038422F060007','SCHOOL-ERP-Adarsha-Institute-Text-Book-0093','SCHOOL-ERP-Adarsha-Institute-Class-6','SCHOOL-ERP-Adarsha-Institute-Class-6-Shift-Morning-English-Version-Section-Jaba',100,85,'A+',5,'Excellent','Present');
insert into "schoolerp".exam_result_marks (oid, exam_oid, exam_result_detail_oid, institute_oid, student_id, class_textbook_oid, institute_class_oid, institute_class_section_oid, total_marks, obtained_marks, letter_grade, grade_point, assessment, status) values ('SCHOOL-ERP-Adarsha-Institute-Exam-Result-Marks-Oid-0053','SCHOOL-ERP-Adarsha-Institute-Exam-Oid-0001','SCHOOL-ERP-Adarsha-Institute-Exam-Result-Detail-Oid-0003','SCHOOL-ERP-Demo-School-Adarsha-High-School-And-College','10038422F060007','SCHOOL-ERP-Adarsha-Institute-Text-Book-0095','SCHOOL-ERP-Adarsha-Institute-Class-6','SCHOOL-ERP-Adarsha-Institute-Class-6-Shift-Morning-English-Version-Section-Jaba',100,85,'A+',5,'Excellent','Present');
insert into "schoolerp".exam_result_marks (oid, exam_oid, exam_result_detail_oid, institute_oid, student_id, class_textbook_oid, institute_class_oid, institute_class_section_oid, total_marks, obtained_marks, letter_grade, grade_point, assessment, status) values ('SCHOOL-ERP-Adarsha-Institute-Exam-Result-Marks-Oid-0054','SCHOOL-ERP-Adarsha-Institute-Exam-Oid-0001','SCHOOL-ERP-Adarsha-Institute-Exam-Result-Detail-Oid-0003','SCHOOL-ERP-Demo-School-Adarsha-High-School-And-College','10038422F060007','SCHOOL-ERP-Adarsha-Institute-Text-Book-0097','SCHOOL-ERP-Adarsha-Institute-Class-6','SCHOOL-ERP-Adarsha-Institute-Class-6-Shift-Morning-English-Version-Section-Jaba',100,85,'A+',5,'Excellent','Present');
insert into "schoolerp".exam_result_marks (oid, exam_oid, exam_result_detail_oid, institute_oid, student_id, class_textbook_oid, institute_class_oid, institute_class_section_oid, total_marks, obtained_marks, letter_grade, grade_point, assessment, status) values ('SCHOOL-ERP-Adarsha-Institute-Exam-Result-Marks-Oid-0055','SCHOOL-ERP-Adarsha-Institute-Exam-Oid-0001','SCHOOL-ERP-Adarsha-Institute-Exam-Result-Detail-Oid-0003','SCHOOL-ERP-Demo-School-Adarsha-High-School-And-College','10038422F060007','SCHOOL-ERP-Adarsha-Institute-Text-Book-0099','SCHOOL-ERP-Adarsha-Institute-Class-6','SCHOOL-ERP-Adarsha-Institute-Class-6-Shift-Morning-English-Version-Section-Jaba',100,85,'A+',5,'Excellent','Present');
insert into "schoolerp".exam_result_marks (oid, exam_oid, exam_result_detail_oid, institute_oid, student_id, class_textbook_oid, institute_class_oid, institute_class_section_oid, total_marks, obtained_marks, letter_grade, grade_point, assessment, status) values ('SCHOOL-ERP-Adarsha-Institute-Exam-Result-Marks-Oid-0056','SCHOOL-ERP-Adarsha-Institute-Exam-Oid-0001','SCHOOL-ERP-Adarsha-Institute-Exam-Result-Detail-Oid-0003','SCHOOL-ERP-Demo-School-Adarsha-High-School-And-College','10038422F060007','SCHOOL-ERP-Adarsha-Institute-Text-Book-0100','SCHOOL-ERP-Adarsha-Institute-Class-6','SCHOOL-ERP-Adarsha-Institute-Class-6-Shift-Morning-English-Version-Section-Jaba',100,85,'A+',5,'Excellent','Present');
insert into "schoolerp".exam_result_marks (oid, exam_oid, exam_result_detail_oid, institute_oid, student_id, class_textbook_oid, institute_class_oid, institute_class_section_oid, total_marks, obtained_marks, letter_grade, grade_point, assessment, status) values ('SCHOOL-ERP-Adarsha-Institute-Exam-Result-Marks-Oid-0057','SCHOOL-ERP-Adarsha-Institute-Exam-Oid-0001','SCHOOL-ERP-Adarsha-Institute-Exam-Result-Detail-Oid-0004','SCHOOL-ERP-Demo-School-Adarsha-High-School-And-College','10038422M060005','SCHOOL-ERP-Adarsha-Institute-Text-Book-0090','SCHOOL-ERP-Adarsha-Institute-Class-6','SCHOOL-ERP-Adarsha-Institute-Class-6-Shift-Evening-English-Version-Section-Jaba',100,85,'A+',5,'Excellent','Present');
insert into "schoolerp".exam_result_marks (oid, exam_oid, exam_result_detail_oid, institute_oid, student_id, class_textbook_oid, institute_class_oid, institute_class_section_oid, total_marks, obtained_marks, letter_grade, grade_point, assessment, status) values ('SCHOOL-ERP-Adarsha-Institute-Exam-Result-Marks-Oid-0058','SCHOOL-ERP-Adarsha-Institute-Exam-Oid-0001','SCHOOL-ERP-Adarsha-Institute-Exam-Result-Detail-Oid-0004','SCHOOL-ERP-Demo-School-Adarsha-High-School-And-College','10038422M060005','SCHOOL-ERP-Adarsha-Institute-Text-Book-0091','SCHOOL-ERP-Adarsha-Institute-Class-6','SCHOOL-ERP-Adarsha-Institute-Class-6-Shift-Evening-English-Version-Section-Jaba',100,85,'A+',5,'Excellent','Present');
insert into "schoolerp".exam_result_marks (oid, exam_oid, exam_result_detail_oid, institute_oid, student_id, class_textbook_oid, institute_class_oid, institute_class_section_oid, total_marks, obtained_marks, letter_grade, grade_point, assessment, status) values ('SCHOOL-ERP-Adarsha-Institute-Exam-Result-Marks-Oid-0059','SCHOOL-ERP-Adarsha-Institute-Exam-Oid-0001','SCHOOL-ERP-Adarsha-Institute-Exam-Result-Detail-Oid-0004','SCHOOL-ERP-Demo-School-Adarsha-High-School-And-College','10038422M060005','SCHOOL-ERP-Adarsha-Institute-Text-Book-0092','SCHOOL-ERP-Adarsha-Institute-Class-6','SCHOOL-ERP-Adarsha-Institute-Class-6-Shift-Evening-English-Version-Section-Jaba',100,85,'A+',5,'Excellent','Present');
insert into "schoolerp".exam_result_marks (oid, exam_oid, exam_result_detail_oid, institute_oid, student_id, class_textbook_oid, institute_class_oid, institute_class_section_oid, total_marks, obtained_marks, letter_grade, grade_point, assessment, status) values ('SCHOOL-ERP-Adarsha-Institute-Exam-Result-Marks-Oid-0060','SCHOOL-ERP-Adarsha-Institute-Exam-Oid-0001','SCHOOL-ERP-Adarsha-Institute-Exam-Result-Detail-Oid-0004','SCHOOL-ERP-Demo-School-Adarsha-High-School-And-College','10038422M060005','SCHOOL-ERP-Adarsha-Institute-Text-Book-0093','SCHOOL-ERP-Adarsha-Institute-Class-6','SCHOOL-ERP-Adarsha-Institute-Class-6-Shift-Evening-English-Version-Section-Jaba',100,85,'A+',5,'Excellent','Present');
insert into "schoolerp".exam_result_marks (oid, exam_oid, exam_result_detail_oid, institute_oid, student_id, class_textbook_oid, institute_class_oid, institute_class_section_oid, total_marks, obtained_marks, letter_grade, grade_point, assessment, status) values ('SCHOOL-ERP-Adarsha-Institute-Exam-Result-Marks-Oid-0061','SCHOOL-ERP-Adarsha-Institute-Exam-Oid-0001','SCHOOL-ERP-Adarsha-Institute-Exam-Result-Detail-Oid-0004','SCHOOL-ERP-Demo-School-Adarsha-High-School-And-College','10038422M060005','SCHOOL-ERP-Adarsha-Institute-Text-Book-0095','SCHOOL-ERP-Adarsha-Institute-Class-6','SCHOOL-ERP-Adarsha-Institute-Class-6-Shift-Evening-English-Version-Section-Jaba',100,85,'A+',5,'Excellent','Present');
insert into "schoolerp".exam_result_marks (oid, exam_oid, exam_result_detail_oid, institute_oid, student_id, class_textbook_oid, institute_class_oid, institute_class_section_oid, total_marks, obtained_marks, letter_grade, grade_point, assessment, status) values ('SCHOOL-ERP-Adarsha-Institute-Exam-Result-Marks-Oid-0062','SCHOOL-ERP-Adarsha-Institute-Exam-Oid-0001','SCHOOL-ERP-Adarsha-Institute-Exam-Result-Detail-Oid-0004','SCHOOL-ERP-Demo-School-Adarsha-High-School-And-College','10038422M060005','SCHOOL-ERP-Adarsha-Institute-Text-Book-0097','SCHOOL-ERP-Adarsha-Institute-Class-6','SCHOOL-ERP-Adarsha-Institute-Class-6-Shift-Evening-English-Version-Section-Jaba',100,85,'A+',5,'Excellent','Present');
insert into "schoolerp".exam_result_marks (oid, exam_oid, exam_result_detail_oid, institute_oid, student_id, class_textbook_oid, institute_class_oid, institute_class_section_oid, total_marks, obtained_marks, letter_grade, grade_point, assessment, status) values ('SCHOOL-ERP-Adarsha-Institute-Exam-Result-Marks-Oid-0063','SCHOOL-ERP-Adarsha-Institute-Exam-Oid-0001','SCHOOL-ERP-Adarsha-Institute-Exam-Result-Detail-Oid-0004','SCHOOL-ERP-Demo-School-Adarsha-High-School-And-College','10038422M060005','SCHOOL-ERP-Adarsha-Institute-Text-Book-0099','SCHOOL-ERP-Adarsha-Institute-Class-6','SCHOOL-ERP-Adarsha-Institute-Class-6-Shift-Evening-English-Version-Section-Jaba',100,85,'A+',5,'Excellent','Present');
insert into "schoolerp".exam_result_marks (oid, exam_oid, exam_result_detail_oid, institute_oid, student_id, class_textbook_oid, institute_class_oid, institute_class_section_oid, total_marks, obtained_marks, letter_grade, grade_point, assessment, status) values ('SCHOOL-ERP-Adarsha-Institute-Exam-Result-Marks-Oid-0064','SCHOOL-ERP-Adarsha-Institute-Exam-Oid-0001','SCHOOL-ERP-Adarsha-Institute-Exam-Result-Detail-Oid-0004','SCHOOL-ERP-Demo-School-Adarsha-High-School-And-College','10038422M060005','SCHOOL-ERP-Adarsha-Institute-Text-Book-0100','SCHOOL-ERP-Adarsha-Institute-Class-6','SCHOOL-ERP-Adarsha-Institute-Class-6-Shift-Evening-English-Version-Section-Jaba',100,85,'A+',5,'Excellent','Present');
insert into "schoolerp".exam_result_marks (oid, exam_oid, exam_result_detail_oid, institute_oid, student_id, class_textbook_oid, institute_class_oid, institute_class_section_oid, total_marks, obtained_marks, letter_grade, grade_point, assessment, status) values ('SCHOOL-ERP-Adarsha-Institute-Exam-Result-Marks-Oid-0065','SCHOOL-ERP-Adarsha-Institute-Exam-Oid-0001','SCHOOL-ERP-Adarsha-Institute-Exam-Result-Detail-Oid-0004','SCHOOL-ERP-Demo-School-Adarsha-High-School-And-College','10038422F060009','SCHOOL-ERP-Adarsha-Institute-Text-Book-0090','SCHOOL-ERP-Adarsha-Institute-Class-6','SCHOOL-ERP-Adarsha-Institute-Class-6-Shift-Evening-English-Version-Section-Jaba',100,85,'A+',5,'Excellent','Present');
insert into "schoolerp".exam_result_marks (oid, exam_oid, exam_result_detail_oid, institute_oid, student_id, class_textbook_oid, institute_class_oid, institute_class_section_oid, total_marks, obtained_marks, letter_grade, grade_point, assessment, status) values ('SCHOOL-ERP-Adarsha-Institute-Exam-Result-Marks-Oid-0066','SCHOOL-ERP-Adarsha-Institute-Exam-Oid-0001','SCHOOL-ERP-Adarsha-Institute-Exam-Result-Detail-Oid-0004','SCHOOL-ERP-Demo-School-Adarsha-High-School-And-College','10038422F060009','SCHOOL-ERP-Adarsha-Institute-Text-Book-0091','SCHOOL-ERP-Adarsha-Institute-Class-6','SCHOOL-ERP-Adarsha-Institute-Class-6-Shift-Evening-English-Version-Section-Jaba',100,85,'A+',5,'Excellent','Present');
insert into "schoolerp".exam_result_marks (oid, exam_oid, exam_result_detail_oid, institute_oid, student_id, class_textbook_oid, institute_class_oid, institute_class_section_oid, total_marks, obtained_marks, letter_grade, grade_point, assessment, status) values ('SCHOOL-ERP-Adarsha-Institute-Exam-Result-Marks-Oid-0067','SCHOOL-ERP-Adarsha-Institute-Exam-Oid-0001','SCHOOL-ERP-Adarsha-Institute-Exam-Result-Detail-Oid-0004','SCHOOL-ERP-Demo-School-Adarsha-High-School-And-College','10038422F060009','SCHOOL-ERP-Adarsha-Institute-Text-Book-0092','SCHOOL-ERP-Adarsha-Institute-Class-6','SCHOOL-ERP-Adarsha-Institute-Class-6-Shift-Evening-English-Version-Section-Jaba',100,85,'A+',5,'Excellent','Present');
insert into "schoolerp".exam_result_marks (oid, exam_oid, exam_result_detail_oid, institute_oid, student_id, class_textbook_oid, institute_class_oid, institute_class_section_oid, total_marks, obtained_marks, letter_grade, grade_point, assessment, status) values ('SCHOOL-ERP-Adarsha-Institute-Exam-Result-Marks-Oid-0068','SCHOOL-ERP-Adarsha-Institute-Exam-Oid-0001','SCHOOL-ERP-Adarsha-Institute-Exam-Result-Detail-Oid-0004','SCHOOL-ERP-Demo-School-Adarsha-High-School-And-College','10038422F060009','SCHOOL-ERP-Adarsha-Institute-Text-Book-0093','SCHOOL-ERP-Adarsha-Institute-Class-6','SCHOOL-ERP-Adarsha-Institute-Class-6-Shift-Evening-English-Version-Section-Jaba',100,85,'A+',5,'Excellent','Present');
insert into "schoolerp".exam_result_marks (oid, exam_oid, exam_result_detail_oid, institute_oid, student_id, class_textbook_oid, institute_class_oid, institute_class_section_oid, total_marks, obtained_marks, letter_grade, grade_point, assessment, status) values ('SCHOOL-ERP-Adarsha-Institute-Exam-Result-Marks-Oid-0069','SCHOOL-ERP-Adarsha-Institute-Exam-Oid-0001','SCHOOL-ERP-Adarsha-Institute-Exam-Result-Detail-Oid-0004','SCHOOL-ERP-Demo-School-Adarsha-High-School-And-College','10038422F060009','SCHOOL-ERP-Adarsha-Institute-Text-Book-0095','SCHOOL-ERP-Adarsha-Institute-Class-6','SCHOOL-ERP-Adarsha-Institute-Class-6-Shift-Evening-English-Version-Section-Jaba',100,85,'A+',5,'Excellent','Present');
insert into "schoolerp".exam_result_marks (oid, exam_oid, exam_result_detail_oid, institute_oid, student_id, class_textbook_oid, institute_class_oid, institute_class_section_oid, total_marks, obtained_marks, letter_grade, grade_point, assessment, status) values ('SCHOOL-ERP-Adarsha-Institute-Exam-Result-Marks-Oid-0070','SCHOOL-ERP-Adarsha-Institute-Exam-Oid-0001','SCHOOL-ERP-Adarsha-Institute-Exam-Result-Detail-Oid-0004','SCHOOL-ERP-Demo-School-Adarsha-High-School-And-College','10038422F060009','SCHOOL-ERP-Adarsha-Institute-Text-Book-0097','SCHOOL-ERP-Adarsha-Institute-Class-6','SCHOOL-ERP-Adarsha-Institute-Class-6-Shift-Evening-English-Version-Section-Jaba',100,85,'A+',5,'Excellent','Present');
insert into "schoolerp".exam_result_marks (oid, exam_oid, exam_result_detail_oid, institute_oid, student_id, class_textbook_oid, institute_class_oid, institute_class_section_oid, total_marks, obtained_marks, letter_grade, grade_point, assessment, status) values ('SCHOOL-ERP-Adarsha-Institute-Exam-Result-Marks-Oid-0071','SCHOOL-ERP-Adarsha-Institute-Exam-Oid-0001','SCHOOL-ERP-Adarsha-Institute-Exam-Result-Detail-Oid-0004','SCHOOL-ERP-Demo-School-Adarsha-High-School-And-College','10038422F060009','SCHOOL-ERP-Adarsha-Institute-Text-Book-0099','SCHOOL-ERP-Adarsha-Institute-Class-6','SCHOOL-ERP-Adarsha-Institute-Class-6-Shift-Evening-English-Version-Section-Jaba',100,85,'A+',5,'Excellent','Present');
insert into "schoolerp".exam_result_marks (oid, exam_oid, exam_result_detail_oid, institute_oid, student_id, class_textbook_oid, institute_class_oid, institute_class_section_oid, total_marks, obtained_marks, letter_grade, grade_point, assessment, status) values ('SCHOOL-ERP-Adarsha-Institute-Exam-Result-Marks-Oid-0072','SCHOOL-ERP-Adarsha-Institute-Exam-Oid-0001','SCHOOL-ERP-Adarsha-Institute-Exam-Result-Detail-Oid-0004','SCHOOL-ERP-Demo-School-Adarsha-High-School-And-College','10038422F060009','SCHOOL-ERP-Adarsha-Institute-Text-Book-0100','SCHOOL-ERP-Adarsha-Institute-Class-6','SCHOOL-ERP-Adarsha-Institute-Class-6-Shift-Evening-English-Version-Section-Jaba',100,85,'A+',5,'Excellent','Present');
commit;


