-- app_settings
insert into "schoolerp".app_settings (oid, name, value, remarks, status) values ('20210301125830858-chkFsrRVELeuwJYZ','sms','No','Sent sms sign up, verify account, reset password, application submission, create student, fee payment and so on  etc.','Active');
insert into "schoolerp".app_settings (oid, name, value, remarks, status) values ('20210301125830900-GkXeDzyzzXVzwcVS','email','No','Sent email sign up, verify account, reset password, application submission, create student, fee payment and so on  etc.','Active');
commit;

-- country
insert into "schoolerp".country (oid, name_bn, name_en, capital, status) values ('SCHOOL-ERP-Country-Bangladesh','বাংলাদেশ','Bangladesh','Dhaka','Active');
insert into "schoolerp".country (oid, name_bn, name_en, capital, status) values ('SCHOOL-ERP-Country-United-Kingdom','যুক্তরাজ্য','United Kingdom','London','Active');
commit;

-- division
insert into "schoolerp".division (oid, name_en, name_bn, capital, establish_year, status) values ('SCHOOL-ERP-Barisal-Division','Barisal Division','বরিশাল বিভাগ','Barisal','1993','Active');
insert into "schoolerp".division (oid, name_en, name_bn, capital, establish_year, status) values ('SCHOOL-ERP-Chittagong-Division','Chittagong Division','চট্টগ্রাম বিভাগ','Chittagong','1829','Active');
insert into "schoolerp".division (oid, name_en, name_bn, capital, establish_year, status) values ('SCHOOL-ERP-Dhaka-Division','Dhaka Division','ঢাকা বিভাগ','Dhaka','1829','Active');
insert into "schoolerp".division (oid, name_en, name_bn, capital, establish_year, status) values ('SCHOOL-ERP-Khulna-Division','Khulna Division','খুলনা বিভাগ','Khulna','1960','Active');
insert into "schoolerp".division (oid, name_en, name_bn, capital, establish_year, status) values ('SCHOOL-ERP-Mymensingh-Division','Mymensingh Division','ময়মনসিংহ বিভাগ','Mymensingh','2015','Active');
insert into "schoolerp".division (oid, name_en, name_bn, capital, establish_year, status) values ('SCHOOL-ERP-Rajshahi-Division','Rajshahi Division','রাজশাহী বিভাগ','Rajshahi','1829','Active');
insert into "schoolerp".division (oid, name_en, name_bn, capital, establish_year, status) values ('SCHOOL-ERP-Rangpur-Division','Rangpur Division','রংপুর বিভাগ','Rangpur','2010','Active');
insert into "schoolerp".division (oid, name_en, name_bn, capital, establish_year, status) values ('SCHOOL-ERP-Sylhet-Division','Sylhet Division','সিলেট বিভাগ','Sylhet','1995','Active');
commit;

-- district
insert into "schoolerp".district (oid, name_en, name_bn, establish_year, district_code, website, status, division_oid) values ('SCHOOL-ERP-Barguna','Barguna','বরগুনা','1984','32','http://www.barguna.gov.bd/','Active','SCHOOL-ERP-Barisal-Division');
insert into "schoolerp".district (oid, name_en, name_bn, establish_year, district_code, website, status, division_oid) values ('SCHOOL-ERP-Barisal','Barisal','বরিশাল','1797','29','http://www.barisal.gov.bd/','Active','SCHOOL-ERP-Barisal-Division');
insert into "schoolerp".district (oid, name_en, name_bn, establish_year, district_code, website, status, division_oid) values ('SCHOOL-ERP-Bhola','Bhola','ভোলা','1984','30',null,'Active','SCHOOL-ERP-Barisal-Division');
insert into "schoolerp".district (oid, name_en, name_bn, establish_year, district_code, website, status, division_oid) values ('SCHOOL-ERP-Jhalokati','Jhalokati','ঝালকাঠি','1984','28',null,'Active','SCHOOL-ERP-Barisal-Division');
insert into "schoolerp".district (oid, name_en, name_bn, establish_year, district_code, website, status, division_oid) values ('SCHOOL-ERP-Patuakhali','Patuakhali','পটুয়াখালী','1969','31',null,'Active','SCHOOL-ERP-Barisal-Division');
insert into "schoolerp".district (oid, name_en, name_bn, establish_year, district_code, website, status, division_oid) values ('SCHOOL-ERP-Pirojpur','Pirojpur','পিরোজপুর','1984','27',null,'Active','SCHOOL-ERP-Barisal-Division');
insert into "schoolerp".district (oid, name_en, name_bn, establish_year, district_code, website, status, division_oid) values ('SCHOOL-ERP-Bandarban','Bandarban','বান্দরবান','1981','64',null,'Active','SCHOOL-ERP-Chittagong-Division');
insert into "schoolerp".district (oid, name_en, name_bn, establish_year, district_code, website, status, division_oid) values ('SCHOOL-ERP-Brahmanbaria','Brahmanbaria','ব্রাহ্মণবাড়িয়া','1984','54',null,'Active','SCHOOL-ERP-Chittagong-Division');
insert into "schoolerp".district (oid, name_en, name_bn, establish_year, district_code, website, status, division_oid) values ('SCHOOL-ERP-Chandpur','Chandpur','চাঁদপুর','1984','56',null,'Active','SCHOOL-ERP-Chittagong-Division');
insert into "schoolerp".district (oid, name_en, name_bn, establish_year, district_code, website, status, division_oid) values ('SCHOOL-ERP-Chittagong','Chittagong','চট্টগ্রাম','1666','60',null,'Active','SCHOOL-ERP-Chittagong-Division');
insert into "schoolerp".district (oid, name_en, name_bn, establish_year, district_code, website, status, division_oid) values ('SCHOOL-ERP-Comilla','Comilla','কুমিল্লা','1790','55',null,'Active','SCHOOL-ERP-Chittagong-Division');
insert into "schoolerp".district (oid, name_en, name_bn, establish_year, district_code, website, status, division_oid) values ('SCHOOL-ERP-Coxs-Bazar','Cox''s Bazar','কক্সবাজার','1984','61',null,'Active','SCHOOL-ERP-Chittagong-Division');
insert into "schoolerp".district (oid, name_en, name_bn, establish_year, district_code, website, status, division_oid) values ('SCHOOL-ERP-Feni','Feni','ফেনী','1984','59',null,'Active','SCHOOL-ERP-Chittagong-Division');
insert into "schoolerp".district (oid, name_en, name_bn, establish_year, district_code, website, status, division_oid) values ('SCHOOL-ERP-Khagrachhari','Khagrachhari','খাগড়াছড়ি','1983','62',null,'Active','SCHOOL-ERP-Chittagong-Division');
insert into "schoolerp".district (oid, name_en, name_bn, establish_year, district_code, website, status, division_oid) values ('SCHOOL-ERP-Lakshmipur','Lakshmipur','লক্ষ্মীপুর','1984','57',null,'Active','SCHOOL-ERP-Chittagong-Division');
insert into "schoolerp".district (oid, name_en, name_bn, establish_year, district_code, website, status, division_oid) values ('SCHOOL-ERP-Noakhali','Noakhali','নোয়াখালী','1821','58',null,'Active','SCHOOL-ERP-Chittagong-Division');
insert into "schoolerp".district (oid, name_en, name_bn, establish_year, district_code, website, status, division_oid) values ('SCHOOL-ERP-Rangamati','Rangamati','রাঙ্গামাটি','1983','63',null,'Active','SCHOOL-ERP-Chittagong-Division');
insert into "schoolerp".district (oid, name_en, name_bn, establish_year, district_code, website, status, division_oid) values ('SCHOOL-ERP-Dhaka','Dhaka','ঢাকা','1772','40',null,'Active','SCHOOL-ERP-Dhaka-Division');
insert into "schoolerp".district (oid, name_en, name_bn, establish_year, district_code, website, status, division_oid) values ('SCHOOL-ERP-Faridpur','Faridpur','ফরিদপুর','1815','45',null,'Active','SCHOOL-ERP-Dhaka-Division');
insert into "schoolerp".district (oid, name_en, name_bn, establish_year, district_code, website, status, division_oid) values ('SCHOOL-ERP-Gazipur','Gazipur','গাজীপুর','1984','41',null,'Active','SCHOOL-ERP-Dhaka-Division');
insert into "schoolerp".district (oid, name_en, name_bn, establish_year, district_code, website, status, division_oid) values ('SCHOOL-ERP-Gopalganj','Gopalganj','গোপালগঞ্জ','1984','47',null,'Active','SCHOOL-ERP-Dhaka-Division');
insert into "schoolerp".district (oid, name_en, name_bn, establish_year, district_code, website, status, division_oid) values ('SCHOOL-ERP-Kishoreganj','Kishoreganj','কিশোরগঞ্জ','1984','38',null,'Active','SCHOOL-ERP-Dhaka-Division');
insert into "schoolerp".district (oid, name_en, name_bn, establish_year, district_code, website, status, division_oid) values ('SCHOOL-ERP-Madaripur','Madaripur','মাদারীপুর','1984','48',null,'Active','SCHOOL-ERP-Dhaka-Division');
insert into "schoolerp".district (oid, name_en, name_bn, establish_year, district_code, website, status, division_oid) values ('SCHOOL-ERP-Manikganj','Manikganj','মানিকগঞ্জ','1984','39',null,'Active','SCHOOL-ERP-Dhaka-Division');
insert into "schoolerp".district (oid, name_en, name_bn, establish_year, district_code, website, status, division_oid) values ('SCHOOL-ERP-Munshiganj','Munshiganj','মুন্সীগঞ্জ','1984','44',null,'Active','SCHOOL-ERP-Dhaka-Division');
insert into "schoolerp".district (oid, name_en, name_bn, establish_year, district_code, website, status, division_oid) values ('SCHOOL-ERP-Narayanganj','Narayanganj','নারায়ণগঞ্জ','1984','43',null,'Active','SCHOOL-ERP-Dhaka-Division');
insert into "schoolerp".district (oid, name_en, name_bn, establish_year, district_code, website, status, division_oid) values ('SCHOOL-ERP-Narsingdi','Narsingdi','নরসিংদী','1984','42',null,'Active','SCHOOL-ERP-Dhaka-Division');
insert into "schoolerp".district (oid, name_en, name_bn, establish_year, district_code, website, status, division_oid) values ('SCHOOL-ERP-Rajbari','Rajbari','রাজবাড়ী','1984','46',null,'Active','SCHOOL-ERP-Dhaka-Division');
insert into "schoolerp".district (oid, name_en, name_bn, establish_year, district_code, website, status, division_oid) values ('SCHOOL-ERP-Shariatpur','Shariatpur','শরীয়তপুর','1984','49',null,'Active','SCHOOL-ERP-Dhaka-Division');
insert into "schoolerp".district (oid, name_en, name_bn, establish_year, district_code, website, status, division_oid) values ('SCHOOL-ERP-Tangail','Tangail','টাঙ্গাইল','1969','37',null,'Active','SCHOOL-ERP-Dhaka-Division');
insert into "schoolerp".district (oid, name_en, name_bn, establish_year, district_code, website, status, division_oid) values ('SCHOOL-ERP-Bagerhat','Bagerhat','বাগেরহাট','1984','26',null,'Active','SCHOOL-ERP-Khulna-Division');
insert into "schoolerp".district (oid, name_en, name_bn, establish_year, district_code, website, status, division_oid) values ('SCHOOL-ERP-Chuadanga','Chuadanga','চুয়াডাঙ্গা','1984','19',null,'Active','SCHOOL-ERP-Khulna-Division');
insert into "schoolerp".district (oid, name_en, name_bn, establish_year, district_code, website, status, division_oid) values ('SCHOOL-ERP-Jessore','Jessore','যশোর','1781','23',null,'Active','SCHOOL-ERP-Khulna-Division');
insert into "schoolerp".district (oid, name_en, name_bn, establish_year, district_code, website, status, division_oid) values ('SCHOOL-ERP-Jhenaidah','Jhenaidah','ঝিনাইদহ','1984','20',null,'Active','SCHOOL-ERP-Khulna-Division');
insert into "schoolerp".district (oid, name_en, name_bn, establish_year, district_code, website, status, division_oid) values ('SCHOOL-ERP-Khulna','Khulna','খুলনা','1882','25',null,'Active','SCHOOL-ERP-Khulna-Division');
insert into "schoolerp".district (oid, name_en, name_bn, establish_year, district_code, website, status, division_oid) values ('SCHOOL-ERP-Kushtia','Kushtia','কুষ্টিয়া','1947','17',null,'Active','SCHOOL-ERP-Khulna-Division');
insert into "schoolerp".district (oid, name_en, name_bn, establish_year, district_code, website, status, division_oid) values ('SCHOOL-ERP-Magura','Magura','মাগুরা','1984','21','http://www.magura.gov.bd/','Active','SCHOOL-ERP-Khulna-Division');
insert into "schoolerp".district (oid, name_en, name_bn, establish_year, district_code, website, status, division_oid) values ('SCHOOL-ERP-Meherpur','Meherpur','মেহেরপুর','1984','18',null,'Active','SCHOOL-ERP-Khulna-Division');
insert into "schoolerp".district (oid, name_en, name_bn, establish_year, district_code, website, status, division_oid) values ('SCHOOL-ERP-Narail','Narail','নড়াইল','1984','22',null,'Active','SCHOOL-ERP-Khulna-Division');
insert into "schoolerp".district (oid, name_en, name_bn, establish_year, district_code, website, status, division_oid) values ('SCHOOL-ERP-Satkhira','Satkhira','সাতক্ষীরা','1984','24',null,'Active','SCHOOL-ERP-Khulna-Division');
insert into "schoolerp".district (oid, name_en, name_bn, establish_year, district_code, website, status, division_oid) values ('SCHOOL-ERP-Jamalpur','Jamalpur','জামালপুর','1978','36',null,'Active','SCHOOL-ERP-Mymensingh-Division');
insert into "schoolerp".district (oid, name_en, name_bn, establish_year, district_code, website, status, division_oid) values ('SCHOOL-ERP-Mymensingh','Mymensingh','ময়মনসিংহ','1787','34',null,'Active','SCHOOL-ERP-Mymensingh-Division');
insert into "schoolerp".district (oid, name_en, name_bn, establish_year, district_code, website, status, division_oid) values ('SCHOOL-ERP-Netrokona','Netrokona','নেত্রকোণা','1984','33',null,'Active','SCHOOL-ERP-Mymensingh-Division');
insert into "schoolerp".district (oid, name_en, name_bn, establish_year, district_code, website, status, division_oid) values ('SCHOOL-ERP-Sherpur','Sherpur','শেরপুর','1984','35',null,'Active','SCHOOL-ERP-Mymensingh-Division');
insert into "schoolerp".district (oid, name_en, name_bn, establish_year, district_code, website, status, division_oid) values ('SCHOOL-ERP-Bogra','Bogra','বগুড়া','1821','10',null,'Active','SCHOOL-ERP-Rajshahi-Division');
insert into "schoolerp".district (oid, name_en, name_bn, establish_year, district_code, website, status, division_oid) values ('SCHOOL-ERP-Joypurhat','Joypurhat','জয়পুরহাট','1983','09',null,'Active','SCHOOL-ERP-Rajshahi-Division');
insert into "schoolerp".district (oid, name_en, name_bn, establish_year, district_code, website, status, division_oid) values ('SCHOOL-ERP-Naogaon','Naogaon','নওগাঁ','1984','11',null,'Active','SCHOOL-ERP-Rajshahi-Division');
insert into "schoolerp".district (oid, name_en, name_bn, establish_year, district_code, website, status, division_oid) values ('SCHOOL-ERP-Natore','Natore','নাটোর','1984','12',null,'Active','SCHOOL-ERP-Rajshahi-Division');
insert into "schoolerp".district (oid, name_en, name_bn, establish_year, district_code, website, status, division_oid) values ('SCHOOL-ERP-Chapai-Nawabganj','Chapai Nawabganj','চাঁপাইনবাবগঞ্জ','1984','13',null,'Active','SCHOOL-ERP-Rajshahi-Division');
insert into "schoolerp".district (oid, name_en, name_bn, establish_year, district_code, website, status, division_oid) values ('SCHOOL-ERP-Pabna','Pabna','পাবনা','1832','16',null,'Active','SCHOOL-ERP-Rajshahi-Division');
insert into "schoolerp".district (oid, name_en, name_bn, establish_year, district_code, website, status, division_oid) values ('SCHOOL-ERP-Rajshahi','Rajshahi','রাজশাহী','1772','14',null,'Active','SCHOOL-ERP-Rajshahi-Division');
insert into "schoolerp".district (oid, name_en, name_bn, establish_year, district_code, website, status, division_oid) values ('SCHOOL-ERP-Sirajganj','Sirajganj','সিরাজগঞ্জ','1984','15',null,'Active','SCHOOL-ERP-Rajshahi-Division');
insert into "schoolerp".district (oid, name_en, name_bn, establish_year, district_code, website, status, division_oid) values ('SCHOOL-ERP-Dinajpur','Dinajpur','দিনাজপুর','1786','03',null,'Active','SCHOOL-ERP-Rangpur-Division');
insert into "schoolerp".district (oid, name_en, name_bn, establish_year, district_code, website, status, division_oid) values ('SCHOOL-ERP-Gaibandha','Gaibandha','গাইবান্ধা','1984','08',null,'Active','SCHOOL-ERP-Rangpur-Division');
insert into "schoolerp".district (oid, name_en, name_bn, establish_year, district_code, website, status, division_oid) values ('SCHOOL-ERP-Kurigram','Kurigram','কুড়িগ্রাম','1984','07',null,'Active','SCHOOL-ERP-Rangpur-Division');
insert into "schoolerp".district (oid, name_en, name_bn, establish_year, district_code, website, status, division_oid) values ('SCHOOL-ERP-Lalmonirhat','Lalmonirhat','লালমনিরহাট','1984','05',null,'Active','SCHOOL-ERP-Rangpur-Division');
insert into "schoolerp".district (oid, name_en, name_bn, establish_year, district_code, website, status, division_oid) values ('SCHOOL-ERP-Nilphamari','Nilphamari','নীলফামারী','1984','04',null,'Active','SCHOOL-ERP-Rangpur-Division');
insert into "schoolerp".district (oid, name_en, name_bn, establish_year, district_code, website, status, division_oid) values ('SCHOOL-ERP-Panchagarh','Panchagarh','পঞ্চগড়','1984','01',null,'Active','SCHOOL-ERP-Rangpur-Division');
insert into "schoolerp".district (oid, name_en, name_bn, establish_year, district_code, website, status, division_oid) values ('SCHOOL-ERP-Rangpur','Rangpur','রংপুর','1772','06',null,'Active','SCHOOL-ERP-Rangpur-Division');
insert into "schoolerp".district (oid, name_en, name_bn, establish_year, district_code, website, status, division_oid) values ('SCHOOL-ERP-Thakurgaon','Thakurgaon','ঠাকুরগাঁও','1984','02',null,'Active','SCHOOL-ERP-Rangpur-Division');
insert into "schoolerp".district (oid, name_en, name_bn, establish_year, district_code, website, status, division_oid) values ('SCHOOL-ERP-Habiganj','Habiganj','হবিগঞ্জ','1984','53',null,'Active','SCHOOL-ERP-Sylhet-Division');
insert into "schoolerp".district (oid, name_en, name_bn, establish_year, district_code, website, status, division_oid) values ('SCHOOL-ERP-Moulvibazar','Moulvibazar','মৌলভীবাজার','1984','52',null,'Active','SCHOOL-ERP-Sylhet-Division');
insert into "schoolerp".district (oid, name_en, name_bn, establish_year, district_code, website, status, division_oid) values ('SCHOOL-ERP-Sunamganj','Sunamganj','সুনামগঞ্জ','1984','50',null,'Active','SCHOOL-ERP-Sylhet-Division');
insert into "schoolerp".district (oid, name_en, name_bn, establish_year, district_code, website, status, division_oid) values ('SCHOOL-ERP-Sylhet','Sylhet','সিলেট','1782','51',null,'Active','SCHOOL-ERP-Sylhet-Division');
commit;

-- thana
insert into "schoolerp".thana (oid, name_en, name_bn, website, district_oid, status) values ('SCHOOL-ERP-Thana-Barguna-Bamna','Bamna','বামনা','http://police.bamna.barguna.gov.bd/','SCHOOL-ERP-Barguna','Active');
insert into "schoolerp".thana (oid, name_en, name_bn, website, district_oid, status) values ('SCHOOL-ERP-Thana-Barguna-Barguna-Sadar','Barguna Sadar','বরগুনা সদর','http://police.sadar.barguna.gov.bd/','SCHOOL-ERP-Barguna','Active');
insert into "schoolerp".thana (oid, name_en, name_bn, website, district_oid, status) values ('SCHOOL-ERP-Thana-Barguna-Betagi','Betagi','বেতাগী','http://police.betagi.barguna.gov.bd/','SCHOOL-ERP-Barguna','Active');
insert into "schoolerp".thana (oid, name_en, name_bn, website, district_oid, status) values ('SCHOOL-ERP-Thana-Barguna-Patharghata','Patharghata','পাথরঘাটা','http://police.pathorghata.barguna.gov.bd/','SCHOOL-ERP-Barguna','Active');
insert into "schoolerp".thana (oid, name_en, name_bn, website, district_oid, status) values ('SCHOOL-ERP-Thana-Barguna-Amtali','Amtali','আমতলী',null,'SCHOOL-ERP-Barguna','Active');
insert into "schoolerp".thana (oid, name_en, name_bn, website, district_oid, status) values ('SCHOOL-ERP-Thana-Barguna-Taltali','Taltali','তালতলী',null,'SCHOOL-ERP-Barguna','Active');
insert into "schoolerp".thana (oid, name_en, name_bn, website, district_oid, status) values ('SCHOOL-ERP-Thana-Barguna-Jhalokati-Sadar','Jhalokati Sadar','ঝালকাঠি সদর',null,'SCHOOL-ERP-Jhalokati','Active');
insert into "schoolerp".thana (oid, name_en, name_bn, website, district_oid, status) values ('SCHOOL-ERP-Thana-Jhalokati-Kanthalia','Kanthalia','কাঁথালিয়া',null,'SCHOOL-ERP-Jhalokati','Active');
insert into "schoolerp".thana (oid, name_en, name_bn, website, district_oid, status) values ('SCHOOL-ERP-Thana-Jhalokati-Nalchity','Nalchity','নলছিটি',null,'SCHOOL-ERP-Jhalokati','Active');
insert into "schoolerp".thana (oid, name_en, name_bn, website, district_oid, status) values ('SCHOOL-ERP-Thana-Jhalokati-Rajapur','Rajapur','রাজাপুর',null,'SCHOOL-ERP-Jhalokati','Active');
insert into "schoolerp".thana (oid, name_en, name_bn, website, district_oid, status) values ('SCHOOL-ERP-Thana-Jhalokati-Kotwali-(S)','Kotwali (S)','কোতোয়ালি (এস)',null,'SCHOOL-ERP-Barisal','Active');
insert into "schoolerp".thana (oid, name_en, name_bn, website, district_oid, status) values ('SCHOOL-ERP-Thana-Barisal-Airport','Airport','বিমানবন্দর',null,'SCHOOL-ERP-Barisal','Active');
insert into "schoolerp".thana (oid, name_en, name_bn, website, district_oid, status) values ('SCHOOL-ERP-Thana-Barisal-Kawnia','Kawnia','কাউনিয়া',null,'SCHOOL-ERP-Barisal','Active');
insert into "schoolerp".thana (oid, name_en, name_bn, website, district_oid, status) values ('SCHOOL-ERP-Thana-Barisal-Bandar','Bandar','বান্দর',null,'SCHOOL-ERP-Barisal','Active');
insert into "schoolerp".thana (oid, name_en, name_bn, website, district_oid, status) values ('SCHOOL-ERP-Thana-Barisal-Rupatali','Rupatali','রূপাতলী',null,'SCHOOL-ERP-Barisal','Active');
insert into "schoolerp".thana (oid, name_en, name_bn, website, district_oid, status) values ('SCHOOL-ERP-Thana-Barisal-University','University','বিশ্ববিদ্যালয়',null,'SCHOOL-ERP-Barisal','Active');
insert into "schoolerp".thana (oid, name_en, name_bn, website, district_oid, status) values ('SCHOOL-ERP-Thana-Barisal-Char-Monai','Char Monai','চর মোনাই',null,'SCHOOL-ERP-Barisal','Active');
insert into "schoolerp".thana (oid, name_en, name_bn, website, district_oid, status) values ('SCHOOL-ERP-Thana-Barisal-Kashipur','Kashipur','কাশিপুর',null,'SCHOOL-ERP-Barisal','Active');
insert into "schoolerp".thana (oid, name_en, name_bn, website, district_oid, status) values ('SCHOOL-ERP-Thana-Barisal-Banari-Para','Banari Para','বানারী পাড়া',null,'SCHOOL-ERP-Barisal','Active');
insert into "schoolerp".thana (oid, name_en, name_bn, website, district_oid, status) values ('SCHOOL-ERP-Thana-Barisal-Agailjhara','Agailjhara','আগাইলঝাড়া',null,'SCHOOL-ERP-Barisal','Active');
insert into "schoolerp".thana (oid, name_en, name_bn, website, district_oid, status) values ('SCHOOL-ERP-Thana-Barisal-Babuganj','Babuganj','বাবুগঞ্জ',null,'SCHOOL-ERP-Barisal','Active');
insert into "schoolerp".thana (oid, name_en, name_bn, website, district_oid, status) values ('SCHOOL-ERP-Thana-Barisal-Gaurnadi','Gaurnadi','গৌরনদী',null,'SCHOOL-ERP-Barisal','Active');
insert into "schoolerp".thana (oid, name_en, name_bn, website, district_oid, status) values ('SCHOOL-ERP-Thana-Barisal-Hizla','Hizla','হিজলা',null,'SCHOOL-ERP-Barisal','Active');
insert into "schoolerp".thana (oid, name_en, name_bn, website, district_oid, status) values ('SCHOOL-ERP-Thana-Barisal-Mhendiganj','Mhendiganj','মেহেন্দিগঞ্জ',null,'SCHOOL-ERP-Barisal','Active');
insert into "schoolerp".thana (oid, name_en, name_bn, website, district_oid, status) values ('SCHOOL-ERP-Thana-Barisal-Muladi','Muladi','মুলাদি',null,'SCHOOL-ERP-Barisal','Active');
insert into "schoolerp".thana (oid, name_en, name_bn, website, district_oid, status) values ('SCHOOL-ERP-Thana-Barisal-Bakerganj','Bakerganj','বাকেরগঞ্জ',null,'SCHOOL-ERP-Barisal','Active');
insert into "schoolerp".thana (oid, name_en, name_bn, website, district_oid, status) values ('SCHOOL-ERP-Thana-Barisal-Wazirpur','Wazirpur','উজিরপুর',null,'SCHOOL-ERP-Barisal','Active');
insert into "schoolerp".thana (oid, name_en, name_bn, website, district_oid, status) values ('SCHOOL-ERP-Thana-Barisal-Bauphal','Bauphal','বাউফল',null,'SCHOOL-ERP-Patuakhali','Active');
insert into "schoolerp".thana (oid, name_en, name_bn, website, district_oid, status) values ('SCHOOL-ERP-Thana-Patuakhali-Dashmina','Dashmina','দশমিনা',null,'SCHOOL-ERP-Patuakhali','Active');
insert into "schoolerp".thana (oid, name_en, name_bn, website, district_oid, status) values ('SCHOOL-ERP-Thana-Patuakhali-Dumki','Dumki','দুমকি',null,'SCHOOL-ERP-Patuakhali','Active');
insert into "schoolerp".thana (oid, name_en, name_bn, website, district_oid, status) values ('SCHOOL-ERP-Thana-Patuakhali-Galachipa','Galachipa','গলাচিপা',null,'SCHOOL-ERP-Patuakhali','Active');
insert into "schoolerp".thana (oid, name_en, name_bn, website, district_oid, status) values ('SCHOOL-ERP-Thana-Patuakhali-Kalapara','Kalapara','কলাপাড়া',null,'SCHOOL-ERP-Patuakhali','Active');
insert into "schoolerp".thana (oid, name_en, name_bn, website, district_oid, status) values ('SCHOOL-ERP-Thana-Patuakhali-Mirzaganj','Mirzaganj','মির্জাগঞ্জ',null,'SCHOOL-ERP-Patuakhali','Active');
insert into "schoolerp".thana (oid, name_en, name_bn, website, district_oid, status) values ('SCHOOL-ERP-Thana-Patuakhali-Patuakhali-Sadar','Patuakhali Sadar','পটুয়াখালী সদর',null,'SCHOOL-ERP-Patuakhali','Active');
insert into "schoolerp".thana (oid, name_en, name_bn, website, district_oid, status) values ('SCHOOL-ERP-Thana-Patuakhali-Rangabali','Rangabali','রাঙ্গাবালি',null,'SCHOOL-ERP-Patuakhali','Active');
insert into "schoolerp".thana (oid, name_en, name_bn, website, district_oid, status) values ('SCHOOL-ERP-Thana-Patuakhali-Bhandaria','Bhandaria','ভান্ডারিয়া',null,'SCHOOL-ERP-Pirojpur','Active');
insert into "schoolerp".thana (oid, name_en, name_bn, website, district_oid, status) values ('SCHOOL-ERP-Thana-Pirojpur-Kawkhali','Kawkhali','কাউখালী',null,'SCHOOL-ERP-Pirojpur','Active');
insert into "schoolerp".thana (oid, name_en, name_bn, website, district_oid, status) values ('SCHOOL-ERP-Thana-Pirojpur-Mathbaria','Mathbaria','মঠবাড়িয়া',null,'SCHOOL-ERP-Pirojpur','Active');
insert into "schoolerp".thana (oid, name_en, name_bn, website, district_oid, status) values ('SCHOOL-ERP-Thana-Pirojpur-Nazirpur','Nazirpur','নাজিরপুর',null,'SCHOOL-ERP-Pirojpur','Active');
insert into "schoolerp".thana (oid, name_en, name_bn, website, district_oid, status) values ('SCHOOL-ERP-Thana-Pirojpur-Pirojpur-Sadar','Pirojpur Sadar','পিরোজপুর সদর',null,'SCHOOL-ERP-Pirojpur','Active');
insert into "schoolerp".thana (oid, name_en, name_bn, website, district_oid, status) values ('SCHOOL-ERP-Thana-Pirojpur-Nesarabad-(Swarupkati)','Nesarabad (Swarupkati)','নেছারাবাদ (স্বরূপকাটি)',null,'SCHOOL-ERP-Pirojpur','Active');
insert into "schoolerp".thana (oid, name_en, name_bn, website, district_oid, status) values ('SCHOOL-ERP-Thana-Pirojpur-Zianagar','Zianagar','জিয়ানগর',null,'SCHOOL-ERP-Pirojpur','Active');
insert into "schoolerp".thana (oid, name_en, name_bn, website, district_oid, status) values ('SCHOOL-ERP-Thana-Pirojpur-Bhola-Sadar','Bhola Sadar','ভোলা সদর',null,'SCHOOL-ERP-Bhola','Active');
insert into "schoolerp".thana (oid, name_en, name_bn, website, district_oid, status) values ('SCHOOL-ERP-Thana-Bhola-Burhanuddin','Burhanuddin','বুরহানউদ্দিন',null,'SCHOOL-ERP-Bhola','Active');
insert into "schoolerp".thana (oid, name_en, name_bn, website, district_oid, status) values ('SCHOOL-ERP-Thana-Bhola-Char-Fasson','Char Fasson','চর ফাসন',null,'SCHOOL-ERP-Bhola','Active');
insert into "schoolerp".thana (oid, name_en, name_bn, website, district_oid, status) values ('SCHOOL-ERP-Thana-Bhola-Daulat-Khan','Daulat Khan','দৌলত খান',null,'SCHOOL-ERP-Bhola','Active');
insert into "schoolerp".thana (oid, name_en, name_bn, website, district_oid, status) values ('SCHOOL-ERP-Thana-Bhola-Lalmohan','Lalmohan','লালমোহন',null,'SCHOOL-ERP-Bhola','Active');
insert into "schoolerp".thana (oid, name_en, name_bn, website, district_oid, status) values ('SCHOOL-ERP-Thana-Bhola-Manpura','Manpura','মনপুরা',null,'SCHOOL-ERP-Bhola','Active');
insert into "schoolerp".thana (oid, name_en, name_bn, website, district_oid, status) values ('SCHOOL-ERP-Thana-Bhola-Tazumuddin','Tazumuddin','তজুমদ্দিন',null,'SCHOOL-ERP-Bhola','Active');
insert into "schoolerp".thana (oid, name_en, name_bn, website, district_oid, status) values ('SCHOOL-ERP-Thana-Bhola-Brahmanbaria-Sadar','Brahmanbaria Sadar','ব্রাহ্মণবাড়িয়া সদর',null,'SCHOOL-ERP-Brahmanbaria','Active');
insert into "schoolerp".thana (oid, name_en, name_bn, website, district_oid, status) values ('SCHOOL-ERP-Thana-Brahmanbaria-Akhaura','Akhaura','আখাউড়া',null,'SCHOOL-ERP-Brahmanbaria','Active');
insert into "schoolerp".thana (oid, name_en, name_bn, website, district_oid, status) values ('SCHOOL-ERP-Thana-Brahmanbaria-Ashuganj','Ashuganj','আশুগঞ্জ',null,'SCHOOL-ERP-Brahmanbaria','Active');
insert into "schoolerp".thana (oid, name_en, name_bn, website, district_oid, status) values ('SCHOOL-ERP-Thana-Brahmanbaria-Banchharampur','Banchharampur','বাঞ্ছারামপুর',null,'SCHOOL-ERP-Brahmanbaria','Active');
insert into "schoolerp".thana (oid, name_en, name_bn, website, district_oid, status) values ('SCHOOL-ERP-Thana-Brahmanbaria-Kasba','Kasba','কসবা',null,'SCHOOL-ERP-Brahmanbaria','Active');
insert into "schoolerp".thana (oid, name_en, name_bn, website, district_oid, status) values ('SCHOOL-ERP-Thana-Brahmanbaria-Bijoynagar','Bijoynagar','বিজয়নগর',null,'SCHOOL-ERP-Brahmanbaria','Active');
insert into "schoolerp".thana (oid, name_en, name_bn, website, district_oid, status) values ('SCHOOL-ERP-Thana-Brahmanbaria-Nabinagar','Nabinagar','নবীনগর',null,'SCHOOL-ERP-Brahmanbaria','Active');
insert into "schoolerp".thana (oid, name_en, name_bn, website, district_oid, status) values ('SCHOOL-ERP-Thana-Brahmanbaria-Nasirnagar','Nasirnagar','নাসিরনগর',null,'SCHOOL-ERP-Brahmanbaria','Active');
insert into "schoolerp".thana (oid, name_en, name_bn, website, district_oid, status) values ('SCHOOL-ERP-Thana-Brahmanbaria-Sarail','Sarail','সরাইল',null,'SCHOOL-ERP-Brahmanbaria','Active');
insert into "schoolerp".thana (oid, name_en, name_bn, website, district_oid, status) values ('SCHOOL-ERP-Thana-Brahmanbaria-Chandpur-Sadar','Chandpur Sadar','চাঁদপুর সদর',null,'SCHOOL-ERP-Chandpur','Active');
insert into "schoolerp".thana (oid, name_en, name_bn, website, district_oid, status) values ('SCHOOL-ERP-Thana-Chandpur-Faridganj','Faridganj','ফরিদগঞ্জ',null,'SCHOOL-ERP-Chandpur','Active');
insert into "schoolerp".thana (oid, name_en, name_bn, website, district_oid, status) values ('SCHOOL-ERP-Thana-Chandpur-Haim-Char','Haim Char','হাইম চর',null,'SCHOOL-ERP-Chandpur','Active');
insert into "schoolerp".thana (oid, name_en, name_bn, website, district_oid, status) values ('SCHOOL-ERP-Thana-Chandpur-Hajiganj','Hajiganj','হাজীগঞ্জ',null,'SCHOOL-ERP-Chandpur','Active');
insert into "schoolerp".thana (oid, name_en, name_bn, website, district_oid, status) values ('SCHOOL-ERP-Thana-Chandpur-Kachua','Kachua','কচুয়া',null,'SCHOOL-ERP-Chandpur','Active');
insert into "schoolerp".thana (oid, name_en, name_bn, website, district_oid, status) values ('SCHOOL-ERP-Thana-Chandpur-Matlab-Dakshin','Matlab Dakshin','মতলব দক্ষিণ',null,'SCHOOL-ERP-Chandpur','Active');
insert into "schoolerp".thana (oid, name_en, name_bn, website, district_oid, status) values ('SCHOOL-ERP-Thana-Chandpur-Matlab-Uttar','Matlab Uttar','মতলব উত্তর',null,'SCHOOL-ERP-Chandpur','Active');
insert into "schoolerp".thana (oid, name_en, name_bn, website, district_oid, status) values ('SCHOOL-ERP-Thana-Chandpur-Shahrasti','Shahrasti','শাহরাস্তি',null,'SCHOOL-ERP-Chandpur','Active');
insert into "schoolerp".thana (oid, name_en, name_bn, website, district_oid, status) values ('SCHOOL-ERP-Thana-Chandpur-Chittagong-Kotwali','Chittagong Kotwali','চট্টগ্রাম কোতয়ালী',null,'SCHOOL-ERP-Chittagong','Active');
insert into "schoolerp".thana (oid, name_en, name_bn, website, district_oid, status) values ('SCHOOL-ERP-Thana-Chittagong-Chandgaon','Chandgaon','চান্দগাঁও',null,'SCHOOL-ERP-Chittagong','Active');
insert into "schoolerp".thana (oid, name_en, name_bn, website, district_oid, status) values ('SCHOOL-ERP-Thana-Chittagong-Halishahar','Halishahar','হালিশহর',null,'SCHOOL-ERP-Chittagong','Active');
insert into "schoolerp".thana (oid, name_en, name_bn, website, district_oid, status) values ('SCHOOL-ERP-Thana-Chittagong-Khulshi','Khulshi','খুলশী',null,'SCHOOL-ERP-Chittagong','Active');
insert into "schoolerp".thana (oid, name_en, name_bn, website, district_oid, status) values ('SCHOOL-ERP-Thana-Chittagong-Karnafuli','Karnafuli','কর্ণফুলী',null,'SCHOOL-ERP-Chittagong','Active');
insert into "schoolerp".thana (oid, name_en, name_bn, website, district_oid, status) values ('SCHOOL-ERP-Thana-Chittagong-Pahartali','Pahartali','পাহাড়তলী',null,'SCHOOL-ERP-Chittagong','Active');
insert into "schoolerp".thana (oid, name_en, name_bn, website, district_oid, status) values ('SCHOOL-ERP-Thana-Chittagong-Panchlaish','Panchlaish','পাঁচলাইশ',null,'SCHOOL-ERP-Chittagong','Active');
insert into "schoolerp".thana (oid, name_en, name_bn, website, district_oid, status) values ('SCHOOL-ERP-Thana-Chittagong-Bayejid-Bostami','Bayejid Bostami','বায়েজিদ বোস্তামী',null,'SCHOOL-ERP-Chittagong','Active');
insert into "schoolerp".thana (oid, name_en, name_bn, website, district_oid, status) values ('SCHOOL-ERP-Thana-Chittagong-Patenga','Patenga','পতেঙ্গা',null,'SCHOOL-ERP-Chittagong','Active');
insert into "schoolerp".thana (oid, name_en, name_bn, website, district_oid, status) values ('SCHOOL-ERP-Thana-Chittagong-Akbar-Shah','Akbar Shah','আকবর শাহ',null,'SCHOOL-ERP-Chittagong','Active');
insert into "schoolerp".thana (oid, name_en, name_bn, website, district_oid, status) values ('SCHOOL-ERP-Thana-Chittagong-Chawk-Bazar','Chawk Bazar','চক বাজার',null,'SCHOOL-ERP-Chittagong','Active');
insert into "schoolerp".thana (oid, name_en, name_bn, website, district_oid, status) values ('SCHOOL-ERP-Thana-Chittagong-Bakalia','Bakalia','বাকালিয়া',null,'SCHOOL-ERP-Chittagong','Active');
insert into "schoolerp".thana (oid, name_en, name_bn, website, district_oid, status) values ('SCHOOL-ERP-Thana-Chittagong-Sadarghat','Sadarghat','সদরঘাট',null,'SCHOOL-ERP-Chittagong','Active');
insert into "schoolerp".thana (oid, name_en, name_bn, website, district_oid, status) values ('SCHOOL-ERP-Thana-Chittagong-Double-Mooring','Double Mooring','ডবল মুরিং',null,'SCHOOL-ERP-Chittagong','Active');
insert into "schoolerp".thana (oid, name_en, name_bn, website, district_oid, status) values ('SCHOOL-ERP-Thana-Chittagong-EPZ','EPZ','ইপিজেড',null,'SCHOOL-ERP-Chittagong','Active');
insert into "schoolerp".thana (oid, name_en, name_bn, website, district_oid, status) values ('SCHOOL-ERP-Thana-Chittagong-Bandar','Bandar','বান্দর',null,'SCHOOL-ERP-Chittagong','Active');
insert into "schoolerp".thana (oid, name_en, name_bn, website, district_oid, status) values ('SCHOOL-ERP-Thana-Chittagong-Lohagara','Lohagara','লোহাগাড়া',null,'SCHOOL-ERP-Chittagong','Active');
insert into "schoolerp".thana (oid, name_en, name_bn, website, district_oid, status) values ('SCHOOL-ERP-Thana-Chittagong-Boalkhali','Boalkhali','বোয়ালখালী',null,'SCHOOL-ERP-Chittagong','Active');
insert into "schoolerp".thana (oid, name_en, name_bn, website, district_oid, status) values ('SCHOOL-ERP-Thana-Chittagong-Chandanaish','Chandanaish','চন্দনাইশ',null,'SCHOOL-ERP-Chittagong','Active');
insert into "schoolerp".thana (oid, name_en, name_bn, website, district_oid, status) values ('SCHOOL-ERP-Thana-Chittagong-Fatikchhari','Fatikchhari','ফটিকছড়ি',null,'SCHOOL-ERP-Chittagong','Active');
insert into "schoolerp".thana (oid, name_en, name_bn, website, district_oid, status) values ('SCHOOL-ERP-Thana-Chittagong-Vujpur','Vujpur','ভুজপুর',null,'SCHOOL-ERP-Chittagong','Active');
insert into "schoolerp".thana (oid, name_en, name_bn, website, district_oid, status) values ('SCHOOL-ERP-Thana-Chittagong-Hathazari','Hathazari','হাটহাজারী',null,'SCHOOL-ERP-Chittagong','Active');
insert into "schoolerp".thana (oid, name_en, name_bn, website, district_oid, status) values ('SCHOOL-ERP-Thana-Chittagong-Anowara','Anowara','আনোয়ারা',null,'SCHOOL-ERP-Chittagong','Active');
insert into "schoolerp".thana (oid, name_en, name_bn, website, district_oid, status) values ('SCHOOL-ERP-Thana-Chittagong-Mirsharai','Mirsharai','মিরসরাই',null,'SCHOOL-ERP-Chittagong','Active');
insert into "schoolerp".thana (oid, name_en, name_bn, website, district_oid, status) values ('SCHOOL-ERP-Thana-Chittagong-Jorarganj','Jorarganj','জোরারগঞ্জ',null,'SCHOOL-ERP-Chittagong','Active');
insert into "schoolerp".thana (oid, name_en, name_bn, website, district_oid, status) values ('SCHOOL-ERP-Thana-Chittagong-Patiya','Patiya','পটিয়া',null,'SCHOOL-ERP-Chittagong','Active');
insert into "schoolerp".thana (oid, name_en, name_bn, website, district_oid, status) values ('SCHOOL-ERP-Thana-Chittagong-Rangunia','Rangunia','রাঙ্গুনিয়া',null,'SCHOOL-ERP-Chittagong','Active');
insert into "schoolerp".thana (oid, name_en, name_bn, website, district_oid, status) values ('SCHOOL-ERP-Thana-Chittagong-Raozan','Raozan','রাউজান',null,'SCHOOL-ERP-Chittagong','Active');
insert into "schoolerp".thana (oid, name_en, name_bn, website, district_oid, status) values ('SCHOOL-ERP-Thana-Chittagong-Sandwip','Sandwip','সন্দ্বীপ',null,'SCHOOL-ERP-Chittagong','Active');
insert into "schoolerp".thana (oid, name_en, name_bn, website, district_oid, status) values ('SCHOOL-ERP-Thana-Chittagong-Banshkhali','Banshkhali','বাঁশখালী',null,'SCHOOL-ERP-Chittagong','Active');
insert into "schoolerp".thana (oid, name_en, name_bn, website, district_oid, status) values ('SCHOOL-ERP-Thana-Chittagong-Satkania','Satkania','সাতকানিয়া',null,'SCHOOL-ERP-Chittagong','Active');
insert into "schoolerp".thana (oid, name_en, name_bn, website, district_oid, status) values ('SCHOOL-ERP-Thana-Chittagong-Sitakunda','Sitakunda','সীতাকুণ্ড',null,'SCHOOL-ERP-Chittagong','Active');
insert into "schoolerp".thana (oid, name_en, name_bn, website, district_oid, status) values ('SCHOOL-ERP-Thana-Chittagong-Lalmai','Lalmai','লালমাই',null,'SCHOOL-ERP-Comilla','Active');
insert into "schoolerp".thana (oid, name_en, name_bn, website, district_oid, status) values ('SCHOOL-ERP-Thana-Comilla-Brahman-Para','Brahman Para','ব্রাহ্মণ পাড়া',null,'SCHOOL-ERP-Comilla','Active');
insert into "schoolerp".thana (oid, name_en, name_bn, website, district_oid, status) values ('SCHOOL-ERP-Thana-Comilla-Burichang','Burichang','বুড়িচং',null,'SCHOOL-ERP-Comilla','Active');
insert into "schoolerp".thana (oid, name_en, name_bn, website, district_oid, status) values ('SCHOOL-ERP-Thana-Comilla-Chandina','Chandina','চান্দিনা',null,'SCHOOL-ERP-Comilla','Active');
insert into "schoolerp".thana (oid, name_en, name_bn, website, district_oid, status) values ('SCHOOL-ERP-Thana-Comilla-Chauddagram','Chauddagram','চৌদ্দগ্রাম',null,'SCHOOL-ERP-Comilla','Active');
insert into "schoolerp".thana (oid, name_en, name_bn, website, district_oid, status) values ('SCHOOL-ERP-Thana-Comilla-Sadar-(South)','Sadar (South)','সদর (দক্ষিণ)',null,'SCHOOL-ERP-Comilla','Active');
insert into "schoolerp".thana (oid, name_en, name_bn, website, district_oid, status) values ('SCHOOL-ERP-Thana-Comilla-Daudkandi','Daudkandi','দাউদকান্দি',null,'SCHOOL-ERP-Comilla','Active');
insert into "schoolerp".thana (oid, name_en, name_bn, website, district_oid, status) values ('SCHOOL-ERP-Thana-Comilla-Debidwar','Debidwar','দেবিদ্বার',null,'SCHOOL-ERP-Comilla','Active');
insert into "schoolerp".thana (oid, name_en, name_bn, website, district_oid, status) values ('SCHOOL-ERP-Thana-Comilla-Homna','Homna','হোমনা',null,'SCHOOL-ERP-Comilla','Active');
insert into "schoolerp".thana (oid, name_en, name_bn, website, district_oid, status) values ('SCHOOL-ERP-Thana-Comilla-Sadar','Sadar','সদর',null,'SCHOOL-ERP-Comilla','Active');
insert into "schoolerp".thana (oid, name_en, name_bn, website, district_oid, status) values ('SCHOOL-ERP-Thana-Comilla-Laksam','Laksam','লাকসাম',null,'SCHOOL-ERP-Comilla','Active');
insert into "schoolerp".thana (oid, name_en, name_bn, website, district_oid, status) values ('SCHOOL-ERP-Thana-Comilla-Manoharganj','Manoharganj','মনোহরগঞ্জ',null,'SCHOOL-ERP-Comilla','Active');
insert into "schoolerp".thana (oid, name_en, name_bn, website, district_oid, status) values ('SCHOOL-ERP-Thana-Comilla-Meghna','Meghna','মেঘনা',null,'SCHOOL-ERP-Comilla','Active');
insert into "schoolerp".thana (oid, name_en, name_bn, website, district_oid, status) values ('SCHOOL-ERP-Thana-Comilla-Muradnagar','Muradnagar','মুরাদনগর',null,'SCHOOL-ERP-Comilla','Active');
insert into "schoolerp".thana (oid, name_en, name_bn, website, district_oid, status) values ('SCHOOL-ERP-Thana-Comilla-Bangara-Bazar','Bangara Bazar','বাঙ্গারা বাজার',null,'SCHOOL-ERP-Comilla','Active');
insert into "schoolerp".thana (oid, name_en, name_bn, website, district_oid, status) values ('SCHOOL-ERP-Thana-Comilla-Nangalkot','Nangalkot','নাঙ্গলকোট',null,'SCHOOL-ERP-Comilla','Active');
insert into "schoolerp".thana (oid, name_en, name_bn, website, district_oid, status) values ('SCHOOL-ERP-Thana-Comilla-Barura','Barura','বরুড়া',null,'SCHOOL-ERP-Comilla','Active');
insert into "schoolerp".thana (oid, name_en, name_bn, website, district_oid, status) values ('SCHOOL-ERP-Thana-Comilla-Titas','Titas','তিতাস',null,'SCHOOL-ERP-Comilla','Active');
insert into "schoolerp".thana (oid, name_en, name_bn, website, district_oid, status) values ('SCHOOL-ERP-Thana-Comilla-Chakaria','Chakaria','চকরিয়া',null,'SCHOOL-ERP-Coxs-Bazar','Active');
insert into "schoolerp".thana (oid, name_en, name_bn, website, district_oid, status) values ('SCHOOL-ERP-Thana-Coxs-Bazar-Coxs-Bazar-Sadar','Cox''S Bazar Sadar','কক্সবাজার সদর',null,'SCHOOL-ERP-Coxs-Bazar','Active');
insert into "schoolerp".thana (oid, name_en, name_bn, website, district_oid, status) values ('SCHOOL-ERP-Thana-Coxs-Bazar-Kutubdia','Kutubdia','কুতুবদিয়া',null,'SCHOOL-ERP-Coxs-Bazar','Active');
insert into "schoolerp".thana (oid, name_en, name_bn, website, district_oid, status) values ('SCHOOL-ERP-Thana-Coxs-Bazar-Maheshkhali','Maheshkhali','মহেশখালী',null,'SCHOOL-ERP-Coxs-Bazar','Active');
insert into "schoolerp".thana (oid, name_en, name_bn, website, district_oid, status) values ('SCHOOL-ERP-Thana-Coxs-Bazar-Pekua','Pekua','পেকুয়া',null,'SCHOOL-ERP-Coxs-Bazar','Active');
insert into "schoolerp".thana (oid, name_en, name_bn, website, district_oid, status) values ('SCHOOL-ERP-Thana-Coxs-Bazar-Ramu','Ramu','রামু',null,'SCHOOL-ERP-Coxs-Bazar','Active');
insert into "schoolerp".thana (oid, name_en, name_bn, website, district_oid, status) values ('SCHOOL-ERP-Thana-Coxs-Bazar-Teknaf','Teknaf','টেকনাফ',null,'SCHOOL-ERP-Coxs-Bazar','Active');
insert into "schoolerp".thana (oid, name_en, name_bn, website, district_oid, status) values ('SCHOOL-ERP-Thana-Coxs-Bazar-Ukhia','Ukhia','উখিয়া',null,'SCHOOL-ERP-Coxs-Bazar','Active');
insert into "schoolerp".thana (oid, name_en, name_bn, website, district_oid, status) values ('SCHOOL-ERP-Thana-Coxs-Bazar-Bandarban-Sadar','Bandarban Sadar','বান্দরবান সদর',null,'SCHOOL-ERP-Bandarban','Active');
insert into "schoolerp".thana (oid, name_en, name_bn, website, district_oid, status) values ('SCHOOL-ERP-Thana-Bandarban-Alikadam','Alikadam','আলীকদম',null,'SCHOOL-ERP-Bandarban','Active');
insert into "schoolerp".thana (oid, name_en, name_bn, website, district_oid, status) values ('SCHOOL-ERP-Thana-Bandarban-Lama','Lama','লামা',null,'SCHOOL-ERP-Bandarban','Active');
insert into "schoolerp".thana (oid, name_en, name_bn, website, district_oid, status) values ('SCHOOL-ERP-Thana-Bandarban-Naikhongchhari','Naikhongchhari','নাইক্ষংছড়ি',null,'SCHOOL-ERP-Bandarban','Active');
insert into "schoolerp".thana (oid, name_en, name_bn, website, district_oid, status) values ('SCHOOL-ERP-Thana-Bandarban-Rowangchhari','Rowangchhari','রোয়াংছড়ি',null,'SCHOOL-ERP-Bandarban','Active');
insert into "schoolerp".thana (oid, name_en, name_bn, website, district_oid, status) values ('SCHOOL-ERP-Thana-Bandarban-Ruma','Ruma','রুমা',null,'SCHOOL-ERP-Bandarban','Active');
insert into "schoolerp".thana (oid, name_en, name_bn, website, district_oid, status) values ('SCHOOL-ERP-Thana-Bandarban-Thanchi','Thanchi','থানচি',null,'SCHOOL-ERP-Bandarban','Active');
insert into "schoolerp".thana (oid, name_en, name_bn, website, district_oid, status) values ('SCHOOL-ERP-Thana-Bandarban-Chhagalnaiya','Chhagalnaiya','ছাগলনাইয়া',null,'SCHOOL-ERP-Feni','Active');
insert into "schoolerp".thana (oid, name_en, name_bn, website, district_oid, status) values ('SCHOOL-ERP-Thana-Feni-Daganbhuiyan','Daganbhuiyan','দাগনভূঁইয়া',null,'SCHOOL-ERP-Feni','Active');
insert into "schoolerp".thana (oid, name_en, name_bn, website, district_oid, status) values ('SCHOOL-ERP-Thana-Feni-Feni-Sadar','Feni Sadar','ফেনী সদর',null,'SCHOOL-ERP-Feni','Active');
insert into "schoolerp".thana (oid, name_en, name_bn, website, district_oid, status) values ('SCHOOL-ERP-Thana-Feni-Fulgazi','Fulgazi','ফুলগাজী',null,'SCHOOL-ERP-Feni','Active');
insert into "schoolerp".thana (oid, name_en, name_bn, website, district_oid, status) values ('SCHOOL-ERP-Thana-Feni-Parshuram','Parshuram','পরশুরাম',null,'SCHOOL-ERP-Feni','Active');
insert into "schoolerp".thana (oid, name_en, name_bn, website, district_oid, status) values ('SCHOOL-ERP-Thana-Feni-Sonagazi','Sonagazi','সোনাগাজী',null,'SCHOOL-ERP-Feni','Active');
insert into "schoolerp".thana (oid, name_en, name_bn, website, district_oid, status) values ('SCHOOL-ERP-Thana-Feni-Khagrachhari-Sadar','Khagrachhari Sadar','খাগড়াছড়ি সদর',null,'SCHOOL-ERP-Khagrachhari','Active');
insert into "schoolerp".thana (oid, name_en, name_bn, website, district_oid, status) values ('SCHOOL-ERP-Thana-Khagrachhari-Dighinala','Dighinala','দীঘিনালা',null,'SCHOOL-ERP-Khagrachhari','Active');
insert into "schoolerp".thana (oid, name_en, name_bn, website, district_oid, status) values ('SCHOOL-ERP-Thana-Khagrachhari-Laxmichhari','Laxmichhari','লক্ষ্মীছড়ি',null,'SCHOOL-ERP-Khagrachhari','Active');
insert into "schoolerp".thana (oid, name_en, name_bn, website, district_oid, status) values ('SCHOOL-ERP-Thana-Khagrachhari-Mahalchhari','Mahalchhari','মহালছড়ি',null,'SCHOOL-ERP-Khagrachhari','Active');
insert into "schoolerp".thana (oid, name_en, name_bn, website, district_oid, status) values ('SCHOOL-ERP-Thana-Khagrachhari-Manikchhari','Manikchhari','মানিকছড়ি',null,'SCHOOL-ERP-Khagrachhari','Active');
insert into "schoolerp".thana (oid, name_en, name_bn, website, district_oid, status) values ('SCHOOL-ERP-Thana-Khagrachhari-Matiranga','Matiranga','মাটিরাঙ্গা',null,'SCHOOL-ERP-Khagrachhari','Active');
insert into "schoolerp".thana (oid, name_en, name_bn, website, district_oid, status) values ('SCHOOL-ERP-Thana-Khagrachhari-Panchhari','Panchhari','পানছড়ি',null,'SCHOOL-ERP-Khagrachhari','Active');
insert into "schoolerp".thana (oid, name_en, name_bn, website, district_oid, status) values ('SCHOOL-ERP-Thana-Khagrachhari-Ramgarh','Ramgarh','রামগড়',null,'SCHOOL-ERP-Khagrachhari','Active');
insert into "schoolerp".thana (oid, name_en, name_bn, website, district_oid, status) values ('SCHOOL-ERP-Thana-Khagrachhari-Guimara','Guimara','গুইমারা',null,'SCHOOL-ERP-Khagrachhari','Active');
insert into "schoolerp".thana (oid, name_en, name_bn, website, district_oid, status) values ('SCHOOL-ERP-Thana-Khagrachhari-Kamalnagar','Kamalnagar','কমলনগর',null,'SCHOOL-ERP-Lakshmipur','Active');
insert into "schoolerp".thana (oid, name_en, name_bn, website, district_oid, status) values ('SCHOOL-ERP-Thana-Lakshmipur-Lakshmipur-Sadar','Lakshmipur Sadar','লক্ষ্মীপুর সদর',null,'SCHOOL-ERP-Lakshmipur','Active');
insert into "schoolerp".thana (oid, name_en, name_bn, website, district_oid, status) values ('SCHOOL-ERP-Thana-Lakshmipur-Raipur','Raipur','রায়পুর',null,'SCHOOL-ERP-Lakshmipur','Active');
insert into "schoolerp".thana (oid, name_en, name_bn, website, district_oid, status) values ('SCHOOL-ERP-Thana-Lakshmipur-Ramganj','Ramganj','রামগঞ্জ',null,'SCHOOL-ERP-Lakshmipur','Active');
insert into "schoolerp".thana (oid, name_en, name_bn, website, district_oid, status) values ('SCHOOL-ERP-Thana-Lakshmipur-Ramgati','Ramgati','রামগতি',null,'SCHOOL-ERP-Lakshmipur','Active');
insert into "schoolerp".thana (oid, name_en, name_bn, website, district_oid, status) values ('SCHOOL-ERP-Thana-Lakshmipur-Chatkhil','Chatkhil','চাটখিল',null,'SCHOOL-ERP-Noakhali','Active');
insert into "schoolerp".thana (oid, name_en, name_bn, website, district_oid, status) values ('SCHOOL-ERP-Thana-Noakhali-Companiganj','Companiganj','কোম্পানীগঞ্জ',null,'SCHOOL-ERP-Noakhali','Active');
insert into "schoolerp".thana (oid, name_en, name_bn, website, district_oid, status) values ('SCHOOL-ERP-Thana-Noakhali-Hatiya','Hatiya','হাতিয়া',null,'SCHOOL-ERP-Noakhali','Active');
insert into "schoolerp".thana (oid, name_en, name_bn, website, district_oid, status) values ('SCHOOL-ERP-Thana-Noakhali-Kabirhat','Kabirhat','কবিরহাট',null,'SCHOOL-ERP-Noakhali','Active');
insert into "schoolerp".thana (oid, name_en, name_bn, website, district_oid, status) values ('SCHOOL-ERP-Thana-Noakhali-Begumganj','Begumganj','বেগমগঞ্জ',null,'SCHOOL-ERP-Noakhali','Active');
insert into "schoolerp".thana (oid, name_en, name_bn, website, district_oid, status) values ('SCHOOL-ERP-Thana-Noakhali-Senbagh','Senbagh','সেনবাগ',null,'SCHOOL-ERP-Noakhali','Active');
insert into "schoolerp".thana (oid, name_en, name_bn, website, district_oid, status) values ('SCHOOL-ERP-Thana-Noakhali-Sonaimuri','Sonaimuri','সোনাইমুড়ি',null,'SCHOOL-ERP-Noakhali','Active');
insert into "schoolerp".thana (oid, name_en, name_bn, website, district_oid, status) values ('SCHOOL-ERP-Thana-Noakhali-Subarnachar','Subarnachar','সুবর্ণচর',null,'SCHOOL-ERP-Noakhali','Active');
insert into "schoolerp".thana (oid, name_en, name_bn, website, district_oid, status) values ('SCHOOL-ERP-Thana-Noakhali-Noakhali-Sadar','Noakhali Sadar','নোয়াখালী সদর',null,'SCHOOL-ERP-Noakhali','Active');
insert into "schoolerp".thana (oid, name_en, name_bn, website, district_oid, status) values ('SCHOOL-ERP-Thana-Noakhali-Barkal','Barkal','বরকল',null,'SCHOOL-ERP-Rangamati','Active');
insert into "schoolerp".thana (oid, name_en, name_bn, website, district_oid, status) values ('SCHOOL-ERP-Thana-Rangamati-Kawkhali-(Betbunia)','Kawkhali (Betbunia)','কাউখালী (বেতবুনিয়া)',null,'SCHOOL-ERP-Rangamati','Active');
insert into "schoolerp".thana (oid, name_en, name_bn, website, district_oid, status) values ('SCHOOL-ERP-Thana-Rangamati-Bilai-Chhari','Bilai Chhari','বিলাই ছড়ি',null,'SCHOOL-ERP-Rangamati','Active');
insert into "schoolerp".thana (oid, name_en, name_bn, website, district_oid, status) values ('SCHOOL-ERP-Thana-Rangamati-Kaptai','Kaptai','কাপ্তাই',null,'SCHOOL-ERP-Rangamati','Active');
insert into "schoolerp".thana (oid, name_en, name_bn, website, district_oid, status) values ('SCHOOL-ERP-Thana-Rangamati-JuraiChhari','JuraiChhari','জুরাইছড়ি',null,'SCHOOL-ERP-Rangamati','Active');
insert into "schoolerp".thana (oid, name_en, name_bn, website, district_oid, status) values ('SCHOOL-ERP-Thana-Rangamati-Langadu','Langadu','লংগাডু',null,'SCHOOL-ERP-Rangamati','Active');
insert into "schoolerp".thana (oid, name_en, name_bn, website, district_oid, status) values ('SCHOOL-ERP-Thana-Rangamati-Baghaichhari','Baghaichhari','বাঘাইছড়ি',null,'SCHOOL-ERP-Rangamati','Active');
insert into "schoolerp".thana (oid, name_en, name_bn, website, district_oid, status) values ('SCHOOL-ERP-Thana-Rangamati-Naniarchar','Naniarchar','নানিয়ারচর',null,'SCHOOL-ERP-Rangamati','Active');
insert into "schoolerp".thana (oid, name_en, name_bn, website, district_oid, status) values ('SCHOOL-ERP-Thana-Rangamati-Rajasthali','Rajasthali','রাজস্থলী',null,'SCHOOL-ERP-Rangamati','Active');
insert into "schoolerp".thana (oid, name_en, name_bn, website, district_oid, status) values ('SCHOOL-ERP-Thana-Rangamati-Rangamati-Sadar','Rangamati Sadar','রাঙামাটি সদর',null,'SCHOOL-ERP-Rangamati','Active');
insert into "schoolerp".thana (oid, name_en, name_bn, website, district_oid, status) values ('SCHOOL-ERP-Thana-Rangamati-Chandroghona','Chandroghona','চন্দ্রঘোনা',null,'SCHOOL-ERP-Rangamati','Active');
insert into "schoolerp".thana (oid, name_en, name_bn, website, district_oid, status) values ('SCHOOL-ERP-Thana-Rangamati-Sazek','Sazek','সাজেক',null,'SCHOOL-ERP-Rangamati','Active');
insert into "schoolerp".thana (oid, name_en, name_bn, website, district_oid, status) values ('SCHOOL-ERP-Thana-Rangamati-Dakshinkhan','Dakshinkhan','দক্ষিণখান',null,'SCHOOL-ERP-Dhaka','Active');
insert into "schoolerp".thana (oid, name_en, name_bn, website, district_oid, status) values ('SCHOOL-ERP-Thana-Dhaka-Darus-Salam','Darus Salam','দারুস সালাম',null,'SCHOOL-ERP-Dhaka','Active');
insert into "schoolerp".thana (oid, name_en, name_bn, website, district_oid, status) values ('SCHOOL-ERP-Thana-Dhaka-Demra','Demra','ডেমরা',null,'SCHOOL-ERP-Dhaka','Active');
insert into "schoolerp".thana (oid, name_en, name_bn, website, district_oid, status) values ('SCHOOL-ERP-Thana-Dhaka-Dhanmondi','Dhanmondi','ধানমন্ডি',null,'SCHOOL-ERP-Dhaka','Active');
insert into "schoolerp".thana (oid, name_en, name_bn, website, district_oid, status) values ('SCHOOL-ERP-Thana-Dhaka-Adabor','Adabor','আদাবর',null,'SCHOOL-ERP-Dhaka','Active');
insert into "schoolerp".thana (oid, name_en, name_bn, website, district_oid, status) values ('SCHOOL-ERP-Thana-Dhaka-Bhasan-Tek','Bhasan Tek','ভাসান টেক',null,'SCHOOL-ERP-Dhaka','Active');
insert into "schoolerp".thana (oid, name_en, name_bn, website, district_oid, status) values ('SCHOOL-ERP-Thana-Dhaka-Bhatara','Bhatara','ভাটারা',null,'SCHOOL-ERP-Dhaka','Active');
insert into "schoolerp".thana (oid, name_en, name_bn, website, district_oid, status) values ('SCHOOL-ERP-Thana-Dhaka-Gendaria','Gendaria','গেন্ডারিয়া',null,'SCHOOL-ERP-Dhaka','Active');
insert into "schoolerp".thana (oid, name_en, name_bn, website, district_oid, status) values ('SCHOOL-ERP-Thana-Dhaka-Gulshan','Gulshan','গুলশান',null,'SCHOOL-ERP-Dhaka','Active');
insert into "schoolerp".thana (oid, name_en, name_bn, website, district_oid, status) values ('SCHOOL-ERP-Thana-Dhaka-Hatirjheel','Hatirjheel','হাতিরঝিল',null,'SCHOOL-ERP-Dhaka','Active');
insert into "schoolerp".thana (oid, name_en, name_bn, website, district_oid, status) values ('SCHOOL-ERP-Thana-Dhaka-Hazaribagh','Hazaribagh','হাজারীবাগ',null,'SCHOOL-ERP-Dhaka','Active');
insert into "schoolerp".thana (oid, name_en, name_bn, website, district_oid, status) values ('SCHOOL-ERP-Thana-Dhaka-Jatrabari','Jatrabari','যাত্রাবাড়ী',null,'SCHOOL-ERP-Dhaka','Active');
insert into "schoolerp".thana (oid, name_en, name_bn, website, district_oid, status) values ('SCHOOL-ERP-Thana-Dhaka-Kafrul','Kafrul','কাফরুল',null,'SCHOOL-ERP-Dhaka','Active');
insert into "schoolerp".thana (oid, name_en, name_bn, website, district_oid, status) values ('SCHOOL-ERP-Thana-Dhaka-Kadamtali','Kadamtali','কদমতলী',null,'SCHOOL-ERP-Dhaka','Active');
insert into "schoolerp".thana (oid, name_en, name_bn, website, district_oid, status) values ('SCHOOL-ERP-Thana-Dhaka-Kalabagan','Kalabagan','কলাবাগান',null,'SCHOOL-ERP-Dhaka','Active');
insert into "schoolerp".thana (oid, name_en, name_bn, website, district_oid, status) values ('SCHOOL-ERP-Thana-Dhaka-Kamrangir-Char','Kamrangir Char','কামরাঙ্গীর চর',null,'SCHOOL-ERP-Dhaka','Active');
insert into "schoolerp".thana (oid, name_en, name_bn, website, district_oid, status) values ('SCHOOL-ERP-Thana-Dhaka-Khilgaon','Khilgaon','খিলগাঁও',null,'SCHOOL-ERP-Dhaka','Active');
insert into "schoolerp".thana (oid, name_en, name_bn, website, district_oid, status) values ('SCHOOL-ERP-Thana-Dhaka-Khilkhet','Khilkhet','খিলক্ষেত',null,'SCHOOL-ERP-Dhaka','Active');
insert into "schoolerp".thana (oid, name_en, name_bn, website, district_oid, status) values ('SCHOOL-ERP-Thana-Dhaka-Badda','Badda','বাড্ডা',null,'SCHOOL-ERP-Dhaka','Active');
insert into "schoolerp".thana (oid, name_en, name_bn, website, district_oid, status) values ('SCHOOL-ERP-Thana-Dhaka-Kotwali','Kotwali','কোতোয়ালি',null,'SCHOOL-ERP-Dhaka','Active');
insert into "schoolerp".thana (oid, name_en, name_bn, website, district_oid, status) values ('SCHOOL-ERP-Thana-Dhaka-Lalbagh','Lalbagh','লালবাগ',null,'SCHOOL-ERP-Dhaka','Active');
insert into "schoolerp".thana (oid, name_en, name_bn, website, district_oid, status) values ('SCHOOL-ERP-Thana-Dhaka-Mirpur','Mirpur','মিরপুর',null,'SCHOOL-ERP-Dhaka','Active');
insert into "schoolerp".thana (oid, name_en, name_bn, website, district_oid, status) values ('SCHOOL-ERP-Thana-Dhaka-Bangshal','Bangshal','বংশাল',null,'SCHOOL-ERP-Dhaka','Active');
insert into "schoolerp".thana (oid, name_en, name_bn, website, district_oid, status) values ('SCHOOL-ERP-Thana-Dhaka-Mohammadpur','Mohammadpur','মোহাম্মদপুর',null,'SCHOOL-ERP-Dhaka','Active');
insert into "schoolerp".thana (oid, name_en, name_bn, website, district_oid, status) values ('SCHOOL-ERP-Thana-Dhaka-Motijheel','Motijheel','মতিঝিল',null,'SCHOOL-ERP-Dhaka','Active');
insert into "schoolerp".thana (oid, name_en, name_bn, website, district_oid, status) values ('SCHOOL-ERP-Thana-Dhaka-Mugda-Para','Mugda Para','মুগদা পাড়া',null,'SCHOOL-ERP-Dhaka','Active');
insert into "schoolerp".thana (oid, name_en, name_bn, website, district_oid, status) values ('SCHOOL-ERP-Thana-Dhaka-Biman-Bandar','Biman Bandar','বিমান বন্দর',null,'SCHOOL-ERP-Dhaka','Active');
insert into "schoolerp".thana (oid, name_en, name_bn, website, district_oid, status) values ('SCHOOL-ERP-Thana-Dhaka-New-Market','New Market','নতুন বাজার',null,'SCHOOL-ERP-Dhaka','Active');
insert into "schoolerp".thana (oid, name_en, name_bn, website, district_oid, status) values ('SCHOOL-ERP-Thana-Dhaka-Pallabi','Pallabi','পল্লবী',null,'SCHOOL-ERP-Dhaka','Active');
insert into "schoolerp".thana (oid, name_en, name_bn, website, district_oid, status) values ('SCHOOL-ERP-Thana-Dhaka-Paltan','Paltan','পল্টন',null,'SCHOOL-ERP-Dhaka','Active');
insert into "schoolerp".thana (oid, name_en, name_bn, website, district_oid, status) values ('SCHOOL-ERP-Thana-Dhaka-Ramna','Ramna','রমনা',null,'SCHOOL-ERP-Dhaka','Active');
insert into "schoolerp".thana (oid, name_en, name_bn, website, district_oid, status) values ('SCHOOL-ERP-Thana-Dhaka-Rampura','Rampura','রামপুরা',null,'SCHOOL-ERP-Dhaka','Active');
insert into "schoolerp".thana (oid, name_en, name_bn, website, district_oid, status) values ('SCHOOL-ERP-Thana-Dhaka-Sabujbagh','Sabujbagh','সবুজবাগ',null,'SCHOOL-ERP-Dhaka','Active');
insert into "schoolerp".thana (oid, name_en, name_bn, website, district_oid, status) values ('SCHOOL-ERP-Thana-Dhaka-Banani','Banani','বনানী',null,'SCHOOL-ERP-Dhaka','Active');
insert into "schoolerp".thana (oid, name_en, name_bn, website, district_oid, status) values ('SCHOOL-ERP-Thana-Dhaka-Rupnagar','Rupnagar','রূপনগর',null,'SCHOOL-ERP-Dhaka','Active');
insert into "schoolerp".thana (oid, name_en, name_bn, website, district_oid, status) values ('SCHOOL-ERP-Thana-Dhaka-Shahjahanpur','Shahjahanpur','শাহজাহানপুর',null,'SCHOOL-ERP-Dhaka','Active');
insert into "schoolerp".thana (oid, name_en, name_bn, website, district_oid, status) values ('SCHOOL-ERP-Thana-Dhaka-Shah-Ali','Shah Ali','শাহ আলী',null,'SCHOOL-ERP-Dhaka','Active');
insert into "schoolerp".thana (oid, name_en, name_bn, website, district_oid, status) values ('SCHOOL-ERP-Thana-Dhaka-Shahbagh','Shahbagh','শাহবাগ',null,'SCHOOL-ERP-Dhaka','Active');
insert into "schoolerp".thana (oid, name_en, name_bn, website, district_oid, status) values ('SCHOOL-ERP-Thana-Dhaka-Shyampur','Shyampur','শ্যামপুর',null,'SCHOOL-ERP-Dhaka','Active');
insert into "schoolerp".thana (oid, name_en, name_bn, website, district_oid, status) values ('SCHOOL-ERP-Thana-Dhaka-Cantonment','Cantonment','ক্যান্টনমেন্ট',null,'SCHOOL-ERP-Dhaka','Active');
insert into "schoolerp".thana (oid, name_en, name_bn, website, district_oid, status) values ('SCHOOL-ERP-Thana-Dhaka-Sher-E-Bangla-Nagar','Sher-E-Bangla Nagar','শেরেবাংলা নগর',null,'SCHOOL-ERP-Dhaka','Active');
insert into "schoolerp".thana (oid, name_en, name_bn, website, district_oid, status) values ('SCHOOL-ERP-Thana-Dhaka-Sutrapur','Sutrapur','সূত্রাপুর',null,'SCHOOL-ERP-Dhaka','Active');
insert into "schoolerp".thana (oid, name_en, name_bn, website, district_oid, status) values ('SCHOOL-ERP-Thana-Dhaka-Chak-Bazar','Chak Bazar','চক বাজার',null,'SCHOOL-ERP-Dhaka','Active');
insert into "schoolerp".thana (oid, name_en, name_bn, website, district_oid, status) values ('SCHOOL-ERP-Thana-Dhaka-Tejgaon','Tejgaon','তেজগাঁও',null,'SCHOOL-ERP-Dhaka','Active');
insert into "schoolerp".thana (oid, name_en, name_bn, website, district_oid, status) values ('SCHOOL-ERP-Thana-Dhaka-Tejgaon-Ind.-Area','Tejgaon Ind. Area','তেজগাঁও ইন্ডাস্ট্রি এলাকা',null,'SCHOOL-ERP-Dhaka','Active');
insert into "schoolerp".thana (oid, name_en, name_bn, website, district_oid, status) values ('SCHOOL-ERP-Thana-Dhaka-Turag','Turag','তুরাগ',null,'SCHOOL-ERP-Dhaka','Active');
insert into "schoolerp".thana (oid, name_en, name_bn, website, district_oid, status) values ('SCHOOL-ERP-Thana-Dhaka-Uttara-Paschim','Uttara Paschim','উত্তরা পশ্চিম',null,'SCHOOL-ERP-Dhaka','Active');
insert into "schoolerp".thana (oid, name_en, name_bn, website, district_oid, status) values ('SCHOOL-ERP-Thana-Dhaka-Uttara-Purba','Uttara Purba','উত্তরা পূর্বা',null,'SCHOOL-ERP-Dhaka','Active');
insert into "schoolerp".thana (oid, name_en, name_bn, website, district_oid, status) values ('SCHOOL-ERP-Thana-Dhaka-Uttar-Khan','Uttar Khan','উত্তর খান',null,'SCHOOL-ERP-Dhaka','Active');
insert into "schoolerp".thana (oid, name_en, name_bn, website, district_oid, status) values ('SCHOOL-ERP-Thana-Dhaka-Wari','Wari','ওয়ারী',null,'SCHOOL-ERP-Dhaka','Active');
insert into "schoolerp".thana (oid, name_en, name_bn, website, district_oid, status) values ('SCHOOL-ERP-Thana-Dhaka-Dhamrai','Dhamrai','ধামরাই',null,'SCHOOL-ERP-Dhaka','Active');
insert into "schoolerp".thana (oid, name_en, name_bn, website, district_oid, status) values ('SCHOOL-ERP-Thana-Dhaka-Dohar','Dohar','দোহার',null,'SCHOOL-ERP-Dhaka','Active');
insert into "schoolerp".thana (oid, name_en, name_bn, website, district_oid, status) values ('SCHOOL-ERP-Thana-Dhaka-Keraniganj','Keraniganj','কেরানীগঞ্জ',null,'SCHOOL-ERP-Dhaka','Active');
insert into "schoolerp".thana (oid, name_en, name_bn, website, district_oid, status) values ('SCHOOL-ERP-Thana-Dhaka-Nawabganj','Nawabganj','নবাবগঞ্জ',null,'SCHOOL-ERP-Dhaka','Active');
insert into "schoolerp".thana (oid, name_en, name_bn, website, district_oid, status) values ('SCHOOL-ERP-Thana-Dhaka-Savar','Savar','সাভার',null,'SCHOOL-ERP-Dhaka','Active');
insert into "schoolerp".thana (oid, name_en, name_bn, website, district_oid, status) values ('SCHOOL-ERP-Thana-Dhaka-Ashulia','Ashulia','আশুলিয়া',null,'SCHOOL-ERP-Dhaka','Active');
insert into "schoolerp".thana (oid, name_en, name_bn, website, district_oid, status) values ('SCHOOL-ERP-Thana-Dhaka-Keraniganj-(South)','Keraniganj (South)','কেরানীগঞ্জ (দক্ষিণ)',null,'SCHOOL-ERP-Dhaka','Active');
insert into "schoolerp".thana (oid, name_en, name_bn, website, district_oid, status) values ('SCHOOL-ERP-Thana-Dhaka-Bhanga','Bhanga','ভাঙ্গা',null,'SCHOOL-ERP-Faridpur','Active');
insert into "schoolerp".thana (oid, name_en, name_bn, website, district_oid, status) values ('SCHOOL-ERP-Thana-Faridpur-Boalmari','Boalmari','বোয়ালমারী',null,'SCHOOL-ERP-Faridpur','Active');
insert into "schoolerp".thana (oid, name_en, name_bn, website, district_oid, status) values ('SCHOOL-ERP-Thana-Faridpur-Char-Bhadrasan','Char Bhadrasan','চর ভদ্রাসন',null,'SCHOOL-ERP-Faridpur','Active');
insert into "schoolerp".thana (oid, name_en, name_bn, website, district_oid, status) values ('SCHOOL-ERP-Thana-Faridpur-Alfadanga','Alfadanga','আলফাডাঙ্গা',null,'SCHOOL-ERP-Faridpur','Active');
insert into "schoolerp".thana (oid, name_en, name_bn, website, district_oid, status) values ('SCHOOL-ERP-Thana-Faridpur-Faridpur-Sadar','Faridpur Sadar','ফরিদপুর সদর',null,'SCHOOL-ERP-Faridpur','Active');
insert into "schoolerp".thana (oid, name_en, name_bn, website, district_oid, status) values ('SCHOOL-ERP-Thana-Faridpur-Madhukhali','Madhukhali','মধুখালী',null,'SCHOOL-ERP-Faridpur','Active');
insert into "schoolerp".thana (oid, name_en, name_bn, website, district_oid, status) values ('SCHOOL-ERP-Thana-Faridpur-Nagarkanda','Nagarkanda','নগরকান্দা',null,'SCHOOL-ERP-Faridpur','Active');
insert into "schoolerp".thana (oid, name_en, name_bn, website, district_oid, status) values ('SCHOOL-ERP-Thana-Faridpur-Sadarpur','Sadarpur','সদরপুর',null,'SCHOOL-ERP-Faridpur','Active');
insert into "schoolerp".thana (oid, name_en, name_bn, website, district_oid, status) values ('SCHOOL-ERP-Thana-Faridpur-Saltha','Saltha','সালথা',null,'SCHOOL-ERP-Faridpur','Active');
insert into "schoolerp".thana (oid, name_en, name_bn, website, district_oid, status) values ('SCHOOL-ERP-Thana-Faridpur-Gazipur-(Sadar)','Gazipur (Sadar)','গাজীপুর (সদর)',null,'SCHOOL-ERP-Gazipur','Active');
insert into "schoolerp".thana (oid, name_en, name_bn, website, district_oid, status) values ('SCHOOL-ERP-Thana-Gazipur-Gacha','Gacha','গাছা',null,'SCHOOL-ERP-Gazipur','Active');
insert into "schoolerp".thana (oid, name_en, name_bn, website, district_oid, status) values ('SCHOOL-ERP-Thana-Gazipur-Tongi-(North)','Tongi (North)','টঙ্গী (উত্তর)',null,'SCHOOL-ERP-Gazipur','Active');
insert into "schoolerp".thana (oid, name_en, name_bn, website, district_oid, status) values ('SCHOOL-ERP-Thana-Gazipur-Tongi-(West)','Tongi (West)','টঙ্গী (পশ্চিম)',null,'SCHOOL-ERP-Gazipur','Active');
insert into "schoolerp".thana (oid, name_en, name_bn, website, district_oid, status) values ('SCHOOL-ERP-Thana-Gazipur-Konabari','Konabari','কোনাবাড়ি',null,'SCHOOL-ERP-Gazipur','Active');
insert into "schoolerp".thana (oid, name_en, name_bn, website, district_oid, status) values ('SCHOOL-ERP-Thana-Gazipur-Kashimpur','Kashimpur','কাশিমপুর',null,'SCHOOL-ERP-Gazipur','Active');
insert into "schoolerp".thana (oid, name_en, name_bn, website, district_oid, status) values ('SCHOOL-ERP-Thana-Gazipur-Pubail','Pubail','পুবাইল',null,'SCHOOL-ERP-Gazipur','Active');
insert into "schoolerp".thana (oid, name_en, name_bn, website, district_oid, status) values ('SCHOOL-ERP-Thana-Gazipur-Bason','Bason','বেসন',null,'SCHOOL-ERP-Gazipur','Active');
insert into "schoolerp".thana (oid, name_en, name_bn, website, district_oid, status) values ('SCHOOL-ERP-Thana-Gazipur-Kaliakair','Kaliakair','কালিয়াকৈর',null,'SCHOOL-ERP-Gazipur','Active');
insert into "schoolerp".thana (oid, name_en, name_bn, website, district_oid, status) values ('SCHOOL-ERP-Thana-Gazipur-Kaliganj','Kaliganj','কালীগঞ্জ',null,'SCHOOL-ERP-Gazipur','Active');
insert into "schoolerp".thana (oid, name_en, name_bn, website, district_oid, status) values ('SCHOOL-ERP-Thana-Gazipur-Kapasia','Kapasia','কাপাসিয়া',null,'SCHOOL-ERP-Gazipur','Active');
insert into "schoolerp".thana (oid, name_en, name_bn, website, district_oid, status) values ('SCHOOL-ERP-Thana-Gazipur-Sreepur','Sreepur','শ্রীপুর',null,'SCHOOL-ERP-Gazipur','Active');
insert into "schoolerp".thana (oid, name_en, name_bn, website, district_oid, status) values ('SCHOOL-ERP-Thana-Gazipur-Gopalganj-Sadar','Gopalganj Sadar','গোপালগঞ্জ সদর',null,'SCHOOL-ERP-Gopalganj','Active');
insert into "schoolerp".thana (oid, name_en, name_bn, website, district_oid, status) values ('SCHOOL-ERP-Thana-Gopalganj-Kashiani','Kashiani','কাশিয়ানী',null,'SCHOOL-ERP-Gopalganj','Active');
insert into "schoolerp".thana (oid, name_en, name_bn, website, district_oid, status) values ('SCHOOL-ERP-Thana-Gopalganj-Kotalipara','Kotalipara','কোটালীপাড়া',null,'SCHOOL-ERP-Gopalganj','Active');
insert into "schoolerp".thana (oid, name_en, name_bn, website, district_oid, status) values ('SCHOOL-ERP-Thana-Gopalganj-Muksudpur','Muksudpur','মুকসুদপুর',null,'SCHOOL-ERP-Gopalganj','Active');
insert into "schoolerp".thana (oid, name_en, name_bn, website, district_oid, status) values ('SCHOOL-ERP-Thana-Gopalganj-Tungipara','Tungipara','টুঙ্গিপাড়া',null,'SCHOOL-ERP-Gopalganj','Active');
insert into "schoolerp".thana (oid, name_en, name_bn, website, district_oid, status) values ('SCHOOL-ERP-Thana-Gopalganj-Bhairab','Bhairab','ভৈরব',null,'SCHOOL-ERP-Kishoreganj','Active');
insert into "schoolerp".thana (oid, name_en, name_bn, website, district_oid, status) values ('SCHOOL-ERP-Thana-Kishoregonj-Austagram','Austagram','অষ্টগ্রাম',null,'SCHOOL-ERP-Kishoreganj','Active');
insert into "schoolerp".thana (oid, name_en, name_bn, website, district_oid, status) values ('SCHOOL-ERP-Thana-Kishoregonj-Hossainpur','Hossainpur','হোসেনপুর',null,'SCHOOL-ERP-Kishoreganj','Active');
insert into "schoolerp".thana (oid, name_en, name_bn, website, district_oid, status) values ('SCHOOL-ERP-Thana-Kishoregonj-Itna','Itna','ইতনা',null,'SCHOOL-ERP-Kishoreganj','Active');
insert into "schoolerp".thana (oid, name_en, name_bn, website, district_oid, status) values ('SCHOOL-ERP-Thana-Kishoregonj-Karimganj','Karimganj','করিমগঞ্জ',null,'SCHOOL-ERP-Kishoreganj','Active');
insert into "schoolerp".thana (oid, name_en, name_bn, website, district_oid, status) values ('SCHOOL-ERP-Thana-Kishoregonj-Katiadi','Katiadi','কটিয়াদি',null,'SCHOOL-ERP-Kishoreganj','Active');
insert into "schoolerp".thana (oid, name_en, name_bn, website, district_oid, status) values ('SCHOOL-ERP-Thana-Kishoregonj-Kishoreganj-Sadar','Kishoreganj Sadar','কিশোরগঞ্জ সদর',null,'SCHOOL-ERP-Kishoreganj','Active');
insert into "schoolerp".thana (oid, name_en, name_bn, website, district_oid, status) values ('SCHOOL-ERP-Thana-Kishoregonj-Kuliar-Char','Kuliar Char','কুলিয়ার চর',null,'SCHOOL-ERP-Kishoreganj','Active');
insert into "schoolerp".thana (oid, name_en, name_bn, website, district_oid, status) values ('SCHOOL-ERP-Thana-Kishoregonj-Mithamain','Mithamain','মিঠামইন',null,'SCHOOL-ERP-Kishoreganj','Active');
insert into "schoolerp".thana (oid, name_en, name_bn, website, district_oid, status) values ('SCHOOL-ERP-Thana-Kishoregonj-Bajitpur','Bajitpur','বাজিতপুর',null,'SCHOOL-ERP-Kishoreganj','Active');
insert into "schoolerp".thana (oid, name_en, name_bn, website, district_oid, status) values ('SCHOOL-ERP-Thana-Kishoregonj-Nikli','Nikli','নিকলি',null,'SCHOOL-ERP-Kishoreganj','Active');
insert into "schoolerp".thana (oid, name_en, name_bn, website, district_oid, status) values ('SCHOOL-ERP-Thana-Kishoregonj-Pakundia','Pakundia','পাকুন্দিয়া',null,'SCHOOL-ERP-Kishoreganj','Active');
insert into "schoolerp".thana (oid, name_en, name_bn, website, district_oid, status) values ('SCHOOL-ERP-Thana-Kishoregonj-Tarail','Tarail','তাড়াইল',null,'SCHOOL-ERP-Kishoreganj','Active');
insert into "schoolerp".thana (oid, name_en, name_bn, website, district_oid, status) values ('SCHOOL-ERP-Thana-Kishoregonj-Kalkini','Kalkini','কালকিনি',null,'SCHOOL-ERP-Madaripur','Active');
insert into "schoolerp".thana (oid, name_en, name_bn, website, district_oid, status) values ('SCHOOL-ERP-Thana-Madaripur-Madaripur-Sadar','Madaripur Sadar','মাদারীপুর সদর',null,'SCHOOL-ERP-Madaripur','Active');
insert into "schoolerp".thana (oid, name_en, name_bn, website, district_oid, status) values ('SCHOOL-ERP-Thana-Madaripur-Rajoir','Rajoir','রাজোইর',null,'SCHOOL-ERP-Madaripur','Active');
insert into "schoolerp".thana (oid, name_en, name_bn, website, district_oid, status) values ('SCHOOL-ERP-Thana-Madaripur-Shibchar','Shibchar','শিবচর',null,'SCHOOL-ERP-Madaripur','Active');
insert into "schoolerp".thana (oid, name_en, name_bn, website, district_oid, status) values ('SCHOOL-ERP-Thana-Madaripur-Chashar','Chashar','চাষাঢ়',null,'SCHOOL-ERP-Madaripur','Active');
insert into "schoolerp".thana (oid, name_en, name_bn, website, district_oid, status) values ('SCHOOL-ERP-Thana-Madaripur-Daulatpur','Daulatpur','দৌলতপুর',null,'SCHOOL-ERP-Manikganj','Active');
insert into "schoolerp".thana (oid, name_en, name_bn, website, district_oid, status) values ('SCHOOL-ERP-Thana-Manikganj-Ghior','Ghior','ঘিওর',null,'SCHOOL-ERP-Manikganj','Active');
insert into "schoolerp".thana (oid, name_en, name_bn, website, district_oid, status) values ('SCHOOL-ERP-Thana-Manikganj-Harirampur','Harirampur','হরিরামপুর',null,'SCHOOL-ERP-Manikganj','Active');
insert into "schoolerp".thana (oid, name_en, name_bn, website, district_oid, status) values ('SCHOOL-ERP-Thana-Manikganj-Manikganj-Sadar','Manikganj Sadar','মানিকগঞ্জ সদর',null,'SCHOOL-ERP-Manikganj','Active');
insert into "schoolerp".thana (oid, name_en, name_bn, website, district_oid, status) values ('SCHOOL-ERP-Thana-Manikganj-Saturia','Saturia','সাটুরিয়া',null,'SCHOOL-ERP-Manikganj','Active');
insert into "schoolerp".thana (oid, name_en, name_bn, website, district_oid, status) values ('SCHOOL-ERP-Thana-Manikganj-Shibalaya','Shibalaya','শিবালয়',null,'SCHOOL-ERP-Manikganj','Active');
insert into "schoolerp".thana (oid, name_en, name_bn, website, district_oid, status) values ('SCHOOL-ERP-Thana-Manikganj-Singair','Singair','সিঙ্গাইর',null,'SCHOOL-ERP-Manikganj','Active');
insert into "schoolerp".thana (oid, name_en, name_bn, website, district_oid, status) values ('SCHOOL-ERP-Thana-Manikganj-Gazaria','Gazaria','গজারিয়া',null,'SCHOOL-ERP-Munshiganj','Active');
insert into "schoolerp".thana (oid, name_en, name_bn, website, district_oid, status) values ('SCHOOL-ERP-Thana-Munshiganj-Lohajang','Lohajang','লৌহজং',null,'SCHOOL-ERP-Munshiganj','Active');
insert into "schoolerp".thana (oid, name_en, name_bn, website, district_oid, status) values ('SCHOOL-ERP-Thana-Munshiganj-Munshiganj-Sadar','Munshiganj Sadar','মুন্সীগঞ্জ সদর',null,'SCHOOL-ERP-Munshiganj','Active');
insert into "schoolerp".thana (oid, name_en, name_bn, website, district_oid, status) values ('SCHOOL-ERP-Thana-Munshiganj-Serajdikhan','Serajdikhan','সিরাজদিখান',null,'SCHOOL-ERP-Munshiganj','Active');
insert into "schoolerp".thana (oid, name_en, name_bn, website, district_oid, status) values ('SCHOOL-ERP-Thana-Munshiganj-Sreenagar','Sreenagar','শ্রীনগর',null,'SCHOOL-ERP-Munshiganj','Active');
insert into "schoolerp".thana (oid, name_en, name_bn, website, district_oid, status) values ('SCHOOL-ERP-Thana-Munshiganj-Tongibari','Tongibari','টঙ্গীবাড়ি',null,'SCHOOL-ERP-Munshiganj','Active');
insert into "schoolerp".thana (oid, name_en, name_bn, website, district_oid, status) values ('SCHOOL-ERP-Thana-Munshiganj-Narayanganj-Sadar','Narayanganj Sadar','নারায়ণগঞ্জ সদর',null,'SCHOOL-ERP-Narayanganj','Active');
insert into "schoolerp".thana (oid, name_en, name_bn, website, district_oid, status) values ('SCHOOL-ERP-Thana-Narayanganj-Fotullah','Fotullah','ফতুল্লা',null,'SCHOOL-ERP-Narayanganj','Active');
insert into "schoolerp".thana (oid, name_en, name_bn, website, district_oid, status) values ('SCHOOL-ERP-Thana-Narayanganj-Siddhirganj','Siddhirganj','সিদ্ধিরগঞ্জ',null,'SCHOOL-ERP-Narayanganj','Active');
insert into "schoolerp".thana (oid, name_en, name_bn, website, district_oid, status) values ('SCHOOL-ERP-Thana-Narayanganj-Araihazar','Araihazar','আড়াইহাজার',null,'SCHOOL-ERP-Narayanganj','Active');
insert into "schoolerp".thana (oid, name_en, name_bn, website, district_oid, status) values ('SCHOOL-ERP-Thana-Narayanganj-Sonargaon','Sonargaon','সোনারগাঁও',null,'SCHOOL-ERP-Narayanganj','Active');
insert into "schoolerp".thana (oid, name_en, name_bn, website, district_oid, status) values ('SCHOOL-ERP-Thana-Narayanganj-Bandar','Bandar','বান্দর',null,'SCHOOL-ERP-Narayanganj','Active');
insert into "schoolerp".thana (oid, name_en, name_bn, website, district_oid, status) values ('SCHOOL-ERP-Thana-Narayanganj-Rupganj','Rupganj','রূপগঞ্জ',null,'SCHOOL-ERP-Narayanganj','Active');
insert into "schoolerp".thana (oid, name_en, name_bn, website, district_oid, status) values ('SCHOOL-ERP-Thana-Narayanganj-Manohardi','Manohardi','মনোহরদী',null,'SCHOOL-ERP-Narsingdi','Active');
insert into "schoolerp".thana (oid, name_en, name_bn, website, district_oid, status) values ('SCHOOL-ERP-Thana-Narsingdi-Narsingdi-Sadar','Narsingdi Sadar','নরসিংদী সদর',null,'SCHOOL-ERP-Narsingdi','Active');
insert into "schoolerp".thana (oid, name_en, name_bn, website, district_oid, status) values ('SCHOOL-ERP-Thana-Narsingdi-Palash','Palash','পলাশ',null,'SCHOOL-ERP-Narsingdi','Active');
insert into "schoolerp".thana (oid, name_en, name_bn, website, district_oid, status) values ('SCHOOL-ERP-Thana-Narsingdi-Roypura','Roypura','রায়পুরা',null,'SCHOOL-ERP-Narsingdi','Active');
insert into "schoolerp".thana (oid, name_en, name_bn, website, district_oid, status) values ('SCHOOL-ERP-Thana-Narsingdi-Belabo','Belabo','বেলাবো',null,'SCHOOL-ERP-Narsingdi','Active');
insert into "schoolerp".thana (oid, name_en, name_bn, website, district_oid, status) values ('SCHOOL-ERP-Thana-Narsingdi-Shibpur','Shibpur','শিবপুর',null,'SCHOOL-ERP-Narsingdi','Active');
insert into "schoolerp".thana (oid, name_en, name_bn, website, district_oid, status) values ('SCHOOL-ERP-Thana-Narsingdi-Goalanda','Goalanda','গোয়ালন্দ',null,'SCHOOL-ERP-Rajbari','Active');
insert into "schoolerp".thana (oid, name_en, name_bn, website, district_oid, status) values ('SCHOOL-ERP-Thana-Rajbari-Kalukhali','Kalukhali','কালুখালী',null,'SCHOOL-ERP-Rajbari','Active');
insert into "schoolerp".thana (oid, name_en, name_bn, website, district_oid, status) values ('SCHOOL-ERP-Thana-Rajbari-Baliakandi','Baliakandi','বালিয়াকান্দি',null,'SCHOOL-ERP-Rajbari','Active');
insert into "schoolerp".thana (oid, name_en, name_bn, website, district_oid, status) values ('SCHOOL-ERP-Thana-Rajbari-Pangsha','Pangsha','পাংশা',null,'SCHOOL-ERP-Rajbari','Active');
insert into "schoolerp".thana (oid, name_en, name_bn, website, district_oid, status) values ('SCHOOL-ERP-Thana-Rajbari-Rajbari-Sadar','Rajbari Sadar','রাজবাড়ী সদর',null,'SCHOOL-ERP-Rajbari','Active');
insert into "schoolerp".thana (oid, name_en, name_bn, website, district_oid, status) values ('SCHOOL-ERP-Thana-Rajbari-Shariatpur-Sadar','Shariatpur Sadar','শরীয়তপুর সদর',null,'SCHOOL-ERP-Shariatpur','Active');
insert into "schoolerp".thana (oid, name_en, name_bn, website, district_oid, status) values ('SCHOOL-ERP-Thana-Shariatpur-Bhedarganj','Bhedarganj','ভেদরগঞ্জ',null,'SCHOOL-ERP-Shariatpur','Active');
insert into "schoolerp".thana (oid, name_en, name_bn, website, district_oid, status) values ('SCHOOL-ERP-Thana-Shariatpur-Damudya','Damudya','ডামুড্যা',null,'SCHOOL-ERP-Shariatpur','Active');
insert into "schoolerp".thana (oid, name_en, name_bn, website, district_oid, status) values ('SCHOOL-ERP-Thana-Shariatpur-Gosairhat','Gosairhat','গোসাইরহাট',null,'SCHOOL-ERP-Shariatpur','Active');
insert into "schoolerp".thana (oid, name_en, name_bn, website, district_oid, status) values ('SCHOOL-ERP-Thana-Shariatpur-Naria','Naria','নড়িয়া',null,'SCHOOL-ERP-Shariatpur','Active');
insert into "schoolerp".thana (oid, name_en, name_bn, website, district_oid, status) values ('SCHOOL-ERP-Thana-Shariatpur-Zanjira','Zanjira','জাঞ্জিরা',null,'SCHOOL-ERP-Shariatpur','Active');
insert into "schoolerp".thana (oid, name_en, name_bn, website, district_oid, status) values ('SCHOOL-ERP-Thana-Shariatpur-Palong','Palong','পালং',null,'SCHOOL-ERP-Shariatpur','Active');
insert into "schoolerp".thana (oid, name_en, name_bn, website, district_oid, status) values ('SCHOOL-ERP-Thana-Shariatpur-Tangail-Sadar','Tangail Sadar','টাঙ্গাইল সদর',null,'SCHOOL-ERP-Tangail','Active');
insert into "schoolerp".thana (oid, name_en, name_bn, website, district_oid, status) values ('SCHOOL-ERP-Thana-Tangail-Bhuapur','Bhuapur','ভূয়াপুর',null,'SCHOOL-ERP-Tangail','Active');
insert into "schoolerp".thana (oid, name_en, name_bn, website, district_oid, status) values ('SCHOOL-ERP-Thana-Tangail-Delduar','Delduar','দেলদুয়ার',null,'SCHOOL-ERP-Tangail','Active');
insert into "schoolerp".thana (oid, name_en, name_bn, website, district_oid, status) values ('SCHOOL-ERP-Thana-Tangail-Dhanbari','Dhanbari','ধনবাড়ী',null,'SCHOOL-ERP-Tangail','Active');
insert into "schoolerp".thana (oid, name_en, name_bn, website, district_oid, status) values ('SCHOOL-ERP-Thana-Tangail-Ghatail','Ghatail','ঘাটাইল',null,'SCHOOL-ERP-Tangail','Active');
insert into "schoolerp".thana (oid, name_en, name_bn, website, district_oid, status) values ('SCHOOL-ERP-Thana-Tangail-Gopalpur','Gopalpur','গোপালপুর',null,'SCHOOL-ERP-Tangail','Active');
insert into "schoolerp".thana (oid, name_en, name_bn, website, district_oid, status) values ('SCHOOL-ERP-Thana-Tangail-Kalihati','Kalihati','কালিহাতী',null,'SCHOOL-ERP-Tangail','Active');
insert into "schoolerp".thana (oid, name_en, name_bn, website, district_oid, status) values ('SCHOOL-ERP-Thana-Tangail-Madhupur','Madhupur','মধুপুর',null,'SCHOOL-ERP-Tangail','Active');
insert into "schoolerp".thana (oid, name_en, name_bn, website, district_oid, status) values ('SCHOOL-ERP-Thana-Tangail-Mirzapur','Mirzapur','মির্জাপুর',null,'SCHOOL-ERP-Tangail','Active');
insert into "schoolerp".thana (oid, name_en, name_bn, website, district_oid, status) values ('SCHOOL-ERP-Thana-Tangail-Nagarpur','Nagarpur','নাগরপুর',null,'SCHOOL-ERP-Tangail','Active');
insert into "schoolerp".thana (oid, name_en, name_bn, website, district_oid, status) values ('SCHOOL-ERP-Thana-Tangail-Sakhipur','Sakhipur','সখীপুর',null,'SCHOOL-ERP-Tangail','Active');
insert into "schoolerp".thana (oid, name_en, name_bn, website, district_oid, status) values ('SCHOOL-ERP-Thana-Tangail-Basail','Basail','বাসাইল',null,'SCHOOL-ERP-Tangail','Active');
insert into "schoolerp".thana (oid, name_en, name_bn, website, district_oid, status) values ('SCHOOL-ERP-Thana-Tangail-BB.-Bridge-(East)','BB. Bridge (East)','বিবি। সেতু (পূর্ব)',null,'SCHOOL-ERP-Tangail','Active');
insert into "schoolerp".thana (oid, name_en, name_bn, website, district_oid, status) values ('SCHOOL-ERP-Thana-Tangail-Chitalmari','Chitalmari','চিতলমারী',null,'SCHOOL-ERP-Bagerhat','Active');
insert into "schoolerp".thana (oid, name_en, name_bn, website, district_oid, status) values ('SCHOOL-ERP-Thana-Bagerhat-Fakirhat','Fakirhat','ফকিরহাট',null,'SCHOOL-ERP-Bagerhat','Active');
insert into "schoolerp".thana (oid, name_en, name_bn, website, district_oid, status) values ('SCHOOL-ERP-Thana-Bagerhat-Kachua','Kachua','কচুয়া',null,'SCHOOL-ERP-Bagerhat','Active');
insert into "schoolerp".thana (oid, name_en, name_bn, website, district_oid, status) values ('SCHOOL-ERP-Thana-Bagerhat-Mollahat','Mollahat','মোল্লাহাট',null,'SCHOOL-ERP-Bagerhat','Active');
insert into "schoolerp".thana (oid, name_en, name_bn, website, district_oid, status) values ('SCHOOL-ERP-Thana-Bagerhat-Mongla','Mongla','মংলা',null,'SCHOOL-ERP-Bagerhat','Active');
insert into "schoolerp".thana (oid, name_en, name_bn, website, district_oid, status) values ('SCHOOL-ERP-Thana-Bagerhat-Morrelganj','Morrelganj','মোরেলগঞ্জ',null,'SCHOOL-ERP-Bagerhat','Active');
insert into "schoolerp".thana (oid, name_en, name_bn, website, district_oid, status) values ('SCHOOL-ERP-Thana-Bagerhat-Rampal','Rampal','রামপাল',null,'SCHOOL-ERP-Bagerhat','Active');
insert into "schoolerp".thana (oid, name_en, name_bn, website, district_oid, status) values ('SCHOOL-ERP-Thana-Bagerhat-Sarankhola','Sarankhola','শরণখোলা',null,'SCHOOL-ERP-Bagerhat','Active');
insert into "schoolerp".thana (oid, name_en, name_bn, website, district_oid, status) values ('SCHOOL-ERP-Thana-Bagerhat-Bagerhat-Sadar','Bagerhat Sadar','বাগেরহাট সদর',null,'SCHOOL-ERP-Bagerhat','Active');
insert into "schoolerp".thana (oid, name_en, name_bn, website, district_oid, status) values ('SCHOOL-ERP-Thana-Bagerhat-Chuadanga-Sadar','Chuadanga Sadar','চুয়াডাঙ্গা সদর',null,'SCHOOL-ERP-Chuadanga','Active');
insert into "schoolerp".thana (oid, name_en, name_bn, website, district_oid, status) values ('SCHOOL-ERP-Thana-Chuadanga-Damurhuda','Damurhuda','দামুড়হুদা',null,'SCHOOL-ERP-Chuadanga','Active');
insert into "schoolerp".thana (oid, name_en, name_bn, website, district_oid, status) values ('SCHOOL-ERP-Thana-Chuadanga-Jiban-Nagar','Jiban Nagar','জীবন নগর',null,'SCHOOL-ERP-Chuadanga','Active');
insert into "schoolerp".thana (oid, name_en, name_bn, website, district_oid, status) values ('SCHOOL-ERP-Thana-Chuadanga-Alamdanga','Alamdanga','আলমডাঙ্গা',null,'SCHOOL-ERP-Chuadanga','Active');
insert into "schoolerp".thana (oid, name_en, name_bn, website, district_oid, status) values ('SCHOOL-ERP-Thana-Chuadanga-Chaugachha','Chaugachha','চৌগাছা',null,'SCHOOL-ERP-Jessore','Active');
insert into "schoolerp".thana (oid, name_en, name_bn, website, district_oid, status) values ('SCHOOL-ERP-Thana-Jessore-Jhikargachha','Jhikargachha','ঝিকরগাছা',null,'SCHOOL-ERP-Jessore','Active');
insert into "schoolerp".thana (oid, name_en, name_bn, website, district_oid, status) values ('SCHOOL-ERP-Thana-Jessore-Keshabpur','Keshabpur','কেশবপুর',null,'SCHOOL-ERP-Jessore','Active');
insert into "schoolerp".thana (oid, name_en, name_bn, website, district_oid, status) values ('SCHOOL-ERP-Thana-Jessore-Abhaynagar','Abhaynagar','অভয়নগর',null,'SCHOOL-ERP-Jessore','Active');
insert into "schoolerp".thana (oid, name_en, name_bn, website, district_oid, status) values ('SCHOOL-ERP-Thana-Jessore-Jessore-Sadar','Jessore Sadar','যশোর সদর',null,'SCHOOL-ERP-Jessore','Active');
insert into "schoolerp".thana (oid, name_en, name_bn, website, district_oid, status) values ('SCHOOL-ERP-Thana-Jessore-Manirampur','Manirampur','মণিরামপুর',null,'SCHOOL-ERP-Jessore','Active');
insert into "schoolerp".thana (oid, name_en, name_bn, website, district_oid, status) values ('SCHOOL-ERP-Thana-Jessore-Bagher-Para','Bagher Para','বাঘের পাড়া',null,'SCHOOL-ERP-Jessore','Active');
insert into "schoolerp".thana (oid, name_en, name_bn, website, district_oid, status) values ('SCHOOL-ERP-Thana-Jessore-Sharsha','Sharsha','শার্শা',null,'SCHOOL-ERP-Jessore','Active');
insert into "schoolerp".thana (oid, name_en, name_bn, website, district_oid, status) values ('SCHOOL-ERP-Thana-Jessore-Harinakunda','Harinakunda','হরিণাকুণ্ড',null,'SCHOOL-ERP-Jhenaidah','Active');
insert into "schoolerp".thana (oid, name_en, name_bn, website, district_oid, status) values ('SCHOOL-ERP-Thana-Jhenaidah-Jhenaidah-Sadar','Jhenaidah Sadar','ঝিনাইদহ সদর',null,'SCHOOL-ERP-Jhenaidah','Active');
insert into "schoolerp".thana (oid, name_en, name_bn, website, district_oid, status) values ('SCHOOL-ERP-Thana-Jhenaidah-Kaliganj','Kaliganj','কালীগঞ্জ',null,'SCHOOL-ERP-Jhenaidah','Active');
insert into "schoolerp".thana (oid, name_en, name_bn, website, district_oid, status) values ('SCHOOL-ERP-Thana-Jhenaidah-Kotchandpur','Kotchandpur','কোটচাঁদপুর',null,'SCHOOL-ERP-Jhenaidah','Active');
insert into "schoolerp".thana (oid, name_en, name_bn, website, district_oid, status) values ('SCHOOL-ERP-Thana-Jhenaidah-Maheshpur','Maheshpur','মহেশপুর',null,'SCHOOL-ERP-Jhenaidah','Active');
insert into "schoolerp".thana (oid, name_en, name_bn, website, district_oid, status) values ('SCHOOL-ERP-Thana-Jhenaidah-Shailkupa','Shailkupa','শৈলকুপা',null,'SCHOOL-ERP-Jhenaidah','Active');
insert into "schoolerp".thana (oid, name_en, name_bn, website, district_oid, status) values ('SCHOOL-ERP-Thana-Jhenaidah-Khulna-(Sadar)','Khulna (Sadar)','খুলনা (সদর)',null,'SCHOOL-ERP-Khulna','Active');
insert into "schoolerp".thana (oid, name_en, name_bn, website, district_oid, status) values ('SCHOOL-ERP-Thana-Khulna-Labanchara','Labanchara','লাবণ্যছড়া',null,'SCHOOL-ERP-Khulna','Active');
insert into "schoolerp".thana (oid, name_en, name_bn, website, district_oid, status) values ('SCHOOL-ERP-Thana-Khulna-Harintana','Harintana','হরিনটানা',null,'SCHOOL-ERP-Khulna','Active');
insert into "schoolerp".thana (oid, name_en, name_bn, website, district_oid, status) values ('SCHOOL-ERP-Thana-Khulna-Aranghata','Aranghata','আড়ংঘাটা',null,'SCHOOL-ERP-Khulna','Active');
insert into "schoolerp".thana (oid, name_en, name_bn, website, district_oid, status) values ('SCHOOL-ERP-Thana-Khulna-Daulatpur','Daulatpur','দৌলতপুর',null,'SCHOOL-ERP-Khulna','Active');
insert into "schoolerp".thana (oid, name_en, name_bn, website, district_oid, status) values ('SCHOOL-ERP-Thana-Khulna-Khalishpur','Khalishpur','খালিশপুর',null,'SCHOOL-ERP-Khulna','Active');
insert into "schoolerp".thana (oid, name_en, name_bn, website, district_oid, status) values ('SCHOOL-ERP-Thana-Khulna-Khan-Jahan-Ali','Khan Jahan Ali','খান জাহান আলী',null,'SCHOOL-ERP-Khulna','Active');
insert into "schoolerp".thana (oid, name_en, name_bn, website, district_oid, status) values ('SCHOOL-ERP-Thana-Khulna-Sonadanga','Sonadanga','সোনাডাঙ্গা',null,'SCHOOL-ERP-Khulna','Active');
insert into "schoolerp".thana (oid, name_en, name_bn, website, district_oid, status) values ('SCHOOL-ERP-Thana-Khulna-Batiaghata','Batiaghata','বটিয়াঘাটা',null,'SCHOOL-ERP-Khulna','Active');
insert into "schoolerp".thana (oid, name_en, name_bn, website, district_oid, status) values ('SCHOOL-ERP-Thana-Khulna-Dacope','Dacope','দাকোপ',null,'SCHOOL-ERP-Khulna','Active');
insert into "schoolerp".thana (oid, name_en, name_bn, website, district_oid, status) values ('SCHOOL-ERP-Thana-Khulna-Dumuria','Dumuria','ডুমুরিয়া',null,'SCHOOL-ERP-Khulna','Active');
insert into "schoolerp".thana (oid, name_en, name_bn, website, district_oid, status) values ('SCHOOL-ERP-Thana-Khulna-Dighalia','Dighalia','দিঘলিয়া',null,'SCHOOL-ERP-Khulna','Active');
insert into "schoolerp".thana (oid, name_en, name_bn, website, district_oid, status) values ('SCHOOL-ERP-Thana-Khulna-Koyra','Koyra','কয়রা',null,'SCHOOL-ERP-Khulna','Active');
insert into "schoolerp".thana (oid, name_en, name_bn, website, district_oid, status) values ('SCHOOL-ERP-Thana-Khulna-Paikgachha','Paikgachha','পাইকগাছা',null,'SCHOOL-ERP-Khulna','Active');
insert into "schoolerp".thana (oid, name_en, name_bn, website, district_oid, status) values ('SCHOOL-ERP-Thana-Khulna-Phultala','Phultala','ফুলতলা',null,'SCHOOL-ERP-Khulna','Active');
insert into "schoolerp".thana (oid, name_en, name_bn, website, district_oid, status) values ('SCHOOL-ERP-Thana-Khulna-Rupsa','Rupsa','রূপসা',null,'SCHOOL-ERP-Khulna','Active');
insert into "schoolerp".thana (oid, name_en, name_bn, website, district_oid, status) values ('SCHOOL-ERP-Thana-Khulna-Terokhada','Terokhada','তেরোখাদা',null,'SCHOOL-ERP-Khulna','Active');
insert into "schoolerp".thana (oid, name_en, name_bn, website, district_oid, status) values ('SCHOOL-ERP-Thana-Khulna-Bheramara','Bheramara','ভেড়ামারা',null,'SCHOOL-ERP-Kushtia','Active');
insert into "schoolerp".thana (oid, name_en, name_bn, website, district_oid, status) values ('SCHOOL-ERP-Thana-Kushtia-Daulatpur','Daulatpur','দৌলতপুর',null,'SCHOOL-ERP-Kushtia','Active');
insert into "schoolerp".thana (oid, name_en, name_bn, website, district_oid, status) values ('SCHOOL-ERP-Thana-Kushtia-Khoksa','Khoksa','খোকসা',null,'SCHOOL-ERP-Kushtia','Active');
insert into "schoolerp".thana (oid, name_en, name_bn, website, district_oid, status) values ('SCHOOL-ERP-Thana-Kushtia-Kumarkhali','Kumarkhali','কুমারখালী',null,'SCHOOL-ERP-Kushtia','Active');
insert into "schoolerp".thana (oid, name_en, name_bn, website, district_oid, status) values ('SCHOOL-ERP-Thana-Kushtia-Kushtia-Sadar','Kushtia Sadar','কুষ্টিয়া সদর',null,'SCHOOL-ERP-Kushtia','Active');
insert into "schoolerp".thana (oid, name_en, name_bn, website, district_oid, status) values ('SCHOOL-ERP-Thana-Kushtia-Mirpur','Mirpur','মিরপুর',null,'SCHOOL-ERP-Kushtia','Active');
insert into "schoolerp".thana (oid, name_en, name_bn, website, district_oid, status) values ('SCHOOL-ERP-Thana-Kushtia-Magura-Sadar','Magura Sadar','মাগুরা সদর',null,'SCHOOL-ERP-Magura','Active');
insert into "schoolerp".thana (oid, name_en, name_bn, website, district_oid, status) values ('SCHOOL-ERP-Thana-Magura-Mohammadpur','Mohammadpur','মোহাম্মদপুর',null,'SCHOOL-ERP-Magura','Active');
insert into "schoolerp".thana (oid, name_en, name_bn, website, district_oid, status) values ('SCHOOL-ERP-Thana-Magura-Shalikha','Shalikha','শালিখা',null,'SCHOOL-ERP-Magura','Active');
insert into "schoolerp".thana (oid, name_en, name_bn, website, district_oid, status) values ('SCHOOL-ERP-Thana-Magura-Sreepur','Sreepur','শ্রীপুর',null,'SCHOOL-ERP-Magura','Active');
insert into "schoolerp".thana (oid, name_en, name_bn, website, district_oid, status) values ('SCHOOL-ERP-Thana-Magura-Gangni','Gangni','গাংনী',null,'SCHOOL-ERP-Meherpur','Active');
insert into "schoolerp".thana (oid, name_en, name_bn, website, district_oid, status) values ('SCHOOL-ERP-Thana-Meherpur-Mujib-Nagar','Mujib Nagar','মুজিব নগর',null,'SCHOOL-ERP-Meherpur','Active');
insert into "schoolerp".thana (oid, name_en, name_bn, website, district_oid, status) values ('SCHOOL-ERP-Thana-Meherpur-Meherpur-Sadar','Meherpur Sadar','মেহেরপুর সদর',null,'SCHOOL-ERP-Meherpur','Active');
insert into "schoolerp".thana (oid, name_en, name_bn, website, district_oid, status) values ('SCHOOL-ERP-Thana-Meherpur-Kalia','Kalia','কালিয়া',null,'SCHOOL-ERP-Narail','Active');
insert into "schoolerp".thana (oid, name_en, name_bn, website, district_oid, status) values ('SCHOOL-ERP-Thana-Narail-Lohagara','Lohagara','লোহাগাড়া',null,'SCHOOL-ERP-Narail','Active');
insert into "schoolerp".thana (oid, name_en, name_bn, website, district_oid, status) values ('SCHOOL-ERP-Thana-Narail-Narail-Sadar','Narail Sadar','নড়াইল সদর',null,'SCHOOL-ERP-Narail','Active');
insert into "schoolerp".thana (oid, name_en, name_bn, website, district_oid, status) values ('SCHOOL-ERP-Thana-Narail-Debhata','Debhata','দেবহাটা',null,'SCHOOL-ERP-Satkhira','Active');
insert into "schoolerp".thana (oid, name_en, name_bn, website, district_oid, status) values ('SCHOOL-ERP-Thana-Satkhira-Assasuni','Assasuni','আসাসুনি',null,'SCHOOL-ERP-Satkhira','Active');
insert into "schoolerp".thana (oid, name_en, name_bn, website, district_oid, status) values ('SCHOOL-ERP-Thana-Satkhira-Kalaroa','Kalaroa','কলারোয়া',null,'SCHOOL-ERP-Satkhira','Active');
insert into "schoolerp".thana (oid, name_en, name_bn, website, district_oid, status) values ('SCHOOL-ERP-Thana-Satkhira-Kaliganj','Kaliganj','কালীগঞ্জ',null,'SCHOOL-ERP-Satkhira','Active');
insert into "schoolerp".thana (oid, name_en, name_bn, website, district_oid, status) values ('SCHOOL-ERP-Thana-Satkhira-Satkhira-Sadar','Satkhira Sadar','সাতক্ষীরা সদর',null,'SCHOOL-ERP-Satkhira','Active');
insert into "schoolerp".thana (oid, name_en, name_bn, website, district_oid, status) values ('SCHOOL-ERP-Thana-Satkhira-Shyamnagar','Shyamnagar','শ্যামনগর',null,'SCHOOL-ERP-Satkhira','Active');
insert into "schoolerp".thana (oid, name_en, name_bn, website, district_oid, status) values ('SCHOOL-ERP-Thana-Satkhira-Tala','Tala','টালা',null,'SCHOOL-ERP-Satkhira','Active');
insert into "schoolerp".thana (oid, name_en, name_bn, website, district_oid, status) values ('SCHOOL-ERP-Thana-Satkhira-Dewanganj','Dewanganj','দেওয়ানগঞ্জ',null,'SCHOOL-ERP-Jamalpur','Active');
insert into "schoolerp".thana (oid, name_en, name_bn, website, district_oid, status) values ('SCHOOL-ERP-Thana-Jamalpur-Islampur','Islampur','ইসলামপুর',null,'SCHOOL-ERP-Jamalpur','Active');
insert into "schoolerp".thana (oid, name_en, name_bn, website, district_oid, status) values ('SCHOOL-ERP-Thana-Jamalpur-Jamalpur-Sadar','Jamalpur Sadar','জামালপুর সদর',null,'SCHOOL-ERP-Jamalpur','Active');
insert into "schoolerp".thana (oid, name_en, name_bn, website, district_oid, status) values ('SCHOOL-ERP-Thana-Jamalpur-Madarganj','Madarganj','মাদারগঞ্জ',null,'SCHOOL-ERP-Jamalpur','Active');
insert into "schoolerp".thana (oid, name_en, name_bn, website, district_oid, status) values ('SCHOOL-ERP-Thana-Jamalpur-Melandaha','Melandaha','মেলান্দহ',null,'SCHOOL-ERP-Jamalpur','Active');
insert into "schoolerp".thana (oid, name_en, name_bn, website, district_oid, status) values ('SCHOOL-ERP-Thana-Jamalpur-Bakshiganj','Bakshiganj','বকশীগঞ্জ',null,'SCHOOL-ERP-Jamalpur','Active');
insert into "schoolerp".thana (oid, name_en, name_bn, website, district_oid, status) values ('SCHOOL-ERP-Thana-Jamalpur-Sarishabari-Upazila','Sarishabari Upazila','সরিষাবাড়ী উপজেলা',null,'SCHOOL-ERP-Jamalpur','Active');
insert into "schoolerp".thana (oid, name_en, name_bn, website, district_oid, status) values ('SCHOOL-ERP-Thana-Jamalpur-Bhaluka','Bhaluka','ভালুকা',null,'SCHOOL-ERP-Mymensingh','Active');
insert into "schoolerp".thana (oid, name_en, name_bn, website, district_oid, status) values ('SCHOOL-ERP-Thana-Mymensingh-Dhobaura','Dhobaura','ধোবাউড়া',null,'SCHOOL-ERP-Mymensingh','Active');
insert into "schoolerp".thana (oid, name_en, name_bn, website, district_oid, status) values ('SCHOOL-ERP-Thana-Mymensingh-Fulbaria','Fulbaria','ফুলবাড়িয়া',null,'SCHOOL-ERP-Mymensingh','Active');
insert into "schoolerp".thana (oid, name_en, name_bn, website, district_oid, status) values ('SCHOOL-ERP-Thana-Mymensingh-Gaforgaon','Gaforgaon','গফরগাঁও',null,'SCHOOL-ERP-Mymensingh','Active');
insert into "schoolerp".thana (oid, name_en, name_bn, website, district_oid, status) values ('SCHOOL-ERP-Thana-Mymensingh-Gouripur','Gouripur','গৌরীপুর',null,'SCHOOL-ERP-Mymensingh','Active');
insert into "schoolerp".thana (oid, name_en, name_bn, website, district_oid, status) values ('SCHOOL-ERP-Thana-Mymensingh-Haluaghat','Haluaghat','হালুয়াঘাট',null,'SCHOOL-ERP-Mymensingh','Active');
insert into "schoolerp".thana (oid, name_en, name_bn, website, district_oid, status) values ('SCHOOL-ERP-Thana-Mymensingh-Ishwarganj','Ishwarganj','ঈশ্বরগঞ্জ',null,'SCHOOL-ERP-Mymensingh','Active');
insert into "schoolerp".thana (oid, name_en, name_bn, website, district_oid, status) values ('SCHOOL-ERP-Thana-Mymensingh-Mymensingh-Sadar','Mymensingh Sadar','ময়মনসিংহ সদর',null,'SCHOOL-ERP-Mymensingh','Active');
insert into "schoolerp".thana (oid, name_en, name_bn, website, district_oid, status) values ('SCHOOL-ERP-Thana-Mymensingh-Muktagachha','Muktagachha','মুক্তাগাছা',null,'SCHOOL-ERP-Mymensingh','Active');
insert into "schoolerp".thana (oid, name_en, name_bn, website, district_oid, status) values ('SCHOOL-ERP-Thana-Mymensingh-Nandail','Nandail','নান্দাইল',null,'SCHOOL-ERP-Mymensingh','Active');
insert into "schoolerp".thana (oid, name_en, name_bn, website, district_oid, status) values ('SCHOOL-ERP-Thana-Mymensingh-Phulpur','Phulpur','ফুলপুর',null,'SCHOOL-ERP-Mymensingh','Active');
insert into "schoolerp".thana (oid, name_en, name_bn, website, district_oid, status) values ('SCHOOL-ERP-Thana-Mymensingh-Trishal','Trishal','ত্রিশাল',null,'SCHOOL-ERP-Mymensingh','Active');
insert into "schoolerp".thana (oid, name_en, name_bn, website, district_oid, status) values ('SCHOOL-ERP-Thana-Mymensingh-Durgapur','Durgapur','দুর্গাপুর',null,'SCHOOL-ERP-Netrokona','Active');
insert into "schoolerp".thana (oid, name_en, name_bn, website, district_oid, status) values ('SCHOOL-ERP-Thana-Netrakona-Khaliajuri','Khaliajuri','খালিয়াজুরী',null,'SCHOOL-ERP-Netrokona','Active');
insert into "schoolerp".thana (oid, name_en, name_bn, website, district_oid, status) values ('SCHOOL-ERP-Thana-Netrakona-Atpara','Atpara','আটপাড়া',null,'SCHOOL-ERP-Netrokona','Active');
insert into "schoolerp".thana (oid, name_en, name_bn, website, district_oid, status) values ('SCHOOL-ERP-Thana-Netrakona-Kalmakanda','Kalmakanda','কলমাকান্দা',null,'SCHOOL-ERP-Netrokona','Active');
insert into "schoolerp".thana (oid, name_en, name_bn, website, district_oid, status) values ('SCHOOL-ERP-Thana-Netrakona-Kendua','Kendua','কেন্দুয়া',null,'SCHOOL-ERP-Netrokona','Active');
insert into "schoolerp".thana (oid, name_en, name_bn, website, district_oid, status) values ('SCHOOL-ERP-Thana-Netrakona-Madan','Madan','মদন',null,'SCHOOL-ERP-Netrokona','Active');
insert into "schoolerp".thana (oid, name_en, name_bn, website, district_oid, status) values ('SCHOOL-ERP-Thana-Netrakona-Mohanganj','Mohanganj','মোহনগঞ্জ',null,'SCHOOL-ERP-Netrokona','Active');
insert into "schoolerp".thana (oid, name_en, name_bn, website, district_oid, status) values ('SCHOOL-ERP-Thana-Netrakona-Netrokona-Sadar','Netrokona Sadar','নেত্রকোনা সদর',null,'SCHOOL-ERP-Netrokona','Active');
insert into "schoolerp".thana (oid, name_en, name_bn, website, district_oid, status) values ('SCHOOL-ERP-Thana-Netrakona-Purbadhala','Purbadhala','পূর্বধলা',null,'SCHOOL-ERP-Netrokona','Active');
insert into "schoolerp".thana (oid, name_en, name_bn, website, district_oid, status) values ('SCHOOL-ERP-Thana-Netrakona-Barhatta','Barhatta','বারহাট্টা',null,'SCHOOL-ERP-Netrokona','Active');
insert into "schoolerp".thana (oid, name_en, name_bn, website, district_oid, status) values ('SCHOOL-ERP-Thana-Netrakona-Jhenaigati','Jhenaigati','ঝিনাইগাতী',null,'SCHOOL-ERP-Sherpur','Active');
insert into "schoolerp".thana (oid, name_en, name_bn, website, district_oid, status) values ('SCHOOL-ERP-Thana-Sherpur-Nakla','Nakla','নকলা',null,'SCHOOL-ERP-Sherpur','Active');
insert into "schoolerp".thana (oid, name_en, name_bn, website, district_oid, status) values ('SCHOOL-ERP-Thana-Sherpur-Nalitabari','Nalitabari','নালিতাবাড়ী',null,'SCHOOL-ERP-Sherpur','Active');
insert into "schoolerp".thana (oid, name_en, name_bn, website, district_oid, status) values ('SCHOOL-ERP-Thana-Sherpur-Sherpur-Sadar','Sherpur Sadar','শেরপুর সদর',null,'SCHOOL-ERP-Sherpur','Active');
insert into "schoolerp".thana (oid, name_en, name_bn, website, district_oid, status) values ('SCHOOL-ERP-Thana-Sherpur-Sreebardi','Sreebardi','শ্রীবর্দী',null,'SCHOOL-ERP-Sherpur','Active');
insert into "schoolerp".thana (oid, name_en, name_bn, website, district_oid, status) values ('SCHOOL-ERP-Thana-Sherpur-Bogra-Sadar','Bogra Sadar','বগুড়া সদর',null,'SCHOOL-ERP-Bogra','Active');
insert into "schoolerp".thana (oid, name_en, name_bn, website, district_oid, status) values ('SCHOOL-ERP-Thana-Bogra-Dhunat','Dhunat','ধুনট',null,'SCHOOL-ERP-Bogra','Active');
insert into "schoolerp".thana (oid, name_en, name_bn, website, district_oid, status) values ('SCHOOL-ERP-Thana-Bogra-Dhupchanchia','Dhupchanchia','ধুপচাঁচিয়া',null,'SCHOOL-ERP-Bogra','Active');
insert into "schoolerp".thana (oid, name_en, name_bn, website, district_oid, status) values ('SCHOOL-ERP-Thana-Bogra-Gabtali','Gabtali','গাবতলী',null,'SCHOOL-ERP-Bogra','Active');
insert into "schoolerp".thana (oid, name_en, name_bn, website, district_oid, status) values ('SCHOOL-ERP-Thana-Bogra-Kahaloo','Kahaloo','কাহালু',null,'SCHOOL-ERP-Bogra','Active');
insert into "schoolerp".thana (oid, name_en, name_bn, website, district_oid, status) values ('SCHOOL-ERP-Thana-Bogra-Adamdighi','Adamdighi','আদমদীঘি',null,'SCHOOL-ERP-Bogra','Active');
insert into "schoolerp".thana (oid, name_en, name_bn, website, district_oid, status) values ('SCHOOL-ERP-Thana-Bogra-Nandigram','Nandigram','নন্দীগ্রাম',null,'SCHOOL-ERP-Bogra','Active');
insert into "schoolerp".thana (oid, name_en, name_bn, website, district_oid, status) values ('SCHOOL-ERP-Thana-Bogra-Sariakandi','Sariakandi','সারিয়াকান্দি',null,'SCHOOL-ERP-Bogra','Active');
insert into "schoolerp".thana (oid, name_en, name_bn, website, district_oid, status) values ('SCHOOL-ERP-Thana-Bogra-Shajahanpur','Shajahanpur','শাজাহানপুর',null,'SCHOOL-ERP-Bogra','Active');
insert into "schoolerp".thana (oid, name_en, name_bn, website, district_oid, status) values ('SCHOOL-ERP-Thana-Bogra-Sherpur','Sherpur','শেরপুর',null,'SCHOOL-ERP-Bogra','Active');
insert into "schoolerp".thana (oid, name_en, name_bn, website, district_oid, status) values ('SCHOOL-ERP-Thana-Bogra-Shibganj','Shibganj','শিবগঞ্জ',null,'SCHOOL-ERP-Bogra','Active');
insert into "schoolerp".thana (oid, name_en, name_bn, website, district_oid, status) values ('SCHOOL-ERP-Thana-Bogra-Sonatola','Sonatola','সোনাটোলা',null,'SCHOOL-ERP-Bogra','Active');
insert into "schoolerp".thana (oid, name_en, name_bn, website, district_oid, status) values ('SCHOOL-ERP-Thana-Bogra-Akkelpur','Akkelpur','আক্কেলপুর',null,'SCHOOL-ERP-Joypurhat','Active');
insert into "schoolerp".thana (oid, name_en, name_bn, website, district_oid, status) values ('SCHOOL-ERP-Thana-Joypurhat-Joypurhat-Sadar','Joypurhat Sadar','জয়পুরহাট সদর',null,'SCHOOL-ERP-Joypurhat','Active');
insert into "schoolerp".thana (oid, name_en, name_bn, website, district_oid, status) values ('SCHOOL-ERP-Thana-Joypurhat-Kalai','Kalai','কালাই',null,'SCHOOL-ERP-Joypurhat','Active');
insert into "schoolerp".thana (oid, name_en, name_bn, website, district_oid, status) values ('SCHOOL-ERP-Thana-Joypurhat-Khetlal','Khetlal','ক্ষেতলাল',null,'SCHOOL-ERP-Joypurhat','Active');
insert into "schoolerp".thana (oid, name_en, name_bn, website, district_oid, status) values ('SCHOOL-ERP-Thana-Joypurhat-Panchbibi','Panchbibi','পাঁচবিবি',null,'SCHOOL-ERP-Joypurhat','Active');
insert into "schoolerp".thana (oid, name_en, name_bn, website, district_oid, status) values ('SCHOOL-ERP-Thana-Joypurhat-Dhamoirhat','Dhamoirhat','ধামইরহাট',null,'SCHOOL-ERP-Naogaon','Active');
insert into "schoolerp".thana (oid, name_en, name_bn, website, district_oid, status) values ('SCHOOL-ERP-Thana-Naogaon-Atrai','Atrai','আত্রাই',null,'SCHOOL-ERP-Naogaon','Active');
insert into "schoolerp".thana (oid, name_en, name_bn, website, district_oid, status) values ('SCHOOL-ERP-Thana-Naogaon-Manda','Manda','মান্দা',null,'SCHOOL-ERP-Naogaon','Active');
insert into "schoolerp".thana (oid, name_en, name_bn, website, district_oid, status) values ('SCHOOL-ERP-Thana-Naogaon-Mahadebpur','Mahadebpur','মহাদেবপুর',null,'SCHOOL-ERP-Naogaon','Active');
insert into "schoolerp".thana (oid, name_en, name_bn, website, district_oid, status) values ('SCHOOL-ERP-Thana-Naogaon-Badalgachhi','Badalgachhi','বদলগাছী',null,'SCHOOL-ERP-Naogaon','Active');
insert into "schoolerp".thana (oid, name_en, name_bn, website, district_oid, status) values ('SCHOOL-ERP-Thana-Naogaon-Naogaon-Sadar','Naogaon Sadar','নওগাঁ সদর',null,'SCHOOL-ERP-Naogaon','Active');
insert into "schoolerp".thana (oid, name_en, name_bn, website, district_oid, status) values ('SCHOOL-ERP-Thana-Naogaon-Niamatpur','Niamatpur','নিয়ামতপুর',null,'SCHOOL-ERP-Naogaon','Active');
insert into "schoolerp".thana (oid, name_en, name_bn, website, district_oid, status) values ('SCHOOL-ERP-Thana-Naogaon-Patnitala','Patnitala','পত্নীতলা',null,'SCHOOL-ERP-Naogaon','Active');
insert into "schoolerp".thana (oid, name_en, name_bn, website, district_oid, status) values ('SCHOOL-ERP-Thana-Naogaon-Porsha','Porsha','পোরশা',null,'SCHOOL-ERP-Naogaon','Active');
insert into "schoolerp".thana (oid, name_en, name_bn, website, district_oid, status) values ('SCHOOL-ERP-Thana-Naogaon-Raninagar','Raninagar','রাণীনগর',null,'SCHOOL-ERP-Naogaon','Active');
insert into "schoolerp".thana (oid, name_en, name_bn, website, district_oid, status) values ('SCHOOL-ERP-Thana-Naogaon-Sapahar','Sapahar','সাপাহার',null,'SCHOOL-ERP-Naogaon','Active');
insert into "schoolerp".thana (oid, name_en, name_bn, website, district_oid, status) values ('SCHOOL-ERP-Thana-Naogaon-Baraigram','Baraigram','বড়াইগ্রাম',null,'SCHOOL-ERP-Natore','Active');
insert into "schoolerp".thana (oid, name_en, name_bn, website, district_oid, status) values ('SCHOOL-ERP-Thana-Natore-Gurudaspur','Gurudaspur','গুরুদাসপুর',null,'SCHOOL-ERP-Natore','Active');
insert into "schoolerp".thana (oid, name_en, name_bn, website, district_oid, status) values ('SCHOOL-ERP-Thana-Natore-Lalpur','Lalpur','লালপুর',null,'SCHOOL-ERP-Natore','Active');
insert into "schoolerp".thana (oid, name_en, name_bn, website, district_oid, status) values ('SCHOOL-ERP-Thana-Natore-Natore-Sadar','Natore Sadar','নাটোর সদর',null,'SCHOOL-ERP-Natore','Active');
insert into "schoolerp".thana (oid, name_en, name_bn, website, district_oid, status) values ('SCHOOL-ERP-Thana-Natore-Baghatipara','Baghatipara','বাঘাটিপাড়া',null,'SCHOOL-ERP-Natore','Active');
insert into "schoolerp".thana (oid, name_en, name_bn, website, district_oid, status) values ('SCHOOL-ERP-Thana-Natore-Singra','Singra','সিংড়া',null,'SCHOOL-ERP-Natore','Active');
insert into "schoolerp".thana (oid, name_en, name_bn, website, district_oid, status) values ('SCHOOL-ERP-Thana-Natore-Naldanga','Naldanga','নলডাঙ্গা',null,'SCHOOL-ERP-Natore','Active');
insert into "schoolerp".thana (oid, name_en, name_bn, website, district_oid, status) values ('SCHOOL-ERP-Thana-Natore-Bholahat','Bholahat','ভোলাহাট',null,'SCHOOL-ERP-Chapai-Nawabganj','Active');
insert into "schoolerp".thana (oid, name_en, name_bn, website, district_oid, status) values ('SCHOOL-ERP-Thana-C. Nababganj-Gomastapur','Gomastapur','গোমস্তাপুর',null,'SCHOOL-ERP-Chapai-Nawabganj','Active');
insert into "schoolerp".thana (oid, name_en, name_bn, website, district_oid, status) values ('SCHOOL-ERP-Thana-C. Nababganj-Nachole','Nachole','নাচোলে',null,'SCHOOL-ERP-Chapai-Nawabganj','Active');
insert into "schoolerp".thana (oid, name_en, name_bn, website, district_oid, status) values ('SCHOOL-ERP-Thana-C. Nababganj-Chapai-Nababganj-Sadar','Chapai Nababganj Sadar','চাঁপাই নবাবগঞ্জ সদর',null,'SCHOOL-ERP-Chapai-Nawabganj','Active');
insert into "schoolerp".thana (oid, name_en, name_bn, website, district_oid, status) values ('SCHOOL-ERP-Thana-C. Nababganj-Shibganj','Shibganj','শিবগঞ্জ',null,'SCHOOL-ERP-Chapai-Nawabganj','Active');
insert into "schoolerp".thana (oid, name_en, name_bn, website, district_oid, status) values ('SCHOOL-ERP-Thana-C. Nababganj-Pabna-Sadar','Pabna Sadar','পাবনা সদর',null,'SCHOOL-ERP-Pabna','Active');
insert into "schoolerp".thana (oid, name_en, name_bn, website, district_oid, status) values ('SCHOOL-ERP-Thana-Pabna-Bera','Bera','বেরা',null,'SCHOOL-ERP-Pabna','Active');
insert into "schoolerp".thana (oid, name_en, name_bn, website, district_oid, status) values ('SCHOOL-ERP-Thana-Pabna-Bhangura','Bhangura','ভাঙ্গুড়া',null,'SCHOOL-ERP-Pabna','Active');
insert into "schoolerp".thana (oid, name_en, name_bn, website, district_oid, status) values ('SCHOOL-ERP-Thana-Pabna-Chatmohar','Chatmohar','চাটমোহর',null,'SCHOOL-ERP-Pabna','Active');
insert into "schoolerp".thana (oid, name_en, name_bn, website, district_oid, status) values ('SCHOOL-ERP-Thana-Pabna-Faridpur','Faridpur','ফরিদপুর',null,'SCHOOL-ERP-Pabna','Active');
insert into "schoolerp".thana (oid, name_en, name_bn, website, district_oid, status) values ('SCHOOL-ERP-Thana-Pabna-Ishwardi','Ishwardi','ঈশ্বরদী',null,'SCHOOL-ERP-Pabna','Active');
insert into "schoolerp".thana (oid, name_en, name_bn, website, district_oid, status) values ('SCHOOL-ERP-Thana-Pabna-Atgharia','Atgharia','আটঘরিয়া',null,'SCHOOL-ERP-Pabna','Active');
insert into "schoolerp".thana (oid, name_en, name_bn, website, district_oid, status) values ('SCHOOL-ERP-Thana-Pabna-Santhia','Santhia','সাঁথিয়া',null,'SCHOOL-ERP-Pabna','Active');
insert into "schoolerp".thana (oid, name_en, name_bn, website, district_oid, status) values ('SCHOOL-ERP-Thana-Pabna-Sujanagar','Sujanagar','সুজানগর',null,'SCHOOL-ERP-Pabna','Active');
insert into "schoolerp".thana (oid, name_en, name_bn, website, district_oid, status) values ('SCHOOL-ERP-Thana-Pabna-Ataikula','Ataikula','আতাইকুলা',null,'SCHOOL-ERP-Pabna','Active');
insert into "schoolerp".thana (oid, name_en, name_bn, website, district_oid, status) values ('SCHOOL-ERP-Thana-Pabna-Aminpur','Aminpur','আমিনপুর',null,'SCHOOL-ERP-Pabna','Active');
insert into "schoolerp".thana (oid, name_en, name_bn, website, district_oid, status) values ('SCHOOL-ERP-Thana-Pabna-Karnahar','Karnahar','কর্ণহার',null,'SCHOOL-ERP-Rajshahi','Active');
insert into "schoolerp".thana (oid, name_en, name_bn, website, district_oid, status) values ('SCHOOL-ERP-Thana-Rajshahi-Damkura','Damkura','দামকুড়া',null,'SCHOOL-ERP-Rajshahi','Active');
insert into "schoolerp".thana (oid, name_en, name_bn, website, district_oid, status) values ('SCHOOL-ERP-Thana-Rajshahi-Shah-Makhdum','Shah Makhdum','শাহ মখদুম',null,'SCHOOL-ERP-Rajshahi','Active');
insert into "schoolerp".thana (oid, name_en, name_bn, website, district_oid, status) values ('SCHOOL-ERP-Thana-Rajshahi-Chandrima','Chandrima','চন্দ্রিমা',null,'SCHOOL-ERP-Rajshahi','Active');
insert into "schoolerp".thana (oid, name_en, name_bn, website, district_oid, status) values ('SCHOOL-ERP-Thana-Rajshahi-Kasiadanga','Kasiadanga','কাশিয়াডাঙ্গা',null,'SCHOOL-ERP-Rajshahi','Active');
insert into "schoolerp".thana (oid, name_en, name_bn, website, district_oid, status) values ('SCHOOL-ERP-Thana-Rajshahi-Katakhali','Katakhali','কাটাখালী',null,'SCHOOL-ERP-Rajshahi','Active');
insert into "schoolerp".thana (oid, name_en, name_bn, website, district_oid, status) values ('SCHOOL-ERP-Thana-Rajshahi-Belpukur','Belpukur','বেলপুকুর',null,'SCHOOL-ERP-Rajshahi','Active');
insert into "schoolerp".thana (oid, name_en, name_bn, website, district_oid, status) values ('SCHOOL-ERP-Thana-Rajshahi-Airport','Airport','বিমানবন্দর',null,'SCHOOL-ERP-Rajshahi','Active');
insert into "schoolerp".thana (oid, name_en, name_bn, website, district_oid, status) values ('SCHOOL-ERP-Thana-Rajshahi-Bagha','Bagha','বাঘা',null,'SCHOOL-ERP-Rajshahi','Active');
insert into "schoolerp".thana (oid, name_en, name_bn, website, district_oid, status) values ('SCHOOL-ERP-Thana-Rajshahi-Baghmara','Baghmara','বাঘমারা',null,'SCHOOL-ERP-Rajshahi','Active');
insert into "schoolerp".thana (oid, name_en, name_bn, website, district_oid, status) values ('SCHOOL-ERP-Thana-Rajshahi-Boalia','Boalia','বোয়ালিয়া',null,'SCHOOL-ERP-Rajshahi','Active');
insert into "schoolerp".thana (oid, name_en, name_bn, website, district_oid, status) values ('SCHOOL-ERP-Thana-Rajshahi-Charghat','Charghat','চারঘাট',null,'SCHOOL-ERP-Rajshahi','Active');
insert into "schoolerp".thana (oid, name_en, name_bn, website, district_oid, status) values ('SCHOOL-ERP-Thana-Rajshahi-Durgapur','Durgapur','দুর্গাপুর',null,'SCHOOL-ERP-Rajshahi','Active');
insert into "schoolerp".thana (oid, name_en, name_bn, website, district_oid, status) values ('SCHOOL-ERP-Thana-Rajshahi-Godagari','Godagari','গোদাগাড়ী',null,'SCHOOL-ERP-Rajshahi','Active');
insert into "schoolerp".thana (oid, name_en, name_bn, website, district_oid, status) values ('SCHOOL-ERP-Thana-Rajshahi-Matihar','Matihar','মতিহার',null,'SCHOOL-ERP-Rajshahi','Active');
insert into "schoolerp".thana (oid, name_en, name_bn, website, district_oid, status) values ('SCHOOL-ERP-Thana-Rajshahi-Mohanpur','Mohanpur','মোহনপুর',null,'SCHOOL-ERP-Rajshahi','Active');
insert into "schoolerp".thana (oid, name_en, name_bn, website, district_oid, status) values ('SCHOOL-ERP-Thana-Rajshahi-Paba','Paba','পবা',null,'SCHOOL-ERP-Rajshahi','Active');
insert into "schoolerp".thana (oid, name_en, name_bn, website, district_oid, status) values ('SCHOOL-ERP-Thana-Rajshahi-Puthia','Puthia','পুঠিয়া',null,'SCHOOL-ERP-Rajshahi','Active');
insert into "schoolerp".thana (oid, name_en, name_bn, website, district_oid, status) values ('SCHOOL-ERP-Thana-Rajshahi-Rajpara','Rajpara','রাজপাড়া',null,'SCHOOL-ERP-Rajshahi','Active');
insert into "schoolerp".thana (oid, name_en, name_bn, website, district_oid, status) values ('SCHOOL-ERP-Thana-Rajshahi-Tanore','Tanore','তানোর',null,'SCHOOL-ERP-Rajshahi','Active');
insert into "schoolerp".thana (oid, name_en, name_bn, website, district_oid, status) values ('SCHOOL-ERP-Thana-Rajshahi-Sirajganj-Sadar','Sirajganj Sadar','সিরাজগঞ্জ সদর',null,'SCHOOL-ERP-Sirajganj','Active');
insert into "schoolerp".thana (oid, name_en, name_bn, website, district_oid, status) values ('SCHOOL-ERP-Thana-Sirajganj-Belkuchi','Belkuchi','বেলকুচি',null,'SCHOOL-ERP-Sirajganj','Active');
insert into "schoolerp".thana (oid, name_en, name_bn, website, district_oid, status) values ('SCHOOL-ERP-Thana-Sirajganj-Chauhali','Chauhali','চৌহালী',null,'SCHOOL-ERP-Sirajganj','Active');
insert into "schoolerp".thana (oid, name_en, name_bn, website, district_oid, status) values ('SCHOOL-ERP-Thana-Sirajganj-Kamarkhanda','Kamarkhanda','কামারখন্দা',null,'SCHOOL-ERP-Sirajganj','Active');
insert into "schoolerp".thana (oid, name_en, name_bn, website, district_oid, status) values ('SCHOOL-ERP-Thana-Sirajganj-Kazipur','Kazipur','কাজিপুর',null,'SCHOOL-ERP-Sirajganj','Active');
insert into "schoolerp".thana (oid, name_en, name_bn, website, district_oid, status) values ('SCHOOL-ERP-Thana-Sirajganj-Roigonj','Roigonj','রায়গঞ্জ',null,'SCHOOL-ERP-Sirajganj','Active');
insert into "schoolerp".thana (oid, name_en, name_bn, website, district_oid, status) values ('SCHOOL-ERP-Thana-Sirajganj-Shahjadpur','Shahjadpur','শাহজাদপুর',null,'SCHOOL-ERP-Sirajganj','Active');
insert into "schoolerp".thana (oid, name_en, name_bn, website, district_oid, status) values ('SCHOOL-ERP-Thana-Sirajganj-Tarash','Tarash','তাড়াশ',null,'SCHOOL-ERP-Sirajganj','Active');
insert into "schoolerp".thana (oid, name_en, name_bn, website, district_oid, status) values ('SCHOOL-ERP-Thana-Sirajganj-UllaPara','UllaPara','উল্লাপাড়া',null,'SCHOOL-ERP-Sirajganj','Active');
insert into "schoolerp".thana (oid, name_en, name_bn, website, district_oid, status) values ('SCHOOL-ERP-Thana-Sirajganj-Salanga','Salanga','সলঙ্গা',null,'SCHOOL-ERP-Sirajganj','Active');
insert into "schoolerp".thana (oid, name_en, name_bn, website, district_oid, status) values ('SCHOOL-ERP-Thana-Sirajganj-BB.-Bridge-(West)','BB. Bridge (West)','বিবি সেতু (পশ্চিম)',null,'SCHOOL-ERP-Sirajganj','Active');
insert into "schoolerp".thana (oid, name_en, name_bn, website, district_oid, status) values ('SCHOOL-ERP-Thana-Sirajganj-Birampur','Birampur','বিরামপুর',null,'SCHOOL-ERP-Dinajpur','Active');
insert into "schoolerp".thana (oid, name_en, name_bn, website, district_oid, status) values ('SCHOOL-ERP-Thana-Dinajpur-Birganj','Birganj','বীরগঞ্জ',null,'SCHOOL-ERP-Dinajpur','Active');
insert into "schoolerp".thana (oid, name_en, name_bn, website, district_oid, status) values ('SCHOOL-ERP-Thana-Dinajpur-Biral','Biral','বিরল',null,'SCHOOL-ERP-Dinajpur','Active');
insert into "schoolerp".thana (oid, name_en, name_bn, website, district_oid, status) values ('SCHOOL-ERP-Thana-Dinajpur-Bochaganj','Bochaganj','বোচাগঞ্জ',null,'SCHOOL-ERP-Dinajpur','Active');
insert into "schoolerp".thana (oid, name_en, name_bn, website, district_oid, status) values ('SCHOOL-ERP-Thana-Dinajpur-Chirirbandar','Chirirbandar','চিরিরবন্দর',null,'SCHOOL-ERP-Dinajpur','Active');
insert into "schoolerp".thana (oid, name_en, name_bn, website, district_oid, status) values ('SCHOOL-ERP-Thana-Dinajpur-Fulbari','Fulbari','ফুলবাড়ি',null,'SCHOOL-ERP-Dinajpur','Active');
insert into "schoolerp".thana (oid, name_en, name_bn, website, district_oid, status) values ('SCHOOL-ERP-Thana-Dinajpur-Ghoraghat','Ghoraghat','ঘোড়াঘাট',null,'SCHOOL-ERP-Dinajpur','Active');
insert into "schoolerp".thana (oid, name_en, name_bn, website, district_oid, status) values ('SCHOOL-ERP-Thana-Dinajpur-Hakimpur','Hakimpur','হাকিমপুর',null,'SCHOOL-ERP-Dinajpur','Active');
insert into "schoolerp".thana (oid, name_en, name_bn, website, district_oid, status) values ('SCHOOL-ERP-Thana-Dinajpur-Kaharole','Kaharole','কাহারোল',null,'SCHOOL-ERP-Dinajpur','Active');
insert into "schoolerp".thana (oid, name_en, name_bn, website, district_oid, status) values ('SCHOOL-ERP-Thana-Dinajpur-Khansama','Khansama','খানসামা',null,'SCHOOL-ERP-Dinajpur','Active');
insert into "schoolerp".thana (oid, name_en, name_bn, website, district_oid, status) values ('SCHOOL-ERP-Thana-Dinajpur-Dinajpur-Sadar','Dinajpur Sadar','দিনাজপুর সদর',null,'SCHOOL-ERP-Dinajpur','Active');
insert into "schoolerp".thana (oid, name_en, name_bn, website, district_oid, status) values ('SCHOOL-ERP-Thana-Dinajpur-Nawabganj','Nawabganj','নবাবগঞ্জ',null,'SCHOOL-ERP-Dinajpur','Active');
insert into "schoolerp".thana (oid, name_en, name_bn, website, district_oid, status) values ('SCHOOL-ERP-Thana-Dinajpur-Parbatipur','Parbatipur','পার্বতীপুর',null,'SCHOOL-ERP-Dinajpur','Active');
insert into "schoolerp".thana (oid, name_en, name_bn, website, district_oid, status) values ('SCHOOL-ERP-Thana-Dinajpur-Fulchhari','Fulchhari','ফুলছড়ি',null,'SCHOOL-ERP-Gaibandha','Active');
insert into "schoolerp".thana (oid, name_en, name_bn, website, district_oid, status) values ('SCHOOL-ERP-Thana-Gaibandha-Gaibandha-Sadar','Gaibandha Sadar','গাইবান্ধা সদর',null,'SCHOOL-ERP-Gaibandha','Active');
insert into "schoolerp".thana (oid, name_en, name_bn, website, district_oid, status) values ('SCHOOL-ERP-Thana-Gaibandha-Gobindaganj','Gobindaganj','গোবিন্দগঞ্জ',null,'SCHOOL-ERP-Gaibandha','Active');
insert into "schoolerp".thana (oid, name_en, name_bn, website, district_oid, status) values ('SCHOOL-ERP-Thana-Gaibandha-Palashbari','Palashbari','পলাশবাড়ী',null,'SCHOOL-ERP-Gaibandha','Active');
insert into "schoolerp".thana (oid, name_en, name_bn, website, district_oid, status) values ('SCHOOL-ERP-Thana-Gaibandha-Sadullapur','Sadullapur','সাদুল্লাপুর',null,'SCHOOL-ERP-Gaibandha','Active');
insert into "schoolerp".thana (oid, name_en, name_bn, website, district_oid, status) values ('SCHOOL-ERP-Thana-Gaibandha-Saghata','Saghata','সাঘাটা',null,'SCHOOL-ERP-Gaibandha','Active');
insert into "schoolerp".thana (oid, name_en, name_bn, website, district_oid, status) values ('SCHOOL-ERP-Thana-Gaibandha-Sundarganj','Sundarganj','সুন্দরগঞ্জ',null,'SCHOOL-ERP-Gaibandha','Active');
insert into "schoolerp".thana (oid, name_en, name_bn, website, district_oid, status) values ('SCHOOL-ERP-Thana-Gaibandha-Phulbari','Phulbari','ফুলবাড়ী',null,'SCHOOL-ERP-Kurigram','Active');
insert into "schoolerp".thana (oid, name_en, name_bn, website, district_oid, status) values ('SCHOOL-ERP-Thana-Kurigram-Kurigram-Sadar','Kurigram Sadar','কুড়িগ্রাম সদর',null,'SCHOOL-ERP-Kurigram','Active');
insert into "schoolerp".thana (oid, name_en, name_bn, website, district_oid, status) values ('SCHOOL-ERP-Thana-Kurigram-Bhurungamari','Bhurungamari','ভূরুঙ্গামারী',null,'SCHOOL-ERP-Kurigram','Active');
insert into "schoolerp".thana (oid, name_en, name_bn, website, district_oid, status) values ('SCHOOL-ERP-Thana-Kurigram-Nageshwari','Nageshwari','নাগেশ্বরী',null,'SCHOOL-ERP-Kurigram','Active');
insert into "schoolerp".thana (oid, name_en, name_bn, website, district_oid, status) values ('SCHOOL-ERP-Thana-Kurigram-Rajarhat','Rajarhat','রাজারহাট',null,'SCHOOL-ERP-Kurigram','Active');
insert into "schoolerp".thana (oid, name_en, name_bn, website, district_oid, status) values ('SCHOOL-ERP-Thana-Kurigram-Raumari','Raumari','রৌমারী',null,'SCHOOL-ERP-Kurigram','Active');
insert into "schoolerp".thana (oid, name_en, name_bn, website, district_oid, status) values ('SCHOOL-ERP-Thana-Kurigram-Char-Rajibpur','Char Rajibpur','চর রাজীবপুর',null,'SCHOOL-ERP-Kurigram','Active');
insert into "schoolerp".thana (oid, name_en, name_bn, website, district_oid, status) values ('SCHOOL-ERP-Thana-Kurigram-Chilmari','Chilmari','চিলমারী',null,'SCHOOL-ERP-Kurigram','Active');
insert into "schoolerp".thana (oid, name_en, name_bn, website, district_oid, status) values ('SCHOOL-ERP-Thana-Kurigram-Ulipur','Ulipur','উলিপুর',null,'SCHOOL-ERP-Kurigram','Active');
insert into "schoolerp".thana (oid, name_en, name_bn, website, district_oid, status) values ('SCHOOL-ERP-Thana-Kurigram-Aditmari','Aditmari','আদিতমারী',null,'SCHOOL-ERP-Lalmonirhat','Active');
insert into "schoolerp".thana (oid, name_en, name_bn, website, district_oid, status) values ('SCHOOL-ERP-Thana-Lalmonirhat-Hatibandha','Hatibandha','হাতীবান্ধা',null,'SCHOOL-ERP-Lalmonirhat','Active');
insert into "schoolerp".thana (oid, name_en, name_bn, website, district_oid, status) values ('SCHOOL-ERP-Thana-Lalmonirhat-Kaliganj','Kaliganj','কালীগঞ্জ',null,'SCHOOL-ERP-Lalmonirhat','Active');
insert into "schoolerp".thana (oid, name_en, name_bn, website, district_oid, status) values ('SCHOOL-ERP-Thana-Lalmonirhat-Lalmonirhat-Sadar','Lalmonirhat Sadar','লালমনিরহাট সদর',null,'SCHOOL-ERP-Lalmonirhat','Active');
insert into "schoolerp".thana (oid, name_en, name_bn, website, district_oid, status) values ('SCHOOL-ERP-Thana-Lalmonirhat-Patgram','Patgram','পাটগ্রাম',null,'SCHOOL-ERP-Lalmonirhat','Active');
insert into "schoolerp".thana (oid, name_en, name_bn, website, district_oid, status) values ('SCHOOL-ERP-Thana-Lalmonirhat-Dimla-Upazila','Dimla Upazila','ডিমলা উপজেলা',null,'SCHOOL-ERP-Nilphamari','Active');
insert into "schoolerp".thana (oid, name_en, name_bn, website, district_oid, status) values ('SCHOOL-ERP-Thana-Nilphamari-Domar-Upazila','Domar Upazila','ডোমার উপজেলা',null,'SCHOOL-ERP-Nilphamari','Active');
insert into "schoolerp".thana (oid, name_en, name_bn, website, district_oid, status) values ('SCHOOL-ERP-Thana-Nilphamari-Jaldhaka-Upazila','Jaldhaka Upazila','জলঢাকা উপজেলা',null,'SCHOOL-ERP-Nilphamari','Active');
insert into "schoolerp".thana (oid, name_en, name_bn, website, district_oid, status) values ('SCHOOL-ERP-Thana-Nilphamari-Kishoreganj-Upazila','Kishoreganj Upazila','কিশোরগঞ্জ উপজেলা',null,'SCHOOL-ERP-Nilphamari','Active');
insert into "schoolerp".thana (oid, name_en, name_bn, website, district_oid, status) values ('SCHOOL-ERP-Thana-Nilphamari-Nilphamari-Sadar-Upaz','Nilphamari Sadar Upaz','নীলফামারী সদর উপজেলা',null,'SCHOOL-ERP-Nilphamari','Active');
insert into "schoolerp".thana (oid, name_en, name_bn, website, district_oid, status) values ('SCHOOL-ERP-Thana-Nilphamari-Saidpur-Upazila','Saidpur Upazila','সৈয়দপুর উপজেলা',null,'SCHOOL-ERP-Nilphamari','Active');
insert into "schoolerp".thana (oid, name_en, name_bn, website, district_oid, status) values ('SCHOOL-ERP-Thana-Nilphamari-Boda','Boda','বোদা',null,'SCHOOL-ERP-Panchagarh','Active');
insert into "schoolerp".thana (oid, name_en, name_bn, website, district_oid, status) values ('SCHOOL-ERP-Thana-Panchagarh-Debiganj','Debiganj','দেবীগঞ্জ',null,'SCHOOL-ERP-Panchagarh','Active');
insert into "schoolerp".thana (oid, name_en, name_bn, website, district_oid, status) values ('SCHOOL-ERP-Thana-Panchagarh-Atwari','Atwari','আটোয়ারী',null,'SCHOOL-ERP-Panchagarh','Active');
insert into "schoolerp".thana (oid, name_en, name_bn, website, district_oid, status) values ('SCHOOL-ERP-Thana-Panchagarh-Panchagarh-Sadar','Panchagarh Sadar','পঞ্চগড় সদর',null,'SCHOOL-ERP-Panchagarh','Active');
insert into "schoolerp".thana (oid, name_en, name_bn, website, district_oid, status) values ('SCHOOL-ERP-Thana-Panchagarh-Tentulia','Tentulia','তেঁতুলিয়া',null,'SCHOOL-ERP-Panchagarh','Active');
insert into "schoolerp".thana (oid, name_en, name_bn, website, district_oid, status) values ('SCHOOL-ERP-Thana-Panchagarh-Sadar-(Kotwali)','Sadar (Kotwali)','সদর (কোতয়ালী)',null,'SCHOOL-ERP-Rangpur','Active');
insert into "schoolerp".thana (oid, name_en, name_bn, website, district_oid, status) values ('SCHOOL-ERP-Thana-Rangpur-Parshuram','Parshuram','পরশুরাম',null,'SCHOOL-ERP-Rangpur','Active');
insert into "schoolerp".thana (oid, name_en, name_bn, website, district_oid, status) values ('SCHOOL-ERP-Thana-Rangpur-Haragach','Haragach','হারাগাছ',null,'SCHOOL-ERP-Rangpur','Active');
insert into "schoolerp".thana (oid, name_en, name_bn, website, district_oid, status) values ('SCHOOL-ERP-Thana-Rangpur-Tajhat','Tajhat','তাজহাট',null,'SCHOOL-ERP-Rangpur','Active');
insert into "schoolerp".thana (oid, name_en, name_bn, website, district_oid, status) values ('SCHOOL-ERP-Thana-Rangpur-Mahiganj','Mahiganj','মাহিগঞ্জ',null,'SCHOOL-ERP-Rangpur','Active');
insert into "schoolerp".thana (oid, name_en, name_bn, website, district_oid, status) values ('SCHOOL-ERP-Thana-Rangpur-Hajirhat','Hajirhat','হাজিরহাট',null,'SCHOOL-ERP-Rangpur','Active');
insert into "schoolerp".thana (oid, name_en, name_bn, website, district_oid, status) values ('SCHOOL-ERP-Thana-Rangpur-Gangachara','Gangachara','গঙ্গাচড়া',null,'SCHOOL-ERP-Rangpur','Active');
insert into "schoolerp".thana (oid, name_en, name_bn, website, district_oid, status) values ('SCHOOL-ERP-Thana-Rangpur-Badarganj','Badarganj','বদরগঞ্জ',null,'SCHOOL-ERP-Rangpur','Active');
insert into "schoolerp".thana (oid, name_en, name_bn, website, district_oid, status) values ('SCHOOL-ERP-Thana-Rangpur-Kaunia','Kaunia','কাউনিয়া',null,'SCHOOL-ERP-Rangpur','Active');
insert into "schoolerp".thana (oid, name_en, name_bn, website, district_oid, status) values ('SCHOOL-ERP-Thana-Rangpur-Mitha-Pukur','Mitha Pukur','মিঠা পুকুর',null,'SCHOOL-ERP-Rangpur','Active');
insert into "schoolerp".thana (oid, name_en, name_bn, website, district_oid, status) values ('SCHOOL-ERP-Thana-Rangpur-Pirgachha','Pirgachha','পীরগাছা',null,'SCHOOL-ERP-Rangpur','Active');
insert into "schoolerp".thana (oid, name_en, name_bn, website, district_oid, status) values ('SCHOOL-ERP-Thana-Rangpur-Pirganj','Pirganj','পীরগঞ্জ',null,'SCHOOL-ERP-Rangpur','Active');
insert into "schoolerp".thana (oid, name_en, name_bn, website, district_oid, status) values ('SCHOOL-ERP-Thana-Rangpur-Taraganj','Taraganj','তারাগঞ্জ',null,'SCHOOL-ERP-Rangpur','Active');
insert into "schoolerp".thana (oid, name_en, name_bn, website, district_oid, status) values ('SCHOOL-ERP-Thana-Rangpur-Haripur','Haripur','হরিপুর',null,'SCHOOL-ERP-Thakurgaon','Active');
insert into "schoolerp".thana (oid, name_en, name_bn, website, district_oid, status) values ('SCHOOL-ERP-Thana-Thakurgaon-Baliadangi','Baliadangi','বালিয়াডাঙ্গী',null,'SCHOOL-ERP-Thakurgaon','Active');
insert into "schoolerp".thana (oid, name_en, name_bn, website, district_oid, status) values ('SCHOOL-ERP-Thana-Thakurgaon-Pirganj','Pirganj','পীরগঞ্জ',null,'SCHOOL-ERP-Thakurgaon','Active');
insert into "schoolerp".thana (oid, name_en, name_bn, website, district_oid, status) values ('SCHOOL-ERP-Thana-Thakurgaon-Ranisankail','Ranisankail','রানীশংকৈল',null,'SCHOOL-ERP-Thakurgaon','Active');
insert into "schoolerp".thana (oid, name_en, name_bn, website, district_oid, status) values ('SCHOOL-ERP-Thana-Thakurgaon-Thakurgaon-Sadar','Thakurgaon Sadar','ঠাকুরগাঁও সদর',null,'SCHOOL-ERP-Thakurgaon','Active');
insert into "schoolerp".thana (oid, name_en, name_bn, website, district_oid, status) values ('SCHOOL-ERP-Thana-Thakurgaon-Baniachong','Baniachong','বানিয়াচং',null,'SCHOOL-ERP-Habiganj','Active');
insert into "schoolerp".thana (oid, name_en, name_bn, website, district_oid, status) values ('SCHOOL-ERP-Thana-Habiganj-Ajmiriganj','Ajmiriganj','আজমিরীগঞ্জ',null,'SCHOOL-ERP-Habiganj','Active');
insert into "schoolerp".thana (oid, name_en, name_bn, website, district_oid, status) values ('SCHOOL-ERP-Thana-Habiganj-Chunarughat','Chunarughat','চুনারুঘাট',null,'SCHOOL-ERP-Habiganj','Active');
insert into "schoolerp".thana (oid, name_en, name_bn, website, district_oid, status) values ('SCHOOL-ERP-Thana-Habiganj-Habiganj-Sadar','Habiganj Sadar','হবিগঞ্জ সদর',null,'SCHOOL-ERP-Habiganj','Active');
insert into "schoolerp".thana (oid, name_en, name_bn, website, district_oid, status) values ('SCHOOL-ERP-Thana-Habiganj-Bahubal','Bahubal','বাহুবল',null,'SCHOOL-ERP-Habiganj','Active');
insert into "schoolerp".thana (oid, name_en, name_bn, website, district_oid, status) values ('SCHOOL-ERP-Thana-Habiganj-Lakhai','Lakhai','লাখাই',null,'SCHOOL-ERP-Habiganj','Active');
insert into "schoolerp".thana (oid, name_en, name_bn, website, district_oid, status) values ('SCHOOL-ERP-Thana-Habiganj-Madhabpur','Madhabpur','মাধবপুর',null,'SCHOOL-ERP-Habiganj','Active');
insert into "schoolerp".thana (oid, name_en, name_bn, website, district_oid, status) values ('SCHOOL-ERP-Thana-Habiganj-Nabiganj','Nabiganj','নবীগঞ্জ',null,'SCHOOL-ERP-Habiganj','Active');
insert into "schoolerp".thana (oid, name_en, name_bn, website, district_oid, status) values ('SCHOOL-ERP-Thana-Habiganj-Barlekha','Barlekha','বড়লেখা',null,'SCHOOL-ERP-Moulvibazar','Active');
insert into "schoolerp".thana (oid, name_en, name_bn, website, district_oid, status) values ('SCHOOL-ERP-Thana-Maulvibazar-Juri','Juri','জুরি',null,'SCHOOL-ERP-Moulvibazar','Active');
insert into "schoolerp".thana (oid, name_en, name_bn, website, district_oid, status) values ('SCHOOL-ERP-Thana-Maulvibazar-Kamalganj','Kamalganj','কমলগঞ্জ',null,'SCHOOL-ERP-Moulvibazar','Active');
insert into "schoolerp".thana (oid, name_en, name_bn, website, district_oid, status) values ('SCHOOL-ERP-Thana-Maulvibazar-Kulaura','Kulaura','কুলাউড়া',null,'SCHOOL-ERP-Moulvibazar','Active');
insert into "schoolerp".thana (oid, name_en, name_bn, website, district_oid, status) values ('SCHOOL-ERP-Thana-Maulvibazar-Maulvibazar-Sadar','Maulvibazar Sadar','মৌলভীবাজার সদর',null,'SCHOOL-ERP-Moulvibazar','Active');
insert into "schoolerp".thana (oid, name_en, name_bn, website, district_oid, status) values ('SCHOOL-ERP-Thana-Maulvibazar-Rajnagar','Rajnagar','রাজনগর',null,'SCHOOL-ERP-Moulvibazar','Active');
insert into "schoolerp".thana (oid, name_en, name_bn, website, district_oid, status) values ('SCHOOL-ERP-Thana-Maulvibazar-Sreemangal','Sreemangal','শ্রীমঙ্গল',null,'SCHOOL-ERP-Moulvibazar','Active');
insert into "schoolerp".thana (oid, name_en, name_bn, website, district_oid, status) values ('SCHOOL-ERP-Thana-Maulvibazar-Bishwambarpur','Bishwambarpur','বিশ্বম্ভরপুর',null,'SCHOOL-ERP-Sunamganj','Active');
insert into "schoolerp".thana (oid, name_en, name_bn, website, district_oid, status) values ('SCHOOL-ERP-Thana-Sunamganj-Chhatak','Chhatak','ছাতক',null,'SCHOOL-ERP-Sunamganj','Active');
insert into "schoolerp".thana (oid, name_en, name_bn, website, district_oid, status) values ('SCHOOL-ERP-Thana-Sunamganj-Dakshin-Sunamganj','Dakshin Sunamganj','দক্ষিণ সুনামগঞ্জ',null,'SCHOOL-ERP-Sunamganj','Active');
insert into "schoolerp".thana (oid, name_en, name_bn, website, district_oid, status) values ('SCHOOL-ERP-Thana-Sunamganj-Derai','Derai','ডেরাই',null,'SCHOOL-ERP-Sunamganj','Active');
insert into "schoolerp".thana (oid, name_en, name_bn, website, district_oid, status) values ('SCHOOL-ERP-Thana-Sunamganj-Dharampasha','Dharampasha','ধরমপাশা',null,'SCHOOL-ERP-Sunamganj','Active');
insert into "schoolerp".thana (oid, name_en, name_bn, website, district_oid, status) values ('SCHOOL-ERP-Thana-Sunamganj-Dowarabazar','Dowarabazar','দোয়ারাবাজার',null,'SCHOOL-ERP-Sunamganj','Active');
insert into "schoolerp".thana (oid, name_en, name_bn, website, district_oid, status) values ('SCHOOL-ERP-Thana-Sunamganj-Jagannathpur','Jagannathpur','জগন্নাথপুর',null,'SCHOOL-ERP-Sunamganj','Active');
insert into "schoolerp".thana (oid, name_en, name_bn, website, district_oid, status) values ('SCHOOL-ERP-Thana-Sunamganj-Jamalganj','Jamalganj','জামালগঞ্জ',null,'SCHOOL-ERP-Sunamganj','Active');
insert into "schoolerp".thana (oid, name_en, name_bn, website, district_oid, status) values ('SCHOOL-ERP-Thana-Sunamganj-Sulla','Sulla','সুল্লা',null,'SCHOOL-ERP-Sunamganj','Active');
insert into "schoolerp".thana (oid, name_en, name_bn, website, district_oid, status) values ('SCHOOL-ERP-Thana-Sunamganj-Sunamganj-Sadar','Sunamganj Sadar','সুনামগঞ্জ সদর',null,'SCHOOL-ERP-Sunamganj','Active');
insert into "schoolerp".thana (oid, name_en, name_bn, website, district_oid, status) values ('SCHOOL-ERP-Thana-Sunamganj-Tahirpur','Tahirpur','তাহিরপুর',null,'SCHOOL-ERP-Sunamganj','Active');
insert into "schoolerp".thana (oid, name_en, name_bn, website, district_oid, status) values ('SCHOOL-ERP-Thana-Sunamganj-Sylhet-(Sadar)','Sylhet (Sadar)','সিলেট (সদর)',null,'SCHOOL-ERP-Sylhet','Active');
insert into "schoolerp".thana (oid, name_en, name_bn, website, district_oid, status) values ('SCHOOL-ERP-Thana-Sylhet-Jalalabad','Jalalabad','জালালাবাদ',null,'SCHOOL-ERP-Sylhet','Active');
insert into "schoolerp".thana (oid, name_en, name_bn, website, district_oid, status) values ('SCHOOL-ERP-Thana-Sylhet-Airport-(Sylhet)','Airport (Sylhet)','বিমানবন্দর (সিলেট)',null,'SCHOOL-ERP-Sylhet','Active');
insert into "schoolerp".thana (oid, name_en, name_bn, website, district_oid, status) values ('SCHOOL-ERP-Thana-Sylhet-Moglabazar','Moglabazar','মোগলাবাজার',null,'SCHOOL-ERP-Sylhet','Active');
insert into "schoolerp".thana (oid, name_en, name_bn, website, district_oid, status) values ('SCHOOL-ERP-Thana-Sylhet-South-Surma','South Surma','দক্ষিণ সুরমা',null,'SCHOOL-ERP-Sylhet','Active');
insert into "schoolerp".thana (oid, name_en, name_bn, website, district_oid, status) values ('SCHOOL-ERP-Thana-Sylhet-Shah-Paran','Shah Paran','শাহ পরান',null,'SCHOOL-ERP-Sylhet','Active');
insert into "schoolerp".thana (oid, name_en, name_bn, website, district_oid, status) values ('SCHOOL-ERP-Thana-Sylhet-Beani-Bazar','Beani Bazar','বিয়ানী বাজার',null,'SCHOOL-ERP-Sylhet','Active');
insert into "schoolerp".thana (oid, name_en, name_bn, website, district_oid, status) values ('SCHOOL-ERP-Thana-Sylhet-Bishwanath','Bishwanath','বিশ্বনাথ',null,'SCHOOL-ERP-Sylhet','Active');
insert into "schoolerp".thana (oid, name_en, name_bn, website, district_oid, status) values ('SCHOOL-ERP-Thana-Sylhet-Companiganj','Companiganj','কোম্পানীগঞ্জ',null,'SCHOOL-ERP-Sylhet','Active');
insert into "schoolerp".thana (oid, name_en, name_bn, website, district_oid, status) values ('SCHOOL-ERP-Thana-Sylhet-Dakshin-Surma','Dakshin Surma','দক্ষিণ সুরমা',null,'SCHOOL-ERP-Sylhet','Active');
insert into "schoolerp".thana (oid, name_en, name_bn, website, district_oid, status) values ('SCHOOL-ERP-Thana-Sylhet-Fenchuganj','Fenchuganj','ফেঞ্চুগঞ্জ',null,'SCHOOL-ERP-Sylhet','Active');
insert into "schoolerp".thana (oid, name_en, name_bn, website, district_oid, status) values ('SCHOOL-ERP-Thana-Sylhet-Golapganj','Golapganj','গোলাপগঞ্জ',null,'SCHOOL-ERP-Sylhet','Active');
insert into "schoolerp".thana (oid, name_en, name_bn, website, district_oid, status) values ('SCHOOL-ERP-Thana-Sylhet-Gowainghat','Gowainghat','গোয়াইনঘাট',null,'SCHOOL-ERP-Sylhet','Active');
insert into "schoolerp".thana (oid, name_en, name_bn, website, district_oid, status) values ('SCHOOL-ERP-Thana-Sylhet-Jaintiapur','Jaintiapur','জৈন্তাপুর',null,'SCHOOL-ERP-Sylhet','Active');
insert into "schoolerp".thana (oid, name_en, name_bn, website, district_oid, status) values ('SCHOOL-ERP-Thana-Sylhet-Kanaighat','Kanaighat','কানাইঘাট',null,'SCHOOL-ERP-Sylhet','Active');
insert into "schoolerp".thana (oid, name_en, name_bn, website, district_oid, status) values ('SCHOOL-ERP-Thana-Sylhet-Balaganj','Balaganj','বালাগঞ্জ',null,'SCHOOL-ERP-Sylhet','Active');
insert into "schoolerp".thana (oid, name_en, name_bn, website, district_oid, status) values ('SCHOOL-ERP-Thana-Sylhet-Zakiganj','Zakiganj','জকিগঞ্জ',null,'SCHOOL-ERP-Sylhet','Active');
commit;


