-- sms_feature
insert into "schoolerp".sms_feature (oid, name_en, name_bn, sms_template_name, sms_template_text_en, sms_template_text_bn, sms_language, email_subject, email_template_text_en, email_template_text_bn, email_language, message_parameter_json, applicable_for, remarks, status) values ('SCHOOL-ERP-SMS-Features-Admission-00001','Admission','ভর্তি','Admission','Congratulation. Your application in ${instituteName} submitted successfully. Your application ID is ${admissionId}.','অভিনন্দন। ${instituteName} এ আপনার আবেদন সফলভাবে জমা হয়েছে। আপনার আবেদন আইডি হল ${admissionId}।','English','Admission','Congratulation. Your application in ${instituteName} submitted successfully. Your application ID is ${admissionId}.','অভিনন্দন। ${instituteName} এ আপনার আবেদন সফলভাবে জমা হয়েছে। আপনার আবেদন আইডি হল ${admissionId}।','English','[{"oid":"SCHOOL-ERP-Meesage-Template-Parameter-Institute-Name","parameterId":"MSG-T-P-0001","nameEn":"Institute Name","nameBn":"প্রতিষ্ঠানের নাম","parameterValue":"${instituteName}","isGeneral":"Yes"},{"oid":"SCHOOL-ERP-Meesage-Template-Parameter-Academic-Session","parameterId":"MSG-T-P-0002","nameEn":"Academic Session","nameBn":"একাডেমিক সেশন","parameterValue":"${academicSession}","isGeneral":"Yes"},{"oid":"SCHOOL-ERP-Meesage-Template-Parameter-Applicant-Name","parameterId":"MSG-T-P-0003","nameEn":"Applicant Name","nameBn":"আবেদনকারীর নাম","parameterValue":"${applicantName}","isGeneral":"Yes"},{"oid":"SCHOOL-ERP-Meesage-Template-Parameter-Admission-Id","parameterId":"MSG-T-P-0004","nameEn":"Admission Id","nameBn":"ভর্তির আইডি","parameterValue":"${admissionId}","isGeneral":"Yes"}]','Institute',null,'Active');
insert into "schoolerp".sms_feature (oid, name_en, name_bn, sms_template_name, sms_template_text_en, sms_template_text_bn, sms_language, email_subject, email_template_text_en, email_template_text_bn, email_language, message_parameter_json, applicable_for, remarks, status) values ('SCHOOL-ERP-SMS-Features-Admission-Selection-00002','Admission Student Selection','ভর্তি নির্বাচন','Admission_Selection','Congratulations on your selection to ${instituteName}. Your total admission fee is ${admissionFee}. Please contact the registration office.','${instituteName}-এ আপনার নির্বাচনের জন্য অভিনন্দন। আপনার মোট ভর্তি ফি হল ${admissionFee}। অনুগ্রহ করে রেজিস্ট্রেশন অফিসে যোগাযোগ করুন।','English','Admission Student Selection','Congratulations on your selection to ${instituteName}. Your total admission fee is ${admissionFee}. Please contact the registration office.','${instituteName}-এ আপনার নির্বাচনের জন্য অভিনন্দন। আপনার মোট ভর্তি ফি হল ${admissionFee}। অনুগ্রহ করে রেজিস্ট্রেশন অফিসে যোগাযোগ করুন।','English','[{"oid":"SCHOOL-ERP-Meesage-Template-Parameter-Institute-Name","parameterId":"MSG-T-P-0001","nameEn":"Institute Name","nameBn":"প্রতিষ্ঠানের নাম","parameterValue":"${instituteName}","isGeneral":"Yes"},{"oid":"SCHOOL-ERP-Meesage-Template-Parameter-Academic-Session","parameterId":"MSG-T-P-0002","nameEn":"Academic Session","nameBn":"একাডেমিক সেশন","parameterValue":"${academicSession}","isGeneral":"Yes"},{"oid":"SCHOOL-ERP-Meesage-Template-Parameter-Applicant-Name","parameterId":"MSG-T-P-0003","nameEn":"Applicant Name","nameBn":"আবেদনকারীর নাম","parameterValue":"${applicantName}","isGeneral":"Yes"},{"oid":"SCHOOL-ERP-Meesage-Template-Parameter-Admission-Id","parameterId":"MSG-T-P-0004","nameEn":"Admission Id","nameBn":"ভর্তির আইডি","parameterValue":"${admissionId}","isGeneral":"Yes"},{"oid":"SCHOOL-ERP-Meesage-Template-Parameter-Admission-Fee","parameterId":"MSG-T-P-0005","nameEn":"Admission Fee","nameBn":"ভর্তি খরচ","parameterValue":"${admissionFee}","isGeneral":"Yes"}]','Institute',null,'Active');
insert into "schoolerp".sms_feature (oid, name_en, name_bn, sms_template_name, sms_template_text_en, sms_template_text_bn, sms_language, email_subject, email_template_text_en, email_template_text_bn, email_language, message_parameter_json, applicable_for, remarks, status) values ('SCHOOL-ERP-SMS-Features-Admission-Approve-00003','Admission Approved','ভর্তির অনুমোদন','Admission_Approve','Congratulations on all process completion. Successfully received amount ${amount}. Your orientation class will start from ${orientationDate}.','সমস্ত প্রক্রিয়া সমাপ্তির জন্য অভিনন্দন. ${amount} টাকা সফলভাবে প্রাপ্ত হয়েছে। আপনার ওরিয়েন্টেশন ক্লাস শুরু হবে ${orientationDate} থেকে।','English','Admission Approved','Congratulations on all process completion. Successfully received amount ${amount}. Your orientation class will start from ${orientationDate}.','সমস্ত প্রক্রিয়া সমাপ্তির জন্য অভিনন্দন. ${amount} টাকা সফলভাবে প্রাপ্ত হয়েছে। আপনার ওরিয়েন্টেশন ক্লাস শুরু হবে ${orientationDate} থেকে।','English','[{"oid":"SCHOOL-ERP-Meesage-Template-Parameter-Institute-Name","parameterId":"MSG-T-P-0001","nameEn":"Institute Name","nameBn":"প্রতিষ্ঠানের নাম","parameterValue":"${instituteName}","isGeneral":"Yes"},{"oid":"SCHOOL-ERP-Meesage-Template-Parameter-Academic-Session","parameterId":"MSG-T-P-0002","nameEn":"Academic Session","nameBn":"একাডেমিক সেশন","parameterValue":"${academicSession}","isGeneral":"Yes"},{"oid":"SCHOOL-ERP-Meesage-Template-Parameter-Applicant-Name","parameterId":"MSG-T-P-0003","nameEn":"Applicant Name","nameBn":"আবেদনকারীর নাম","parameterValue":"${applicantName}","isGeneral":"Yes"},{"oid":"SCHOOL-ERP-Meesage-Template-Parameter-Admission-Id","parameterId":"MSG-T-P-0004","nameEn":"Admission Id","nameBn":"ভর্তির আইডি","parameterValue":"${admissionId}","isGeneral":"Yes"},{"oid":"SCHOOL-ERP-Meesage-Template-Parameter-Admission-Fee","parameterId":"MSG-T-P-0005","nameEn":"Admission Fee","nameBn":"ভর্তি খরচ","parameterValue":"${admissionFee}","isGeneral":"Yes"},{"oid":"SCHOOL-ERP-Meesage-Template-Parameter-Received-Amount","parameterId":"MSG-T-P-0009","nameEn":"Received Amount","nameBn":"প্রাপ্ত টাকার পরিমাণ","parameterValue":"${receivedAmount}","isGeneral":"Yes"}]','Institute',null,'Active');
insert into "schoolerp".sms_feature (oid, name_en, name_bn, sms_template_name, sms_template_text_en, sms_template_text_bn, sms_language, email_subject, email_template_text_en, email_template_text_bn, email_language, message_parameter_json, applicable_for, remarks, status) values ('SCHOOL-ERP-SMS-Features-Student-Credential-00004','Student Credential','স্টুডেন্ট ক্রেডেনশিয়াল','Student_Credential','Dear student, \n${studentName}, Your login details for ${instituteName} Academy is: User Id: ${loginId} Password: ${password}. Please change password after first login \nRegards \n${instituteName}','প্রিয় ছাত্র, \n${studentName}, ${instituteName} একাডেমির জন্য আপনার লগইন বিবরণ হল: User Id: ${loginId} পাসওয়ার্ড: ${password}। অনুগ্রহ করে প্রথম লগইন করার পর পাসওয়ার্ড পরিবর্তন করুন \nশুভেচ্ছা \n${instituteName}','English','Student Credential','Dear student, \n${studentName}, Your login details for ${instituteName} Academy is: User Id: ${loginId} Password: ${password}. Please change password after first login \nRegards \n${instituteName}','প্রিয় ছাত্র, \n${studentName}, ${instituteName} একাডেমির জন্য আপনার লগইন বিবরণ হল: User Id: ${loginId} পাসওয়ার্ড: ${password}। অনুগ্রহ করে প্রথম লগইন করার পর পাসওয়ার্ড পরিবর্তন করুন \nশুভেচ্ছা \n${instituteName}','English','[{"oid":"SCHOOL-ERP-Meesage-Template-Parameter-Institute-Name","parameterId":"MSG-T-P-0001","nameEn":"Institute Name","nameBn":"প্রতিষ্ঠানের নাম","parameterValue":"${instituteName}","isGeneral":"Yes"},{"oid":"SCHOOL-ERP-Meesage-Template-Parameter-Student-Name","parameterId":"MSG-T-P-0006","nameEn":"Student Name","nameBn":"শিক্ষার্থীর নাম","parameterValue":"${studentName}","isGeneral":"Yes"},{"oid":"SCHOOL-ERP-Meesage-Template-Parameter-Login-Id","parameterId":"MSG-T-P-0011","nameEn":"Login Id","nameBn":"লগইন আইডি","parameterValue":"${loginId}","isGeneral":"Yes"},{"oid":"SCHOOL-ERP-Meesage-Template-Parameter-Password","parameterId":"MSG-T-P-0012","nameEn":"Password","nameBn":"পাসওয়ার্ড","parameterValue":"${password}","isGeneral":"Yes"}]','Institute',null,'Active');
insert into "schoolerp".sms_feature (oid, name_en, name_bn, sms_template_name, sms_template_text_en, sms_template_text_bn, sms_language, email_subject, email_template_text_en, email_template_text_bn, email_language, message_parameter_json, applicable_for, remarks, status) values ('SCHOOL-ERP-SMS-Features-Guardian-Credential-00005','Guardian Credential','গার্ডিয়ান ক্রেডেনশিয়াল','Guardian_Credential','Dear Guardian, \nGuardian login Id is ${loginId} and password is ${password}. Please change the password after the first login. \nRegards \n${instituteName}','প্রিয় অভিভাবক, \nঅভিভাবকের লগইন আইডি হল ${loginId} এবং পাসওয়ার্ড হল ${password}। প্রথম লগইন করার পরে পাসওয়ার্ড পরিবর্তন করুন. \nশুভেচ্ছা \n${instituteName}','English','Guardian Credential','Dear Guardian, \nGuardian login Id is ${loginId} and password is ${password}. Please change the password after the first login. \nRegards \n${instituteName}','প্রিয় অভিভাবক, \nঅভিভাবকের লগইন আইডি হল ${loginId} এবং পাসওয়ার্ড হল ${password}। প্রথম লগইন করার পরে পাসওয়ার্ড পরিবর্তন করুন. \nশুভেচ্ছা \n${instituteName}','English','[{"oid":"SCHOOL-ERP-Meesage-Template-Parameter-Institute-Name","parameterId":"MSG-T-P-0001","nameEn":"Institute Name","nameBn":"প্রতিষ্ঠানের নাম","parameterValue":"${instituteName}","isGeneral":"Yes"},{"oid":"SCHOOL-ERP-Meesage-Template-Parameter-Guardian-Name","parameterId":"MSG-T-P-0021","nameEn":"Guardian Name","nameBn":"অভিভাবকের নাম","parameterValue":"${guardianName}","isGeneral":"Yes"},{"oid":"SCHOOL-ERP-Meesage-Template-Parameter-Login-Id","parameterId":"MSG-T-P-0011","nameEn":"Login Id","nameBn":"লগইন আইডি","parameterValue":"${loginId}","isGeneral":"Yes"},{"oid":"SCHOOL-ERP-Meesage-Template-Parameter-Password","parameterId":"MSG-T-P-0012","nameEn":"Password","nameBn":"পাসওয়ার্ড","parameterValue":"${password}","isGeneral":"Yes"}]','Institute',null,'Active');
insert into "schoolerp".sms_feature (oid, name_en, name_bn, sms_template_name, sms_template_text_en, sms_template_text_bn, sms_language, email_subject, email_template_text_en, email_template_text_bn, email_language, message_parameter_json, applicable_for, remarks, status) values ('SCHOOL-ERP-SMS-Features-Teacher-Credential-00006','Teacher Credential','শিক্ষক ক্রেডেনশিয়াল','Teacher_Credential','Dear Teacher, \nTeacher login Id is ${loginId} and password is ${password}. Please change the password after the first login. \nRegards \n${instituteName}','প্রিয় শিক্ষক, \nশিক্ষকের লগইন আইডি হল ${loginId} এবং পাসওয়ার্ড হল ${password}। প্রথম লগইন করার পরে পাসওয়ার্ড পরিবর্তন করুন. \nশুভেচ্ছা \n${instituteName}','English','Teacher Credential','Dear Teacher, \nTeacher login Id is ${loginId} and password is ${password}. Please change the password after the first login. \nRegards \n${instituteName}','প্রিয় শিক্ষক, \nশিক্ষকের লগইন আইডি হল ${loginId} এবং পাসওয়ার্ড হল ${password}। প্রথম লগইন করার পরে পাসওয়ার্ড পরিবর্তন করুন. \nশুভেচ্ছা \n${instituteName}','English','[{"oid":"SCHOOL-ERP-Meesage-Template-Parameter-Institute-Name","parameterId":"MSG-T-P-0001","nameEn":"Institute Name","nameBn":"প্রতিষ্ঠানের নাম","parameterValue":"${instituteName}","isGeneral":"Yes"},{"oid":"SCHOOL-ERP-Meesage-Template-Parameter-Teacher-Name","parameterId":"MSG-T-P-0019","nameEn":"Teacher Name","nameBn":"শিক্ষকের নাম","parameterValue":"${teacherName}","isGeneral":"Yes"},{"oid":"SCHOOL-ERP-Meesage-Template-Parameter-Login-Id","parameterId":"MSG-T-P-0011","nameEn":"Login Id","nameBn":"লগইন আইডি","parameterValue":"${loginId}","isGeneral":"Yes"},{"oid":"SCHOOL-ERP-Meesage-Template-Parameter-Password","parameterId":"MSG-T-P-0012","nameEn":"Password","nameBn":"পাসওয়ার্ড","parameterValue":"${password}","isGeneral":"Yes"}]','Institute',null,'Active');
insert into "schoolerp".sms_feature (oid, name_en, name_bn, sms_template_name, sms_template_text_en, sms_template_text_bn, sms_language, email_subject, email_template_text_en, email_template_text_bn, email_language, message_parameter_json, applicable_for, remarks, status) values ('SCHOOL-ERP-SMS-Features-Student-Absent-00007','Student Absent','শিক্ষার্থী অনুপস্থিত','Student_Absent','Dear Guardian, \nYour Children ${studentName} of (${className} and ${rollNo}) is absent today. Kindly send a leave application/medical certificate as per the school policy.\nRegards\n${instituteName}','প্রিয় অভিভাবক, \nআপনার সন্তান ${studentName} (${className} এবং  ${rollNo}) আজ অনুপস্থিত৷ স্কুলের নীতি অনুযায়ী ছুটির আবেদন/চিকিৎসা সনদপত্র পাঠান।\nশুভেচ্ছা\n${instituteName}','English','Student Absent','Dear Guardian, \nYour Children ${studentName} of (${className} and ${rollNo}) is absent today. Kindly send a leave application/medical certificate as per the school policy.\nRegards\n${instituteName}','প্রিয় অভিভাবক, \nআপনার সন্তান ${studentName} (${className} এবং  ${rollNo}) আজ অনুপস্থিত৷ স্কুলের নীতি অনুযায়ী ছুটির আবেদন/চিকিৎসা সনদপত্র পাঠান।\nশুভেচ্ছা\n${instituteName}','English','[{"oid":"SCHOOL-ERP-Meesage-Template-Parameter-Institute-Name","parameterId":"MSG-T-P-0001","nameEn":"Institute Name","nameBn":"প্রতিষ্ঠানের নাম","parameterValue":"${instituteName}","isGeneral":"Yes"},{"oid":"SCHOOL-ERP-Meesage-Template-Parameter-Academic-Session","parameterId":"MSG-T-P-0002","nameEn":"Academic Session","nameBn":"একাডেমিক সেশন","parameterValue":"${academicSession}","isGeneral":"Yes"},{"oid":"SCHOOL-ERP-Meesage-Template-Parameter-Student-Name","parameterId":"MSG-T-P-0006","nameEn":"Student Name","nameBn":"শিক্ষার্থীর নাম","parameterValue":"${studentName}","isGeneral":"Yes"},{"oid":"SCHOOL-ERP-Meesage-Template-Parameter-Class-Name","parameterId":"MSG-T-P-0013","nameEn":"Class Name","nameBn":"শ্রেণির নাম","parameterValue":"${className}","isGeneral":"Yes"},{"oid":"SCHOOL-ERP-Meesage-Template-Parameter-Roll-No","parameterId":"MSG-T-P-0014","nameEn":"Roll No","nameBn":"রোল নম্বর","parameterValue":"${rollNo}","isGeneral":"Yes"},{"oid":"SCHOOL-ERP-Meesage-Template-Parameter-Present-Date","parameterId":"MSG-T-P-0015","nameEn":"Present Date","nameBn":"উপস্থিতির তারিখ","parameterValue":"${presentDate}","isGeneral":"Yes"}]','Institute',null,'Active');
insert into "schoolerp".sms_feature (oid, name_en, name_bn, sms_template_name, sms_template_text_en, sms_template_text_bn, sms_language, email_subject, email_template_text_en, email_template_text_bn, email_language, message_parameter_json, applicable_for, remarks, status) values ('SCHOOL-ERP-SMS-Features-Student-Present-00008','Student Present','শিক্ষার্থী উপস্থিত','Student_Present','Dear Guardian,\nYour Children ${studentName} of (${className} and ${rollNo}) is present today at ${presentTime}.\nRegards\n${instituteName}','প্রিয় অভিভাবক,\nআপনার সন্তান (${studentName} (${className} এবং  ${rollNo}) আজ ${presentTime} এ উপস্থিত।\nশুভেচ্ছা\n${instituteName}','English','Student Present','Dear Guardian,\nYour Children ${studentName} of (${className} and ${rollNo}) is present today at ${presentTime}.\nRegards\n${instituteName}','প্রিয় অভিভাবক,\nআপনার সন্তান (${studentName} (${className} এবং  ${rollNo}) আজ ${presentTime} এ উপস্থিত।\nশুভেচ্ছা\n${instituteName}','English','[{"oid":"SCHOOL-ERP-Meesage-Template-Parameter-Institute-Name","parameterId":"MSG-T-P-0001","nameEn":"Institute Name","nameBn":"প্রতিষ্ঠানের নাম","parameterValue":"${instituteName}","isGeneral":"Yes"},{"oid":"SCHOOL-ERP-Meesage-Template-Parameter-Academic-Session","parameterId":"MSG-T-P-0002","nameEn":"Academic Session","nameBn":"একাডেমিক সেশন","parameterValue":"${academicSession}","isGeneral":"Yes"},{"oid":"SCHOOL-ERP-Meesage-Template-Parameter-Student-Name","parameterId":"MSG-T-P-0006","nameEn":"Student Name","nameBn":"শিক্ষার্থীর নাম","parameterValue":"${studentName}","isGeneral":"Yes"},{"oid":"SCHOOL-ERP-Meesage-Template-Parameter-Class-Name","parameterId":"MSG-T-P-0013","nameEn":"Class Name","nameBn":"শ্রেণির নাম","parameterValue":"${className}","isGeneral":"Yes"},{"oid":"SCHOOL-ERP-Meesage-Template-Parameter-Roll-No","parameterId":"MSG-T-P-0014","nameEn":"Roll No","nameBn":"রোল নম্বর","parameterValue":"${rollNo}","isGeneral":"Yes"},{"oid":"SCHOOL-ERP-Meesage-Template-Parameter-Present-Date","parameterId":"MSG-T-P-0015","nameEn":"Present Date","nameBn":"উপস্থিতির তারিখ","parameterValue":"${presentDate}","isGeneral":"Yes"}]','Institute',null,'Active');
insert into "schoolerp".sms_feature (oid, name_en, name_bn, sms_template_name, sms_template_text_en, sms_template_text_bn, sms_language, email_subject, email_template_text_en, email_template_text_bn, email_language, message_parameter_json, applicable_for, remarks, status) values ('SCHOOL-ERP-SMS-Features-Exam-Publish-00009','Exam Publish','পরীক্ষা প্রকাশ','Exam_Publish','Dear Guardian,\nYour children ${studentName} ${className} ${examType} start from ${examStartDate}. Schedule uploaded in student dashboard. Good luck\nRegards\n${instituteName}','প্রিয় অভিভাবক,\nআপনার সন্তান ${studentName} ${className} ${examType} ${examStartDate} থেকে নির্ধারণ হয়েছে। স্টুডেন্ট ড্যাশবোর্ডে শিডিউল আপলোড করা হয়েছে। শুভকামনা\nশুভেচ্ছা\n${instituteName}','English','Exam Publish','Dear Guardian,\nYour children ${studentName} ${className} ${examType} start from ${examStartDate}. Schedule uploaded in student dashboard. Good luck\nRegards\n${instituteName}','প্রিয় অভিভাবক,\nআপনার সন্তান ${studentName} ${className} ${examType} ${examStartDate} থেকে নির্ধারণ হয়েছে। স্টুডেন্ট ড্যাশবোর্ডে শিডিউল আপলোড করা হয়েছে। শুভকামনা\nশুভেচ্ছা\n${instituteName}','English','[{"oid":"SCHOOL-ERP-Meesage-Template-Parameter-Institute-Name","parameterId":"MSG-T-P-0001","nameEn":"Institute Name","nameBn":"প্রতিষ্ঠানের নাম","parameterValue":"${instituteName}","isGeneral":"Yes"},{"oid":"SCHOOL-ERP-Meesage-Template-Parameter-Academic-Session","parameterId":"MSG-T-P-0002","nameEn":"Academic Session","nameBn":"একাডেমিক সেশন","parameterValue":"${academicSession}","isGeneral":"Yes"},{"oid":"SCHOOL-ERP-Meesage-Template-Parameter-Student-Name","parameterId":"MSG-T-P-0006","nameEn":"Student Name","nameBn":"শিক্ষার্থীর নাম","parameterValue":"${studentName}","isGeneral":"Yes"},{"oid":"SCHOOL-ERP-Meesage-Template-Parameter-Class-Name","parameterId":"MSG-T-P-0013","nameEn":"Class Name","nameBn":"শ্রেণির নাম","parameterValue":"${className}","isGeneral":"Yes"},{"oid":"SCHOOL-ERP-Meesage-Template-Parameter-Roll-No","parameterId":"MSG-T-P-0014","nameEn":"Roll No","nameBn":"রোল নম্বর","parameterValue":"${rollNo}","isGeneral":"Yes"},{"oid":"SCHOOL-ERP-Meesage-Template-Parameter-Exam-Type","parameterId":"MSG-T-P-0017","nameEn":"Exam Type","nameBn":"পরীক্ষার ধরন","parameterValue":"${examType}","isGeneral":"Yes"}]','Institute',null,'Active');
insert into "schoolerp".sms_feature (oid, name_en, name_bn, sms_template_name, sms_template_text_en, sms_template_text_bn, sms_language, email_subject, email_template_text_en, email_template_text_bn, email_language, message_parameter_json, applicable_for, remarks, status) values ('SCHOOL-ERP-SMS-Features-Exam-Result-Publish-00010','Exam Result Publish','পরীক্ষার ফলাফল প্রকাশ','Exam_Result_Publish','Dear Guardian,\nYour children ${studentName} ${className} ${examType} result is ${studentResult}.\nRegards\n${instituteName}','প্রিয় অভিভাবক,\nআপনার সন্তান ${studentName} ${className} ${examType} ফলাফল হল ${studentResult}।\nশুভেচ্ছা\n${instituteName}','English','Exam Result Publish','Dear Guardian,\nYour children ${studentName} ${className} ${examType} result is ${studentResult}.\nRegards\n${instituteName}','প্রিয় অভিভাবক,\nআপনার সন্তান ${studentName} ${className} ${examType} ফলাফল হল ${studentResult}।\nশুভেচ্ছা\n${instituteName}','English','[{"oid":"SCHOOL-ERP-Meesage-Template-Parameter-Institute-Name","parameterId":"MSG-T-P-0001","nameEn":"Institute Name","nameBn":"প্রতিষ্ঠানের নাম","parameterValue":"${instituteName}","isGeneral":"Yes"},{"oid":"SCHOOL-ERP-Meesage-Template-Parameter-Academic-Session","parameterId":"MSG-T-P-0002","nameEn":"Academic Session","nameBn":"একাডেমিক সেশন","parameterValue":"${academicSession}","isGeneral":"Yes"},{"oid":"SCHOOL-ERP-Meesage-Template-Parameter-Student-Name","parameterId":"MSG-T-P-0006","nameEn":"Student Name","nameBn":"শিক্ষার্থীর নাম","parameterValue":"${studentName}","isGeneral":"Yes"},{"oid":"SCHOOL-ERP-Meesage-Template-Parameter-Class-Name","parameterId":"MSG-T-P-0013","nameEn":"Class Name","nameBn":"শ্রেণির নাম","parameterValue":"${className}","isGeneral":"Yes"},{"oid":"SCHOOL-ERP-Meesage-Template-Parameter-Roll-No","parameterId":"MSG-T-P-0014","nameEn":"Roll No","nameBn":"রোল নম্বর","parameterValue":"${rollNo}","isGeneral":"Yes"},{"oid":"SCHOOL-ERP-Meesage-Template-Parameter-Exam-Type","parameterId":"MSG-T-P-0017","nameEn":"Exam Type","nameBn":"পরীক্ষার ধরন","parameterValue":"${examType}","isGeneral":"Yes"}]','Institute',null,'Active');
commit;

-- sms_service
insert into "schoolerp".sms_service (oid, name_en, name_bn, sms_template_name, sms_template_text_en, sms_template_text_bn, sms_language, sms_push, email_subject, email_template_text_en, email_template_text_bn, email_language, email_push, applicable_for, remarks, status, sms_feature_oid, institute_oid) values ('SCHOOL-ERP-SMS-Service-00001','Admission','ভর্তি','Admission','Congratulation. Your application in ${instituteName} submitted successfully. Your application ID is ${admissionId}.','অভিনন্দন। ${instituteName} এ আপনার আবেদন সফলভাবে জমা হয়েছে। আপনার আবেদন আইডি হল ${admissionId}।','English','Off','Admission','Congratulation. Your application in ${instituteName} submitted successfully. Your application ID is ${admissionId}.','অভিনন্দন। ${instituteName} এ আপনার আবেদন সফলভাবে জমা হয়েছে। আপনার আবেদন আইডি হল ${admissionId}।','English','Off','Institute',null,'Active','SCHOOL-ERP-SMS-Features-Admission-00001','SCHOOL-ERP-Demo-School-001');
insert into "schoolerp".sms_service (oid, name_en, name_bn, sms_template_name, sms_template_text_en, sms_template_text_bn, sms_language, sms_push, email_subject, email_template_text_en, email_template_text_bn, email_language, email_push, applicable_for, remarks, status, sms_feature_oid, institute_oid) values ('SCHOOL-ERP-103905-SMS-Service-Sharif-Ullah-High-School-And-College-00001','Admission','ভর্তি','Admission','Congratulation. Your application in ${instituteName} submitted successfully. Your application ID is ${admissionId}.','অভিনন্দন। ${instituteName} এ আপনার আবেদন সফলভাবে জমা হয়েছে। আপনার আবেদন আইডি হল ${admissionId}।','English','Off','Admission','Congratulation. Your application in ${instituteName} submitted successfully. Your application ID is ${admissionId}.','অভিনন্দন। ${instituteName} এ আপনার আবেদন সফলভাবে জমা হয়েছে। আপনার আবেদন আইডি হল ${admissionId}।','English','Off','Institute',null,'Active','SCHOOL-ERP-SMS-Features-Admission-00001','SCHOOL-ERP-Demo-School-Sharif-Ullah-High-School-And-College');
insert into "schoolerp".sms_service (oid, name_en, name_bn, sms_template_name, sms_template_text_en, sms_template_text_bn, sms_language, sms_push, email_subject, email_template_text_en, email_template_text_bn, email_language, email_push, applicable_for, remarks, status, sms_feature_oid, institute_oid) values ('SCHOOL-ERP-103905-SMS-Service-Sharif-Ullah-High-School-And-College-00002','Admission Student Selection','ভর্তি নির্বাচন','Admission_Selection','Congratulations on your selection to ${instituteName}. Your total admission fee is ${admissionFee}. Please contact the registration office.','${instituteName}-এ আপনার নির্বাচনের জন্য অভিনন্দন। আপনার মোট ভর্তি ফি হল ${admissionFee}। অনুগ্রহ করে রেজিস্ট্রেশন অফিসে যোগাযোগ করুন।','English','Off','Admission Student Selection','Congratulations on your selection to ${instituteName}. Your total admission fee is ${admissionFee}. Please contact the registration office.','${instituteName}-এ আপনার নির্বাচনের জন্য অভিনন্দন। আপনার মোট ভর্তি ফি হল ${admissionFee}। অনুগ্রহ করে রেজিস্ট্রেশন অফিসে যোগাযোগ করুন।','English','Off','Institute',null,'Active','SCHOOL-ERP-SMS-Features-Admission-Selection-00002','SCHOOL-ERP-Demo-School-Sharif-Ullah-High-School-And-College');
insert into "schoolerp".sms_service (oid, name_en, name_bn, sms_template_name, sms_template_text_en, sms_template_text_bn, sms_language, sms_push, email_subject, email_template_text_en, email_template_text_bn, email_language, email_push, applicable_for, remarks, status, sms_feature_oid, institute_oid) values ('SCHOOL-ERP-103905-SMS-Service-Sharif-Ullah-High-School-And-College-00003','Admission Approved','ভর্তির অনুমোদন','Admission_Approve','Congratulations on all process completion. Successfully received amount ${amount}. Your orientation class will start from ${orientationDate}.','সমস্ত প্রক্রিয়া সমাপ্তির জন্য অভিনন্দন. ${amount} টাকা সফলভাবে প্রাপ্ত হয়েছে। আপনার ওরিয়েন্টেশন ক্লাস শুরু হবে ${orientationDate} থেকে।','English','Off','Admission Approved','Congratulations on all process completion. Successfully received amount ${amount}. Your orientation class will start from ${orientationDate}.','সমস্ত প্রক্রিয়া সমাপ্তির জন্য অভিনন্দন. ${amount} টাকা সফলভাবে প্রাপ্ত হয়েছে। আপনার ওরিয়েন্টেশন ক্লাস শুরু হবে ${orientationDate} থেকে।','English','Off','Institute',null,'Active','SCHOOL-ERP-SMS-Features-Admission-Approve-00003','SCHOOL-ERP-Demo-School-Sharif-Ullah-High-School-And-College');
insert into "schoolerp".sms_service (oid, name_en, name_bn, sms_template_name, sms_template_text_en, sms_template_text_bn, sms_language, sms_push, email_subject, email_template_text_en, email_template_text_bn, email_language, email_push, applicable_for, remarks, status, sms_feature_oid, institute_oid) values ('SCHOOL-ERP-103905-SMS-Service-Sharif-Ullah-High-School-And-College-00004','Student Credential','স্টুডেন্ট ক্রেডেনশিয়াল','Student_Credential','Dear student, \n${studentName}, Your login details for ${instituteName} Academy is: User Id: ${loginId} Password: ${password}. Please change password after first login \nRegards \n${instituteName}','প্রিয় ছাত্র, \n${studentName}, ${instituteName} একাডেমির জন্য আপনার লগইন বিবরণ হল: User Id: ${loginId} পাসওয়ার্ড: ${password}। অনুগ্রহ করে প্রথম লগইন করার পর পাসওয়ার্ড পরিবর্তন করুন \nশুভেচ্ছা \n${instituteName}','English','Off','Student Credential','Dear student, \n${studentName}, Your login details for ${instituteName} Academy is: User Id: ${loginId} Password: ${password}. Please change password after first login \nRegards \n${instituteName}','প্রিয় ছাত্র, \n${studentName}, ${instituteName} একাডেমির জন্য আপনার লগইন বিবরণ হল: User Id: ${loginId} পাসওয়ার্ড: ${password}। অনুগ্রহ করে প্রথম লগইন করার পর পাসওয়ার্ড পরিবর্তন করুন \nশুভেচ্ছা \n${instituteName}','English','Off','Institute',null,'Active','SCHOOL-ERP-SMS-Features-Student-Credential-00004','SCHOOL-ERP-Demo-School-Sharif-Ullah-High-School-And-College');
insert into "schoolerp".sms_service (oid, name_en, name_bn, sms_template_name, sms_template_text_en, sms_template_text_bn, sms_language, sms_push, email_subject, email_template_text_en, email_template_text_bn, email_language, email_push, applicable_for, remarks, status, sms_feature_oid, institute_oid) values ('SCHOOL-ERP-103905-SMS-Service-Sharif-Ullah-High-School-And-College-00005','Guardian Credential','গার্ডিয়ান ক্রেডেনশিয়াল','Guardian_Credential','Dear Guardian, \nGuardian login Id is ${loginId} and password is ${password}. Please change the password after the first login. \nRegards \n${instituteName}','প্রিয় অভিভাবক, \nঅভিভাবকের লগইন আইডি হল ${loginId} এবং পাসওয়ার্ড হল ${password}। প্রথম লগইন করার পরে পাসওয়ার্ড পরিবর্তন করুন. \nশুভেচ্ছা \n${instituteName}','English','Off','Guardian Credential','Dear Guardian, \nGuardian login Id is ${loginId} and password is ${password}. Please change the password after the first login. \nRegards \n${instituteName}','প্রিয় অভিভাবক, \nঅভিভাবকের লগইন আইডি হল ${loginId} এবং পাসওয়ার্ড হল ${password}। প্রথম লগইন করার পরে পাসওয়ার্ড পরিবর্তন করুন. \nশুভেচ্ছা \n${instituteName}','English','Off','Institute',null,'Active','SCHOOL-ERP-SMS-Features-Guardian-Credential-00005','SCHOOL-ERP-Demo-School-Sharif-Ullah-High-School-And-College');
insert into "schoolerp".sms_service (oid, name_en, name_bn, sms_template_name, sms_template_text_en, sms_template_text_bn, sms_language, sms_push, email_subject, email_template_text_en, email_template_text_bn, email_language, email_push, applicable_for, remarks, status, sms_feature_oid, institute_oid) values ('SCHOOL-ERP-103905-SMS-Service-Sharif-Ullah-High-School-And-College-00006','Teacher Credential','শিক্ষক ক্রেডেনশিয়াল','Teacher_Credential','Dear Teacher, \nTeacher login Id is ${loginId} and password is ${password}. Please change the password after the first login. \nRegards \n${instituteName}','প্রিয় শিক্ষক, \nশিক্ষকের লগইন আইডি হল ${loginId} এবং পাসওয়ার্ড হল ${password}। প্রথম লগইন করার পরে পাসওয়ার্ড পরিবর্তন করুন. \nশুভেচ্ছা \n${instituteName}','English','Off','Teacher Credential','Dear Teacher, \nTeacher login Id is ${loginId} and password is ${password}. Please change the password after the first login. \nRegards \n${instituteName}','প্রিয় শিক্ষক, \nশিক্ষকের লগইন আইডি হল ${loginId} এবং পাসওয়ার্ড হল ${password}। প্রথম লগইন করার পরে পাসওয়ার্ড পরিবর্তন করুন. \nশুভেচ্ছা \n${instituteName}','English','Off','Institute',null,'Active','SCHOOL-ERP-SMS-Features-Teacher-Credential-00006','SCHOOL-ERP-Demo-School-Sharif-Ullah-High-School-And-College');
insert into "schoolerp".sms_service (oid, name_en, name_bn, sms_template_name, sms_template_text_en, sms_template_text_bn, sms_language, sms_push, email_subject, email_template_text_en, email_template_text_bn, email_language, email_push, applicable_for, remarks, status, sms_feature_oid, institute_oid) values ('SCHOOL-ERP-103905-SMS-Service-Sharif-Ullah-High-School-And-College-00007','Student Absent','শিক্ষার্থী অনুপস্থিত','Student_Absent','Dear Guardian, \nYour Children ${studentName} of (${className} and ${rollNo}) is absent today. Kindly send a leave application/medical certificate as per the school policy.\nRegards\n${instituteName}','প্রিয় অভিভাবক, \nআপনার সন্তান ${studentName} (${className} এবং  ${rollNo}) আজ অনুপস্থিত৷ স্কুলের নীতি অনুযায়ী ছুটির আবেদন/চিকিৎসা সনদপত্র পাঠান।\nশুভেচ্ছা\n${instituteName}','English','Off','Student Absent','Dear Guardian, \nYour Children ${studentName} of (${className} and ${rollNo}) is absent today. Kindly send a leave application/medical certificate as per the school policy.\nRegards\n${instituteName}','প্রিয় অভিভাবক, \nআপনার সন্তান ${studentName} (${className} এবং  ${rollNo}) আজ অনুপস্থিত৷ স্কুলের নীতি অনুযায়ী ছুটির আবেদন/চিকিৎসা সনদপত্র পাঠান।\nশুভেচ্ছা\n${instituteName}','English','Off','Institute',null,'Active','SCHOOL-ERP-SMS-Features-Student-Absent-00007','SCHOOL-ERP-Demo-School-Sharif-Ullah-High-School-And-College');
insert into "schoolerp".sms_service (oid, name_en, name_bn, sms_template_name, sms_template_text_en, sms_template_text_bn, sms_language, sms_push, email_subject, email_template_text_en, email_template_text_bn, email_language, email_push, applicable_for, remarks, status, sms_feature_oid, institute_oid) values ('SCHOOL-ERP-103905-SMS-Service-Sharif-Ullah-High-School-And-College-00008','Student Present','শিক্ষার্থী উপস্থিত','Student_Present','Dear Guardian,\nYour Children ${studentName} of (${className} and ${rollNo}) is present today at ${presentTime}.\nRegards\n${instituteName}','প্রিয় অভিভাবক,\nআপনার সন্তান (${studentName} (${className} এবং  ${rollNo}) আজ ${presentTime} এ উপস্থিত।\nশুভেচ্ছা\n${instituteName}','English','Off','Student Present','Dear Guardian,\nYour Children ${studentName} of (${className} and ${rollNo}) is present today at ${presentTime}.\nRegards\n${instituteName}','প্রিয় অভিভাবক,\nআপনার সন্তান (${studentName} (${className} এবং  ${rollNo}) আজ ${presentTime} এ উপস্থিত।\nশুভেচ্ছা\n${instituteName}','English','Off','Institute',null,'Active','SCHOOL-ERP-SMS-Features-Student-Present-00008','SCHOOL-ERP-Demo-School-Sharif-Ullah-High-School-And-College');
insert into "schoolerp".sms_service (oid, name_en, name_bn, sms_template_name, sms_template_text_en, sms_template_text_bn, sms_language, sms_push, email_subject, email_template_text_en, email_template_text_bn, email_language, email_push, applicable_for, remarks, status, sms_feature_oid, institute_oid) values ('SCHOOL-ERP-103905-SMS-Service-Sharif-Ullah-High-School-And-College-00009','Exam Publish','পরীক্ষা প্রকাশ','Exam_Publish','Dear Guardian,\nYour children ${studentName} ${className} ${examType} start from ${examStartDate}. Schedule uploaded in student dashboard. Good luck\nRegards\n${instituteName}','প্রিয় অভিভাবক,\nআপনার সন্তান ${studentName} ${className} ${examType} ${examStartDate} থেকে নির্ধারণ হয়েছে। স্টুডেন্ট ড্যাশবোর্ডে শিডিউল আপলোড করা হয়েছে। শুভকামনা\nশুভেচ্ছা\n${instituteName}','English','Off','Exam Publish','Dear Guardian,\nYour children ${studentName} ${className} ${examType} start from ${examStartDate}. Schedule uploaded in student dashboard. Good luck\nRegards\n${instituteName}','প্রিয় অভিভাবক,\nআপনার সন্তান ${studentName} ${className} ${examType} ${examStartDate} থেকে নির্ধারণ হয়েছে। স্টুডেন্ট ড্যাশবোর্ডে শিডিউল আপলোড করা হয়েছে। শুভকামনা\nশুভেচ্ছা\n${instituteName}','English','Off','Institute',null,'Active','SCHOOL-ERP-SMS-Features-Exam-Publish-00009','SCHOOL-ERP-Demo-School-Sharif-Ullah-High-School-And-College');
insert into "schoolerp".sms_service (oid, name_en, name_bn, sms_template_name, sms_template_text_en, sms_template_text_bn, sms_language, sms_push, email_subject, email_template_text_en, email_template_text_bn, email_language, email_push, applicable_for, remarks, status, sms_feature_oid, institute_oid) values ('SCHOOL-ERP-103905-SMS-Service-Sharif-Ullah-High-School-And-College-00010','Exam Result Publish','পরীক্ষার ফলাফল প্রকাশ','Exam_Result_Publish','Dear Guardian,\nYour children ${studentName} ${className} ${examType} result is ${studentResult}.\nRegards\n${instituteName}','প্রিয় অভিভাবক,\nআপনার সন্তান ${studentName} ${className} ${examType} ফলাফল হল ${studentResult}।\nশুভেচ্ছা\n${instituteName}','English','Off','Exam Result Publish','Dear Guardian,\nYour children ${studentName} ${className} ${examType} result is ${studentResult}.\nRegards\n${instituteName}','প্রিয় অভিভাবক,\nআপনার সন্তান ${studentName} ${className} ${examType} ফলাফল হল ${studentResult}।\nশুভেচ্ছা\n${instituteName}','English','Off','Institute',null,'Active','SCHOOL-ERP-SMS-Features-Exam-Result-Publish-00010','SCHOOL-ERP-Demo-School-Sharif-Ullah-High-School-And-College');
commit;

-- message_template_parameter
insert into "schoolerp".message_template_parameter (oid, parameter_id, name_en, name_bn, parameter_value, is_general, is_schedule, remarks, status) values ('SCHOOL-ERP-Meesage-Template-Parameter-Institute-Name','MSG-T-P-0001','Institute Name','প্রতিষ্ঠানের নাম','${instituteName}','Yes','Yes','Institute Name','Active');
insert into "schoolerp".message_template_parameter (oid, parameter_id, name_en, name_bn, parameter_value, is_general, is_schedule, remarks, status) values ('SCHOOL-ERP-Meesage-Template-Parameter-Academic-Session','MSG-T-P-0002','Academic Session','একাডেমিক সেশন','${academicSession}','Yes','No','Academic Session','Active');
insert into "schoolerp".message_template_parameter (oid, parameter_id, name_en, name_bn, parameter_value, is_general, is_schedule, remarks, status) values ('SCHOOL-ERP-Meesage-Template-Parameter-Applicant-Name','MSG-T-P-0003','Applicant Name','আবেদনকারীর নাম','${applicantName}','Yes','No','Applicant Name','Active');
insert into "schoolerp".message_template_parameter (oid, parameter_id, name_en, name_bn, parameter_value, is_general, is_schedule, remarks, status) values ('SCHOOL-ERP-Meesage-Template-Parameter-Admission-Id','MSG-T-P-0004','Admission Id','ভর্তির আইডি','${admissionId}','Yes','No','Admission Id','Active');
insert into "schoolerp".message_template_parameter (oid, parameter_id, name_en, name_bn, parameter_value, is_general, is_schedule, remarks, status) values ('SCHOOL-ERP-Meesage-Template-Parameter-Admission-Fee','MSG-T-P-0005','Admission Fee','ভর্তি খরচ','${admissionFee}','Yes','No','Admission Fee','Active');
insert into "schoolerp".message_template_parameter (oid, parameter_id, name_en, name_bn, parameter_value, is_general, is_schedule, remarks, status) values ('SCHOOL-ERP-Meesage-Template-Parameter-Student-Name','MSG-T-P-0006','Student Name','শিক্ষার্থীর নাম','${studentName}','Yes','Yes','Student Name','Active');
insert into "schoolerp".message_template_parameter (oid, parameter_id, name_en, name_bn, parameter_value, is_general, is_schedule, remarks, status) values ('SCHOOL-ERP-Meesage-Template-Parameter-Orientation-Date','MSG-T-P-0007','Orientation Date','ওরিয়েন্টেশনের তারিখ','${orientationDate}','Yes','No','Orientation Date','Active');
insert into "schoolerp".message_template_parameter (oid, parameter_id, name_en, name_bn, parameter_value, is_general, is_schedule, remarks, status) values ('SCHOOL-ERP-Meesage-Template-Parameter-Amount','MSG-T-P-0008','Amount','পরিমাণ (টাকা)','${amount}','Yes','No','Amount','Active');
insert into "schoolerp".message_template_parameter (oid, parameter_id, name_en, name_bn, parameter_value, is_general, is_schedule, remarks, status) values ('SCHOOL-ERP-Meesage-Template-Parameter-Received-Amount','MSG-T-P-0009','Received Amount','প্রাপ্ত টাকার পরিমাণ','${receivedAmount}','Yes','No','Received Amount','Active');
insert into "schoolerp".message_template_parameter (oid, parameter_id, name_en, name_bn, parameter_value, is_general, is_schedule, remarks, status) values ('SCHOOL-ERP-Meesage-Template-Parameter-Paid-Amount','MSG-T-P-0010','Paid Amount','পরিশোধিত টাকার পরিমান','${paidAmount}','Yes','No','Paid Amount','Active');
insert into "schoolerp".message_template_parameter (oid, parameter_id, name_en, name_bn, parameter_value, is_general, is_schedule, remarks, status) values ('SCHOOL-ERP-Meesage-Template-Parameter-Login-Id','MSG-T-P-0011','Login Id','লগইন আইডি','${loginId}','Yes','No','Login Id','Active');
insert into "schoolerp".message_template_parameter (oid, parameter_id, name_en, name_bn, parameter_value, is_general, is_schedule, remarks, status) values ('SCHOOL-ERP-Meesage-Template-Parameter-Password','MSG-T-P-0012','Password','পাসওয়ার্ড','${password}','Yes','No','Password','Active');
insert into "schoolerp".message_template_parameter (oid, parameter_id, name_en, name_bn, parameter_value, is_general, is_schedule, remarks, status) values ('SCHOOL-ERP-Meesage-Template-Parameter-Class-Name','MSG-T-P-0013','Class Name','শ্রেণির নাম','${className}','Yes','Yes','Class Name','Active');
insert into "schoolerp".message_template_parameter (oid, parameter_id, name_en, name_bn, parameter_value, is_general, is_schedule, remarks, status) values ('SCHOOL-ERP-Meesage-Template-Parameter-Roll-No','MSG-T-P-0014','Roll No','রোল নম্বর','${rollNo}','Yes','Yes','Roll No','Active');
insert into "schoolerp".message_template_parameter (oid, parameter_id, name_en, name_bn, parameter_value, is_general, is_schedule, remarks, status) values ('SCHOOL-ERP-Meesage-Template-Parameter-Present-Date','MSG-T-P-0015','Present Date','উপস্থিতির তারিখ','${presentDate}','Yes','Yes','Present Date','Active');
insert into "schoolerp".message_template_parameter (oid, parameter_id, name_en, name_bn, parameter_value, is_general, is_schedule, remarks, status) values ('SCHOOL-ERP-Meesage-Template-Parameter-Present-Date-And-Time','MSG-T-P-0016','Present Date And Time','উপস্থিতির তারিখ এবং সময়','${presentDateTime}','Yes','Yes','Present Date And Time','Active');
insert into "schoolerp".message_template_parameter (oid, parameter_id, name_en, name_bn, parameter_value, is_general, is_schedule, remarks, status) values ('SCHOOL-ERP-Meesage-Template-Parameter-Exam-Type','MSG-T-P-0017','Exam Type','পরীক্ষার ধরন','${examType}','Yes','Yes','Exam Type','Active');
insert into "schoolerp".message_template_parameter (oid, parameter_id, name_en, name_bn, parameter_value, is_general, is_schedule, remarks, status) values ('SCHOOL-ERP-Meesage-Template-Parameter-Contact-Name','MSG-T-P-0018','Contact Name','কন্টাক্ট নাম','${contactName}','No','Yes','Contact Name','Active');
insert into "schoolerp".message_template_parameter (oid, parameter_id, name_en, name_bn, parameter_value, is_general, is_schedule, remarks, status) values ('SCHOOL-ERP-Meesage-Template-Parameter-Teacher-Name','MSG-T-P-0019','Teacher Name','শিক্ষকের নাম','${teacherName}','Yes','Yes','Teacher Name','Active');
insert into "schoolerp".message_template_parameter (oid, parameter_id, name_en, name_bn, parameter_value, is_general, is_schedule, remarks, status) values ('SCHOOL-ERP-Meesage-Template-Parameter-People-Name','MSG-T-P-0020','People Name','পিপল নাম','${peopleName}','Yes','Yes','People Name','Active');
insert into "schoolerp".message_template_parameter (oid, parameter_id, name_en, name_bn, parameter_value, is_general, is_schedule, remarks, status) values ('SCHOOL-ERP-Meesage-Template-Parameter-Guardian-Name','MSG-T-P-0021','Guardian Name','অভিভাবকের নাম','${guardianName}','Yes','Yes','Guardian Name','Active');
commit;

-- message_template
insert into "schoolerp".message_template (oid, message_template_id, title_name_en, title_name_bn, message_template_text_en, message_template_text_bn, message_language, message_template_type, email_subject, remarks, status, institute_oid) values ('SCHOOL-ERP-SMS-Message-Template-Student-Present-00008','Student Present','শিক্ষার্থী উপস্থিত','Student_Present','Dear Guardian,\nYour Children ${studentName} of (${className} and ${rollNo}) is present today at ${presentTime}.\nRegards\n${instituteName}','প্রিয় অভিভাবক,\nআপনার সন্তান (${studentName} (${className} এবং  ${rollNo}) আজ ${presentTime} এ উপস্থিত।\nশুভেচ্ছা\n${instituteName}','English','SMS',null,'Active','Active','SCHOOL-ERP-Demo-School-Sharif-Ullah-High-School-And-College');
commit;

-- contact
insert into "schoolerp".contact (oid, name_en, name_bn, contact_no, email, address, reference_type, reference_oid, institute_oid, status) values ('SCHOOL-ERP-Sharif-Ullah-Institute-Contact-Oid-2022-00000001','Md. Sharif Ullah','মোহাম্মদ শরীফ উল্লাহ','01813093223',null,null,'Teacher','SCHOOL-ERP-Sharif-Ullah-Institute-Teacher-Oid-2022-00000001','SCHOOL-ERP-Demo-School-Sharif-Ullah-High-School-And-College','Active');
insert into "schoolerp".contact (oid, name_en, name_bn, contact_no, email, address, reference_type, reference_oid, institute_oid, status) values ('SCHOOL-ERP-Sharif-Ullah-Institute-Contact-Oid-2022-00000002','Md. Golam Faruq Kausar','মোঃ গোলাম ফারুক কাউসার','01634283280',null,null,'Teacher','SCHOOL-ERP-Sharif-Ullah-Institute-Teacher-Oid-2022-00000002','SCHOOL-ERP-Demo-School-Sharif-Ullah-High-School-And-College','Active');
insert into "schoolerp".contact (oid, name_en, name_bn, contact_no, email, address, reference_type, reference_oid, institute_oid, status) values ('SCHOOL-ERP-Sharif-Ullah-Institute-Contact-Oid-2022-00000003','Mosa. Khaleda Akter','মোসা খালেদা আক্তার ','01815853675',null,null,'Teacher','SCHOOL-ERP-Sharif-Ullah-Institute-Teacher-Oid-2022-00000003','SCHOOL-ERP-Demo-School-Sharif-Ullah-High-School-And-College','Active');
insert into "schoolerp".contact (oid, name_en, name_bn, contact_no, email, address, reference_type, reference_oid, institute_oid, status) values ('SCHOOL-ERP-Sharif-Ullah-Institute-Contact-Oid-2022-00000004','Md. Anisur Rahman ','মোঃ আনিছুর রহমান ','01826979197',null,null,'Teacher','SCHOOL-ERP-Sharif-Ullah-Institute-Teacher-Oid-2022-00000004','SCHOOL-ERP-Demo-School-Sharif-Ullah-High-School-And-College','Active');
insert into "schoolerp".contact (oid, name_en, name_bn, contact_no, email, address, reference_type, reference_oid, institute_oid, status) values ('SCHOOL-ERP-Sharif-Ullah-Institute-Contact-Oid-2022-00000005','Niloy Chandra Das','নিলয় চন্দ্র দাস ','01926954723',null,null,'Teacher','SCHOOL-ERP-Sharif-Ullah-Institute-Teacher-Oid-2022-00000005','SCHOOL-ERP-Demo-School-Sharif-Ullah-High-School-And-College','Active');
insert into "schoolerp".contact (oid, name_en, name_bn, contact_no, email, address, reference_type, reference_oid, institute_oid, status) values ('SCHOOL-ERP-Sharif-Ullah-Institute-Contact-Oid-2022-00000006','Mamunur Rashid ','মামুনুর রশিদ ','01610164942',null,null,'Teacher','SCHOOL-ERP-Sharif-Ullah-Institute-Teacher-Oid-2022-00000006','SCHOOL-ERP-Demo-School-Sharif-Ullah-High-School-And-College','Active');
insert into "schoolerp".contact (oid, name_en, name_bn, contact_no, email, address, reference_type, reference_oid, institute_oid, status) values ('SCHOOL-ERP-Sharif-Ullah-Institute-Contact-Oid-2022-00000007','Abul Mansur Ahmed','আবুল মনসুর আহমেদ ','01518342241',null,null,'Teacher','SCHOOL-ERP-Sharif-Ullah-Institute-Teacher-Oid-2022-00000007','SCHOOL-ERP-Demo-School-Sharif-Ullah-High-School-And-College','Active');
insert into "schoolerp".contact (oid, name_en, name_bn, contact_no, email, address, reference_type, reference_oid, institute_oid, status) values ('SCHOOL-ERP-Sharif-Ullah-Institute-Contact-Oid-2022-00000008','Md. Rakibul Islam','মোঃ রাকিবুল ইসলাম ','01919848139',null,null,'Teacher','SCHOOL-ERP-Sharif-Ullah-Institute-Teacher-Oid-2022-00000008','SCHOOL-ERP-Demo-School-Sharif-Ullah-High-School-And-College','Active');
insert into "schoolerp".contact (oid, name_en, name_bn, contact_no, email, address, reference_type, reference_oid, institute_oid, status) values ('SCHOOL-ERP-Sharif-Ullah-Institute-Contact-Oid-2022-00000009','Shikha Akter','শিখা আক্তার ','01737797276',null,null,'Teacher','SCHOOL-ERP-Sharif-Ullah-Institute-Teacher-Oid-2022-00000009','SCHOOL-ERP-Demo-School-Sharif-Ullah-High-School-And-College','Active');
insert into "schoolerp".contact (oid, name_en, name_bn, contact_no, email, address, reference_type, reference_oid, institute_oid, status) values ('SCHOOL-ERP-Sharif-Ullah-Institute-Contact-Oid-2022-00000010','Md. Rezaul Karim','মোঃ রেজাউল করিম ','01911818317',null,null,'Teacher','SCHOOL-ERP-Sharif-Ullah-Institute-Teacher-Oid-2022-00000010','SCHOOL-ERP-Demo-School-Sharif-Ullah-High-School-And-College','Active');
insert into "schoolerp".contact (oid, name_en, name_bn, contact_no, email, address, reference_type, reference_oid, institute_oid, status) values ('SCHOOL-ERP-Sharif-Ullah-Institute-Contact-Oid-2022-00000011','Rasedul Islam','রাসেদুল ইসলাম ','01719378766',null,null,'Teacher','SCHOOL-ERP-Sharif-Ullah-Institute-Teacher-Oid-2022-00000011','SCHOOL-ERP-Demo-School-Sharif-Ullah-High-School-And-College','Active');
insert into "schoolerp".contact (oid, name_en, name_bn, contact_no, email, address, reference_type, reference_oid, institute_oid, status) values ('SCHOOL-ERP-Sharif-Ullah-Institute-Contact-Oid-2022-00000012','Md. Ishak Mia','মোঃ ইসহাক মিয়া ','01846004124',null,null,'Teacher','SCHOOL-ERP-Sharif-Ullah-Institute-Teacher-Oid-2022-00000012','SCHOOL-ERP-Demo-School-Sharif-Ullah-High-School-And-College','Active');
insert into "schoolerp".contact (oid, name_en, name_bn, contact_no, email, address, reference_type, reference_oid, institute_oid, status) values ('SCHOOL-ERP-Sharif-Ullah-Institute-Contact-Oid-2022-00000013','Md. Shahinur Rahman','মোঃ শাহিনুর রহমান ','01737109526',null,null,'Teacher','SCHOOL-ERP-Sharif-Ullah-Institute-Teacher-Oid-2022-00000013','SCHOOL-ERP-Demo-School-Sharif-Ullah-High-School-And-College','Active');
insert into "schoolerp".contact (oid, name_en, name_bn, contact_no, email, address, reference_type, reference_oid, institute_oid, status) values ('SCHOOL-ERP-Sharif-Ullah-Institute-Contact-Oid-2022-00000014','Md. Shahjalal','শাহজালাল','01818663147',null,null,'Teacher','SCHOOL-ERP-Sharif-Ullah-Institute-Teacher-Oid-2022-00000014','SCHOOL-ERP-Demo-School-Sharif-Ullah-High-School-And-College','Active');
insert into "schoolerp".contact (oid, name_en, name_bn, contact_no, email, address, reference_type, reference_oid, institute_oid, status) values ('SCHOOL-ERP-Sharif-Ullah-Institute-Contact-Oid-2022-00000015','Md. Jashim Uddin','মোঃ জসিম উদ্দিন','01789916870',null,null,'Teacher','SCHOOL-ERP-Sharif-Ullah-Institute-Teacher-Oid-2022-00000015','SCHOOL-ERP-Demo-School-Sharif-Ullah-High-School-And-College','Active');
insert into "schoolerp".contact (oid, name_en, name_bn, contact_no, email, address, reference_type, reference_oid, institute_oid, status) values ('SCHOOL-ERP-Sharif-Ullah-Institute-Contact-Oid-2022-00000016','Asad Ullah','আসাদ উল্লাহ','01624310538',null,null,'Teacher','SCHOOL-ERP-Sharif-Ullah-Institute-Teacher-Oid-2022-00000016','SCHOOL-ERP-Demo-School-Sharif-Ullah-High-School-And-College','Active');
insert into "schoolerp".contact (oid, name_en, name_bn, contact_no, email, address, reference_type, reference_oid, institute_oid, status) values ('SCHOOL-ERP-Sharif-Ullah-Institute-Contact-Oid-2022-00000017','Md. Nurul Amin','মোঃ নুরুল আমিন','01913232640',null,null,'Teacher','SCHOOL-ERP-Sharif-Ullah-Institute-Teacher-Oid-2022-00000017','SCHOOL-ERP-Demo-School-Sharif-Ullah-High-School-And-College','Active');
insert into "schoolerp".contact (oid, name_en, name_bn, contact_no, email, address, reference_type, reference_oid, institute_oid, status) values ('SCHOOL-ERP-Sharif-Ullah-Institute-Contact-Oid-2022-00000018','Md. Sadek Ali','মোঃ ছাদেক আলী','01983506115',null,null,'Teacher','SCHOOL-ERP-Sharif-Ullah-Institute-Teacher-Oid-2022-00000018','SCHOOL-ERP-Demo-School-Sharif-Ullah-High-School-And-College','Active');
insert into "schoolerp".contact (oid, name_en, name_bn, contact_no, email, address, reference_type, reference_oid, institute_oid, status) values ('SCHOOL-ERP-Sharif-Ullah-Institute-Contact-Oid-2022-00000019','Aklima','আকলিমা','01816650323',null,null,'Teacher','SCHOOL-ERP-Sharif-Ullah-Institute-Teacher-Oid-2022-00000019','SCHOOL-ERP-Demo-School-Sharif-Ullah-High-School-And-College','Active');
insert into "schoolerp".contact (oid, name_en, name_bn, contact_no, email, address, reference_type, reference_oid, institute_oid, status) values ('SCHOOL-ERP-Sharif-Ullah-Institute-Contact-Oid-2022-00000020','Kamrun Nahar','কামরুন নাহার','01912664366',null,null,'Teacher','SCHOOL-ERP-Sharif-Ullah-Institute-Teacher-Oid-2022-00000020','SCHOOL-ERP-Demo-School-Sharif-Ullah-High-School-And-College','Active');
insert into "schoolerp".contact (oid, name_en, name_bn, contact_no, email, address, reference_type, reference_oid, institute_oid, status) values ('SCHOOL-ERP-Sharif-Ullah-Institute-Contact-Oid-2022-00000021','Farida Yasmin','ফরিদা ইয়াসমিন','01818553199',null,null,'Teacher','SCHOOL-ERP-Sharif-Ullah-Institute-Teacher-Oid-2022-00000021','SCHOOL-ERP-Demo-School-Sharif-Ullah-High-School-And-College','Active');
insert into "schoolerp".contact (oid, name_en, name_bn, contact_no, email, address, reference_type, reference_oid, institute_oid, status) values ('SCHOOL-ERP-Sharif-Ullah-Institute-Contact-Oid-2022-00000022','Nazmun Nahar','নাজমুন নাহার','01911077100',null,null,'Teacher','SCHOOL-ERP-Sharif-Ullah-Institute-Teacher-Oid-2022-00000022','SCHOOL-ERP-Demo-School-Sharif-Ullah-High-School-And-College','Active');
commit;

-- contact_group
insert into "schoolerp".contact_group (oid, name_en, name_bn, remarks, institute_oid, status) values ('SCHOOL-ERP-Sharif-Ullah-Institute-Contact-Group-Oid-2022-00000001','Teacher Group','শিক্ষক গ্রুপ','sharif ullah school all teacher','SCHOOL-ERP-Demo-School-Sharif-Ullah-High-School-And-College','Active');
commit;

-- contact_group_detail
insert into "schoolerp".contact_group_detail (oid, contact_group_oid, contact_oid, institute_oid, status) values ('SCHOOL-ERP-Sharif-Ullah-Institute-Contact-Group-Detail-Oid-2022-00000001','SCHOOL-ERP-Sharif-Ullah-Institute-Contact-Group-Oid-2022-00000001','SCHOOL-ERP-Sharif-Ullah-Institute-Contact-Oid-2022-00000001','SCHOOL-ERP-Demo-School-Sharif-Ullah-High-School-And-College','Active');
insert into "schoolerp".contact_group_detail (oid, contact_group_oid, contact_oid, institute_oid, status) values ('SCHOOL-ERP-Sharif-Ullah-Institute-Contact-Group-Detail-Oid-2022-00000002','SCHOOL-ERP-Sharif-Ullah-Institute-Contact-Group-Oid-2022-00000001','SCHOOL-ERP-Sharif-Ullah-Institute-Contact-Oid-2022-00000002','SCHOOL-ERP-Demo-School-Sharif-Ullah-High-School-And-College','Active');
insert into "schoolerp".contact_group_detail (oid, contact_group_oid, contact_oid, institute_oid, status) values ('SCHOOL-ERP-Sharif-Ullah-Institute-Contact-Group-Detail-Oid-2022-00000003','SCHOOL-ERP-Sharif-Ullah-Institute-Contact-Group-Oid-2022-00000001','SCHOOL-ERP-Sharif-Ullah-Institute-Contact-Oid-2022-00000003','SCHOOL-ERP-Demo-School-Sharif-Ullah-High-School-And-College','Active');
insert into "schoolerp".contact_group_detail (oid, contact_group_oid, contact_oid, institute_oid, status) values ('SCHOOL-ERP-Sharif-Ullah-Institute-Contact-Group-Detail-Oid-2022-00000004','SCHOOL-ERP-Sharif-Ullah-Institute-Contact-Group-Oid-2022-00000001','SCHOOL-ERP-Sharif-Ullah-Institute-Contact-Oid-2022-00000004','SCHOOL-ERP-Demo-School-Sharif-Ullah-High-School-And-College','Active');
insert into "schoolerp".contact_group_detail (oid, contact_group_oid, contact_oid, institute_oid, status) values ('SCHOOL-ERP-Sharif-Ullah-Institute-Contact-Group-Detail-Oid-2022-00000005','SCHOOL-ERP-Sharif-Ullah-Institute-Contact-Group-Oid-2022-00000001','SCHOOL-ERP-Sharif-Ullah-Institute-Contact-Oid-2022-00000005','SCHOOL-ERP-Demo-School-Sharif-Ullah-High-School-And-College','Active');
insert into "schoolerp".contact_group_detail (oid, contact_group_oid, contact_oid, institute_oid, status) values ('SCHOOL-ERP-Sharif-Ullah-Institute-Contact-Group-Detail-Oid-2022-00000006','SCHOOL-ERP-Sharif-Ullah-Institute-Contact-Group-Oid-2022-00000001','SCHOOL-ERP-Sharif-Ullah-Institute-Contact-Oid-2022-00000006','SCHOOL-ERP-Demo-School-Sharif-Ullah-High-School-And-College','Active');
insert into "schoolerp".contact_group_detail (oid, contact_group_oid, contact_oid, institute_oid, status) values ('SCHOOL-ERP-Sharif-Ullah-Institute-Contact-Group-Detail-Oid-2022-00000007','SCHOOL-ERP-Sharif-Ullah-Institute-Contact-Group-Oid-2022-00000001','SCHOOL-ERP-Sharif-Ullah-Institute-Contact-Oid-2022-00000007','SCHOOL-ERP-Demo-School-Sharif-Ullah-High-School-And-College','Active');
insert into "schoolerp".contact_group_detail (oid, contact_group_oid, contact_oid, institute_oid, status) values ('SCHOOL-ERP-Sharif-Ullah-Institute-Contact-Group-Detail-Oid-2022-00000008','SCHOOL-ERP-Sharif-Ullah-Institute-Contact-Group-Oid-2022-00000001','SCHOOL-ERP-Sharif-Ullah-Institute-Contact-Oid-2022-00000008','SCHOOL-ERP-Demo-School-Sharif-Ullah-High-School-And-College','Active');
insert into "schoolerp".contact_group_detail (oid, contact_group_oid, contact_oid, institute_oid, status) values ('SCHOOL-ERP-Sharif-Ullah-Institute-Contact-Group-Detail-Oid-2022-00000009','SCHOOL-ERP-Sharif-Ullah-Institute-Contact-Group-Oid-2022-00000001','SCHOOL-ERP-Sharif-Ullah-Institute-Contact-Oid-2022-00000009','SCHOOL-ERP-Demo-School-Sharif-Ullah-High-School-And-College','Active');
insert into "schoolerp".contact_group_detail (oid, contact_group_oid, contact_oid, institute_oid, status) values ('SCHOOL-ERP-Sharif-Ullah-Institute-Contact-Group-Detail-Oid-2022-00000010','SCHOOL-ERP-Sharif-Ullah-Institute-Contact-Group-Oid-2022-00000001','SCHOOL-ERP-Sharif-Ullah-Institute-Contact-Oid-2022-00000010','SCHOOL-ERP-Demo-School-Sharif-Ullah-High-School-And-College','Active');
insert into "schoolerp".contact_group_detail (oid, contact_group_oid, contact_oid, institute_oid, status) values ('SCHOOL-ERP-Sharif-Ullah-Institute-Contact-Group-Detail-Oid-2022-00000011','SCHOOL-ERP-Sharif-Ullah-Institute-Contact-Group-Oid-2022-00000001','SCHOOL-ERP-Sharif-Ullah-Institute-Contact-Oid-2022-00000011','SCHOOL-ERP-Demo-School-Sharif-Ullah-High-School-And-College','Active');
insert into "schoolerp".contact_group_detail (oid, contact_group_oid, contact_oid, institute_oid, status) values ('SCHOOL-ERP-Sharif-Ullah-Institute-Contact-Group-Detail-Oid-2022-00000012','SCHOOL-ERP-Sharif-Ullah-Institute-Contact-Group-Oid-2022-00000001','SCHOOL-ERP-Sharif-Ullah-Institute-Contact-Oid-2022-00000012','SCHOOL-ERP-Demo-School-Sharif-Ullah-High-School-And-College','Active');
insert into "schoolerp".contact_group_detail (oid, contact_group_oid, contact_oid, institute_oid, status) values ('SCHOOL-ERP-Sharif-Ullah-Institute-Contact-Group-Detail-Oid-2022-00000013','SCHOOL-ERP-Sharif-Ullah-Institute-Contact-Group-Oid-2022-00000001','SCHOOL-ERP-Sharif-Ullah-Institute-Contact-Oid-2022-00000013','SCHOOL-ERP-Demo-School-Sharif-Ullah-High-School-And-College','Active');
insert into "schoolerp".contact_group_detail (oid, contact_group_oid, contact_oid, institute_oid, status) values ('SCHOOL-ERP-Sharif-Ullah-Institute-Contact-Group-Detail-Oid-2022-00000014','SCHOOL-ERP-Sharif-Ullah-Institute-Contact-Group-Oid-2022-00000001','SCHOOL-ERP-Sharif-Ullah-Institute-Contact-Oid-2022-00000014','SCHOOL-ERP-Demo-School-Sharif-Ullah-High-School-And-College','Active');
insert into "schoolerp".contact_group_detail (oid, contact_group_oid, contact_oid, institute_oid, status) values ('SCHOOL-ERP-Sharif-Ullah-Institute-Contact-Group-Detail-Oid-2022-00000015','SCHOOL-ERP-Sharif-Ullah-Institute-Contact-Group-Oid-2022-00000001','SCHOOL-ERP-Sharif-Ullah-Institute-Contact-Oid-2022-00000015','SCHOOL-ERP-Demo-School-Sharif-Ullah-High-School-And-College','Active');
insert into "schoolerp".contact_group_detail (oid, contact_group_oid, contact_oid, institute_oid, status) values ('SCHOOL-ERP-Sharif-Ullah-Institute-Contact-Group-Detail-Oid-2022-00000016','SCHOOL-ERP-Sharif-Ullah-Institute-Contact-Group-Oid-2022-00000001','SCHOOL-ERP-Sharif-Ullah-Institute-Contact-Oid-2022-00000016','SCHOOL-ERP-Demo-School-Sharif-Ullah-High-School-And-College','Active');
insert into "schoolerp".contact_group_detail (oid, contact_group_oid, contact_oid, institute_oid, status) values ('SCHOOL-ERP-Sharif-Ullah-Institute-Contact-Group-Detail-Oid-2022-00000017','SCHOOL-ERP-Sharif-Ullah-Institute-Contact-Group-Oid-2022-00000001','SCHOOL-ERP-Sharif-Ullah-Institute-Contact-Oid-2022-00000017','SCHOOL-ERP-Demo-School-Sharif-Ullah-High-School-And-College','Active');
insert into "schoolerp".contact_group_detail (oid, contact_group_oid, contact_oid, institute_oid, status) values ('SCHOOL-ERP-Sharif-Ullah-Institute-Contact-Group-Detail-Oid-2022-00000018','SCHOOL-ERP-Sharif-Ullah-Institute-Contact-Group-Oid-2022-00000001','SCHOOL-ERP-Sharif-Ullah-Institute-Contact-Oid-2022-00000018','SCHOOL-ERP-Demo-School-Sharif-Ullah-High-School-And-College','Active');
insert into "schoolerp".contact_group_detail (oid, contact_group_oid, contact_oid, institute_oid, status) values ('SCHOOL-ERP-Sharif-Ullah-Institute-Contact-Group-Detail-Oid-2022-00000019','SCHOOL-ERP-Sharif-Ullah-Institute-Contact-Group-Oid-2022-00000001','SCHOOL-ERP-Sharif-Ullah-Institute-Contact-Oid-2022-00000019','SCHOOL-ERP-Demo-School-Sharif-Ullah-High-School-And-College','Active');
insert into "schoolerp".contact_group_detail (oid, contact_group_oid, contact_oid, institute_oid, status) values ('SCHOOL-ERP-Sharif-Ullah-Institute-Contact-Group-Detail-Oid-2022-00000020','SCHOOL-ERP-Sharif-Ullah-Institute-Contact-Group-Oid-2022-00000001','SCHOOL-ERP-Sharif-Ullah-Institute-Contact-Oid-2022-00000020','SCHOOL-ERP-Demo-School-Sharif-Ullah-High-School-And-College','Active');
insert into "schoolerp".contact_group_detail (oid, contact_group_oid, contact_oid, institute_oid, status) values ('SCHOOL-ERP-Sharif-Ullah-Institute-Contact-Group-Detail-Oid-2022-00000021','SCHOOL-ERP-Sharif-Ullah-Institute-Contact-Group-Oid-2022-00000001','SCHOOL-ERP-Sharif-Ullah-Institute-Contact-Oid-2022-00000021','SCHOOL-ERP-Demo-School-Sharif-Ullah-High-School-And-College','Active');
insert into "schoolerp".contact_group_detail (oid, contact_group_oid, contact_oid, institute_oid, status) values ('SCHOOL-ERP-Sharif-Ullah-Institute-Contact-Group-Detail-Oid-2022-00000022','SCHOOL-ERP-Sharif-Ullah-Institute-Contact-Group-Oid-2022-00000001','SCHOOL-ERP-Sharif-Ullah-Institute-Contact-Oid-2022-00000022','SCHOOL-ERP-Demo-School-Sharif-Ullah-High-School-And-College','Active');
commit;

-- schedule
insert into "schoolerp".schedule (oid, schedule_id, name_en, name_bn, remarks, schedule_type, schedule_mode, schedule_time, start_date, end_date, message_template_oid, message_language, institute_oid, status) values ('SCHOOL-ERP-Sharif-Ullah-Institute-Schedule-Oid-2022-00000001','Schedule-103905-0001','attendance schedule','উপস্থিতি সময়সূচী','send to teacher','SMS','Once','now()','2022-10-18','2022-10-20','SCHOOL-ERP-SMS-Message-Template-Student-Present-00008','English','SCHOOL-ERP-Demo-School-Sharif-Ullah-High-School-And-College','Active');
commit;

-- schedule_detail
insert into "schoolerp".schedule_detail (oid, contact_group_oid, schedule_oid, institute_oid, status) values ('SCHOOL-ERP-Sharif-Ullah-Institute-Schedule-Detail-Oid-2022-00000001','SCHOOL-ERP-Sharif-Ullah-Institute-Contact-Group-Oid-2022-00000001','SCHOOL-ERP-Sharif-Ullah-Institute-Schedule-Oid-2022-00000001','SCHOOL-ERP-Demo-School-Sharif-Ullah-High-School-And-College','Active');
commit;


