-- ledger_group
insert into "schoolerp".ledger_group (oid, name_en, name_bn, ledger_group_code, ledger_group_type, is_balance_sheet_item) values ('SCHOOL-ERP-Ledger-Group-01-Asset','Asset','সম্পদ','01','Debit','Yes');
insert into "schoolerp".ledger_group (oid, name_en, name_bn, ledger_group_code, ledger_group_type, is_balance_sheet_item) values ('SCHOOL-ERP-Ledger-Group-02-Liabilities','Liabilities','দায়','02','Credit','Yes');
insert into "schoolerp".ledger_group (oid, name_en, name_bn, ledger_group_code, ledger_group_type, is_balance_sheet_item) values ('SCHOOL-ERP-Ledger-Group-03-Equity','Equity','ইক্যুইটি','03','Credit','Yes');
insert into "schoolerp".ledger_group (oid, name_en, name_bn, ledger_group_code, ledger_group_type, is_balance_sheet_item) values ('SCHOOL-ERP-Ledger-Group-04-Revenue','Revenue','আয়','04','Credit','No');
insert into "schoolerp".ledger_group (oid, name_en, name_bn, ledger_group_code, ledger_group_type, is_balance_sheet_item) values ('SCHOOL-ERP-Ledger-Group-05-Expense','Expense','ব্যয়','05','Debit','No');
commit;

-- ledger_sub_group
insert into "schoolerp".ledger_sub_group (oid, name_en, name_bn, ledger_sub_group_code, ledger_sub_group_type, is_balance_sheet_item, ledger_group_code, version_id, status, ledger_group_oid, institute_oid) values ('SCHOOL-ERP-Motijheel-Model-Institute-LSG-0101-Current-Assets','Current Assets','চলতি সম্পদ','0101','Debit','Yes','01','1','Active','SCHOOL-ERP-Ledger-Group-01-Asset','SCHOOL-ERP-Demo-School-001');
insert into "schoolerp".ledger_sub_group (oid, name_en, name_bn, ledger_sub_group_code, ledger_sub_group_type, is_balance_sheet_item, ledger_group_code, version_id, status, ledger_group_oid, institute_oid) values ('SCHOOL-ERP-Motijheel-Model-Institute-LSG-0101-Fixed-Assets','Fixed Assets','স্থায়ী সম্পদ','0102','Debit','Yes','01','1','Active','SCHOOL-ERP-Ledger-Group-01-Asset','SCHOOL-ERP-Demo-School-001');
insert into "schoolerp".ledger_sub_group (oid, name_en, name_bn, ledger_sub_group_code, ledger_sub_group_type, is_balance_sheet_item, ledger_group_code, version_id, status, ledger_group_oid, institute_oid) values ('SCHOOL-ERP-Motijheel-Model-Institute-LSG-0201-Current-Liabilities','Current Liabilities','বর্তমান দায়','0201','Credit','Yes','02','1','Active','SCHOOL-ERP-Ledger-Group-02-Liabilities','SCHOOL-ERP-Demo-School-001');
insert into "schoolerp".ledger_sub_group (oid, name_en, name_bn, ledger_sub_group_code, ledger_sub_group_type, is_balance_sheet_item, ledger_group_code, version_id, status, ledger_group_oid, institute_oid) values ('SCHOOL-ERP-Motijheel-Model-Institute-LSG-0301-BOD-Investments','BOD Investments','বিওডি বিনিয়োগ','0301','Credit','Yes','03','1','Active','SCHOOL-ERP-Ledger-Group-03-Equity','SCHOOL-ERP-Demo-School-001');
insert into "schoolerp".ledger_sub_group (oid, name_en, name_bn, ledger_sub_group_code, ledger_sub_group_type, is_balance_sheet_item, ledger_group_code, version_id, status, ledger_group_oid, institute_oid) values ('SCHOOL-ERP-Motijheel-Model-Institute-LSG-0401-Revenue-from-Service','Revenue from Service','পরিষেবা থেকে আয়','0401','Credit','No','04','1','Active','SCHOOL-ERP-Ledger-Group-04-Revenue','SCHOOL-ERP-Demo-School-001');
insert into "schoolerp".ledger_sub_group (oid, name_en, name_bn, ledger_sub_group_code, ledger_sub_group_type, is_balance_sheet_item, ledger_group_code, version_id, status, ledger_group_oid, institute_oid) values ('SCHOOL-ERP-Motijheel-Model-Institute-LSG-0402-Revenue-from-Investment','Revenue from Investment','বিনিয়োগ থেকে আয়','0402','Credit','No','04','1','Active','SCHOOL-ERP-Ledger-Group-04-Revenue','SCHOOL-ERP-Demo-School-001');
insert into "schoolerp".ledger_sub_group (oid, name_en, name_bn, ledger_sub_group_code, ledger_sub_group_type, is_balance_sheet_item, ledger_group_code, version_id, status, ledger_group_oid, institute_oid) values ('SCHOOL-ERP-Motijheel-Model-Institute-LSG-0501-Expense-for-COGS','Expenses for Cost of goods sold (COGS) or Cost of services','বিক্রিত পণ্যের খরচ (COGS) বা পরিষেবার খরচ','0501','Debit','No','05','1','Active','SCHOOL-ERP-Ledger-Group-05-Expense','SCHOOL-ERP-Demo-School-001');
insert into "schoolerp".ledger_sub_group (oid, name_en, name_bn, ledger_sub_group_code, ledger_sub_group_type, is_balance_sheet_item, ledger_group_code, version_id, status, ledger_group_oid, institute_oid) values ('SCHOOL-ERP-Motijheel-Model-Institute-LSG-0502-Operating-Expenses-Operations','Operating Expenses - Operations','অপারেটিং খরচ - অপারেশন','0502','Debit','No','05','1','Active','SCHOOL-ERP-Ledger-Group-05-Expense','SCHOOL-ERP-Demo-School-001');
insert into "schoolerp".ledger_sub_group (oid, name_en, name_bn, ledger_sub_group_code, ledger_sub_group_type, is_balance_sheet_item, ledger_group_code, version_id, status, ledger_group_oid, institute_oid) values ('SCHOOL-ERP-Motijheel-Model-Institute-LSG-0503-Operating-Expenses-General-And-Administrative','Operating Expenses - General & Administrative','পরিচালন ব্যয় - সাধারণ ও প্রশাসনিক','0503','Debit','No','05','1','Active','SCHOOL-ERP-Ledger-Group-05-Expense','SCHOOL-ERP-Demo-School-001');
insert into "schoolerp".ledger_sub_group (oid, name_en, name_bn, ledger_sub_group_code, ledger_sub_group_type, is_balance_sheet_item, ledger_group_code, version_id, status, ledger_group_oid, institute_oid) values ('SCHOOL-ERP-Motijheel-Model-Institute-LSG-0504-Operating-Expenses-Selling','Operating Expenses - Selling','পরিচালন ব্যয় - বিক্রয়','0504','Debit','No','05','1','Active','SCHOOL-ERP-Ledger-Group-05-Expense','SCHOOL-ERP-Demo-School-001');
insert into "schoolerp".ledger_sub_group (oid, name_en, name_bn, ledger_sub_group_code, ledger_sub_group_type, is_balance_sheet_item, ledger_group_code, version_id, status, ledger_group_oid, institute_oid) values ('SCHOOL-ERP-Adarsha-Institute-LSG-0101-Current-Assets','Current Assets','চলতি সম্পদ','0101','Debit','Yes','01','1','Active','SCHOOL-ERP-Ledger-Group-01-Asset','SCHOOL-ERP-Demo-School-Adarsha-High-School-And-College');
insert into "schoolerp".ledger_sub_group (oid, name_en, name_bn, ledger_sub_group_code, ledger_sub_group_type, is_balance_sheet_item, ledger_group_code, version_id, status, ledger_group_oid, institute_oid) values ('SCHOOL-ERP-Adarsha-Institute-LSG-0101-Fixed-Assets','Fixed Assets','স্থায়ী সম্পদ','0102','Debit','Yes','01','1','Active','SCHOOL-ERP-Ledger-Group-01-Asset','SCHOOL-ERP-Demo-School-Adarsha-High-School-And-College');
insert into "schoolerp".ledger_sub_group (oid, name_en, name_bn, ledger_sub_group_code, ledger_sub_group_type, is_balance_sheet_item, ledger_group_code, version_id, status, ledger_group_oid, institute_oid) values ('SCHOOL-ERP-Adarsha-Institute-LSG-0201-Current-Liabilities','Current Liabilities','বর্তমান দায়','0201','Credit','Yes','02','1','Active','SCHOOL-ERP-Ledger-Group-02-Liabilities','SCHOOL-ERP-Demo-School-Adarsha-High-School-And-College');
insert into "schoolerp".ledger_sub_group (oid, name_en, name_bn, ledger_sub_group_code, ledger_sub_group_type, is_balance_sheet_item, ledger_group_code, version_id, status, ledger_group_oid, institute_oid) values ('SCHOOL-ERP-Adarsha-Institute-LSG-0301-BOD-Investments','BOD Investments','বিওডি বিনিয়োগ','0301','Credit','Yes','03','1','Active','SCHOOL-ERP-Ledger-Group-03-Equity','SCHOOL-ERP-Demo-School-Adarsha-High-School-And-College');
insert into "schoolerp".ledger_sub_group (oid, name_en, name_bn, ledger_sub_group_code, ledger_sub_group_type, is_balance_sheet_item, ledger_group_code, version_id, status, ledger_group_oid, institute_oid) values ('SCHOOL-ERP-Adarsha-Institute-LSG-0401-Revenue-from-Service','Revenue from Service','পরিষেবা থেকে আয়','0401','Credit','No','04','1','Active','SCHOOL-ERP-Ledger-Group-04-Revenue','SCHOOL-ERP-Demo-School-Adarsha-High-School-And-College');
insert into "schoolerp".ledger_sub_group (oid, name_en, name_bn, ledger_sub_group_code, ledger_sub_group_type, is_balance_sheet_item, ledger_group_code, version_id, status, ledger_group_oid, institute_oid) values ('SCHOOL-ERP-Adarsha-Institute-LSG-0402-Revenue-from-Investment','Revenue from Investment','বিনিয়োগ থেকে আয়','0402','Credit','No','04','1','Active','SCHOOL-ERP-Ledger-Group-04-Revenue','SCHOOL-ERP-Demo-School-Adarsha-High-School-And-College');
insert into "schoolerp".ledger_sub_group (oid, name_en, name_bn, ledger_sub_group_code, ledger_sub_group_type, is_balance_sheet_item, ledger_group_code, version_id, status, ledger_group_oid, institute_oid) values ('SCHOOL-ERP-Adarsha-Institute-LSG-0501-Expense-for-COGS','Expenses for Cost of goods sold (COGS) or Cost of services','বিক্রিত পণ্যের খরচ (COGS) বা পরিষেবার খরচ','0501','Debit','No','05','1','Active','SCHOOL-ERP-Ledger-Group-05-Expense','SCHOOL-ERP-Demo-School-Adarsha-High-School-And-College');
insert into "schoolerp".ledger_sub_group (oid, name_en, name_bn, ledger_sub_group_code, ledger_sub_group_type, is_balance_sheet_item, ledger_group_code, version_id, status, ledger_group_oid, institute_oid) values ('SCHOOL-ERP-Adarsha-Institute-LSG-0502-Operating-Expenses-Operations','Operating Expenses - Operations','অপারেটিং খরচ - অপারেশন','0502','Debit','No','05','1','Active','SCHOOL-ERP-Ledger-Group-05-Expense','SCHOOL-ERP-Demo-School-Adarsha-High-School-And-College');
insert into "schoolerp".ledger_sub_group (oid, name_en, name_bn, ledger_sub_group_code, ledger_sub_group_type, is_balance_sheet_item, ledger_group_code, version_id, status, ledger_group_oid, institute_oid) values ('SCHOOL-ERP-Adarsha-Institute-LSG-0503-Operating-Expenses-General-And-Administrative','Operating Expenses - General & Administrative','পরিচালন ব্যয় - সাধারণ ও প্রশাসনিক','0503','Debit','No','05','1','Active','SCHOOL-ERP-Ledger-Group-05-Expense','SCHOOL-ERP-Demo-School-Adarsha-High-School-And-College');
insert into "schoolerp".ledger_sub_group (oid, name_en, name_bn, ledger_sub_group_code, ledger_sub_group_type, is_balance_sheet_item, ledger_group_code, version_id, status, ledger_group_oid, institute_oid) values ('SCHOOL-ERP-Adarsha-Institute-LSG-0504-Operating-Expenses-Selling','Operating Expenses - Selling','পরিচালন ব্যয় - বিক্রয়','0504','Debit','No','05','1','Active','SCHOOL-ERP-Ledger-Group-05-Expense','SCHOOL-ERP-Demo-School-Adarsha-High-School-And-College');
insert into "schoolerp".ledger_sub_group (oid, name_en, name_bn, ledger_sub_group_code, ledger_sub_group_type, is_balance_sheet_item, ledger_group_code, version_id, status, ledger_group_oid, institute_oid) values ('SCHOOL-ERP-Sharif-Ullah-Institute-LSG-0101-Current-Assets','Current Assets','চলতি সম্পদ','0101','Debit','Yes','01','1','Active','SCHOOL-ERP-Ledger-Group-01-Asset','SCHOOL-ERP-Demo-School-Sharif-Ullah-High-School-And-College');
insert into "schoolerp".ledger_sub_group (oid, name_en, name_bn, ledger_sub_group_code, ledger_sub_group_type, is_balance_sheet_item, ledger_group_code, version_id, status, ledger_group_oid, institute_oid) values ('SCHOOL-ERP-Sharif-Ullah-Institute-LSG-0101-Fixed-Assets','Fixed Assets','স্থায়ী সম্পদ','0102','Debit','Yes','01','1','Active','SCHOOL-ERP-Ledger-Group-01-Asset','SCHOOL-ERP-Demo-School-Sharif-Ullah-High-School-And-College');
insert into "schoolerp".ledger_sub_group (oid, name_en, name_bn, ledger_sub_group_code, ledger_sub_group_type, is_balance_sheet_item, ledger_group_code, version_id, status, ledger_group_oid, institute_oid) values ('SCHOOL-ERP-Sharif-Ullah-Institute-LSG-0201-Current-Liabilities','Current Liabilities','বর্তমান দায়','0201','Credit','Yes','02','1','Active','SCHOOL-ERP-Ledger-Group-02-Liabilities','SCHOOL-ERP-Demo-School-Sharif-Ullah-High-School-And-College');
insert into "schoolerp".ledger_sub_group (oid, name_en, name_bn, ledger_sub_group_code, ledger_sub_group_type, is_balance_sheet_item, ledger_group_code, version_id, status, ledger_group_oid, institute_oid) values ('SCHOOL-ERP-Sharif-Ullah-Institute-LSG-0301-BOD-Investments','BOD Investments','বিওডি বিনিয়োগ','0301','Credit','Yes','03','1','Active','SCHOOL-ERP-Ledger-Group-03-Equity','SCHOOL-ERP-Demo-School-Sharif-Ullah-High-School-And-College');
insert into "schoolerp".ledger_sub_group (oid, name_en, name_bn, ledger_sub_group_code, ledger_sub_group_type, is_balance_sheet_item, ledger_group_code, version_id, status, ledger_group_oid, institute_oid) values ('SCHOOL-ERP-Sharif-Ullah-Institute-LSG-0401-Revenue-from-Service','Revenue from Service','পরিষেবা থেকে আয়','0401','Credit','No','04','1','Active','SCHOOL-ERP-Ledger-Group-04-Revenue','SCHOOL-ERP-Demo-School-Sharif-Ullah-High-School-And-College');
insert into "schoolerp".ledger_sub_group (oid, name_en, name_bn, ledger_sub_group_code, ledger_sub_group_type, is_balance_sheet_item, ledger_group_code, version_id, status, ledger_group_oid, institute_oid) values ('SCHOOL-ERP-Sharif-Ullah-Institute-LSG-0402-Revenue-from-Investment','Revenue from Investment','বিনিয়োগ থেকে আয়','0402','Credit','No','04','1','Active','SCHOOL-ERP-Ledger-Group-04-Revenue','SCHOOL-ERP-Demo-School-Sharif-Ullah-High-School-And-College');
insert into "schoolerp".ledger_sub_group (oid, name_en, name_bn, ledger_sub_group_code, ledger_sub_group_type, is_balance_sheet_item, ledger_group_code, version_id, status, ledger_group_oid, institute_oid) values ('SCHOOL-ERP-Sharif-Ullah-Institute-LSG-0501-Expense-for-COGS','Expenses for Cost of goods sold (COGS) or Cost of services','বিক্রিত পণ্যের খরচ (COGS) বা পরিষেবার খরচ','0501','Debit','No','05','1','Active','SCHOOL-ERP-Ledger-Group-05-Expense','SCHOOL-ERP-Demo-School-Sharif-Ullah-High-School-And-College');
insert into "schoolerp".ledger_sub_group (oid, name_en, name_bn, ledger_sub_group_code, ledger_sub_group_type, is_balance_sheet_item, ledger_group_code, version_id, status, ledger_group_oid, institute_oid) values ('SCHOOL-ERP-Sharif-Ullah-Institute-LSG-0502-Operating-Expenses-Operations','Operating Expenses - Operations','অপারেটিং খরচ - অপারেশন','0502','Debit','No','05','1','Active','SCHOOL-ERP-Ledger-Group-05-Expense','SCHOOL-ERP-Demo-School-Sharif-Ullah-High-School-And-College');
insert into "schoolerp".ledger_sub_group (oid, name_en, name_bn, ledger_sub_group_code, ledger_sub_group_type, is_balance_sheet_item, ledger_group_code, version_id, status, ledger_group_oid, institute_oid) values ('SCHOOL-ERP-Sharif-Ullah-Institute-LSG-0503-Operating-Expenses-General-And-Administrative','Operating Expenses - General & Administrative','পরিচালন ব্যয় - সাধারণ ও প্রশাসনিক','0503','Debit','No','05','1','Active','SCHOOL-ERP-Ledger-Group-05-Expense','SCHOOL-ERP-Demo-School-Sharif-Ullah-High-School-And-College');
insert into "schoolerp".ledger_sub_group (oid, name_en, name_bn, ledger_sub_group_code, ledger_sub_group_type, is_balance_sheet_item, ledger_group_code, version_id, status, ledger_group_oid, institute_oid) values ('SCHOOL-ERP-Sharif-Ullah-Institute-LSG-0504-Operating-Expenses-Selling','Operating Expenses - Selling','পরিচালন ব্যয় - বিক্রয়','0504','Debit','No','05','1','Active','SCHOOL-ERP-Ledger-Group-05-Expense','SCHOOL-ERP-Demo-School-Sharif-Ullah-High-School-And-College');
commit;

-- ledger
insert into "schoolerp".ledger (oid, name_en, name_bn, mnemonic, ledger_code, ledger_type, is_balance_sheet_item, ledger_sub_group_code, ledger_sub_group_oid, version_id, status, institute_oid) values ('SCHOOL-ERP-Sharif-Ullah-Institute-Ledger-0101001','Cash','নগদ','Cash','0101001','Debit','Yes','0101','SCHOOL-ERP-Sharif-Ullah-Institute-LSG-0101-Current-Assets','1','Active','SCHOOL-ERP-Demo-School-Sharif-Ullah-High-School-And-College');
insert into "schoolerp".ledger (oid, name_en, name_bn, mnemonic, ledger_code, ledger_type, is_balance_sheet_item, ledger_sub_group_code, ledger_sub_group_oid, version_id, status, institute_oid) values ('SCHOOL-ERP-Sharif-Ullah-Institute-Ledger-0101002','Accounts Receivables','সম্ভাব্য অ্যাকাউন্ট','Accounts Receivables','0101002','Debit','Yes','0101','SCHOOL-ERP-Sharif-Ullah-Institute-LSG-0101-Current-Assets','1','Active','SCHOOL-ERP-Demo-School-Sharif-Ullah-High-School-And-College');
insert into "schoolerp".ledger (oid, name_en, name_bn, mnemonic, ledger_code, ledger_type, is_balance_sheet_item, ledger_sub_group_code, ledger_sub_group_oid, version_id, status, institute_oid) values ('SCHOOL-ERP-Sharif-Ullah-Institute-Ledger-0102001','Office Furniture','অফিস আসবাবপত্র','Office Furnitures','0102001','Debit','Yes','0102','SCHOOL-ERP-Sharif-Ullah-Institute-LSG-0101-Fixed-Assets','1','Active','SCHOOL-ERP-Demo-School-Sharif-Ullah-High-School-And-College');
insert into "schoolerp".ledger (oid, name_en, name_bn, mnemonic, ledger_code, ledger_type, is_balance_sheet_item, ledger_sub_group_code, ledger_sub_group_oid, version_id, status, institute_oid) values ('SCHOOL-ERP-Sharif-Ullah-Institute-Ledger-0102002','Office Equipment','অফিস সরঞ্জাম','Office Equipment','0102002','Debit','Yes','0102','SCHOOL-ERP-Sharif-Ullah-Institute-LSG-0101-Fixed-Assets','1','Active','SCHOOL-ERP-Demo-School-Sharif-Ullah-High-School-And-College');
insert into "schoolerp".ledger (oid, name_en, name_bn, mnemonic, ledger_code, ledger_type, is_balance_sheet_item, ledger_sub_group_code, ledger_sub_group_oid, version_id, status, institute_oid) values ('SCHOOL-ERP-Sharif-Ullah-Institute-Ledger-0102003','Office Stationery','অফিস স্টেশনারি','Office Stationery','0102003','Debit','Yes','0102','SCHOOL-ERP-Sharif-Ullah-Institute-LSG-0101-Fixed-Assets','1','Active','SCHOOL-ERP-Demo-School-Sharif-Ullah-High-School-And-College');
insert into "schoolerp".ledger (oid, name_en, name_bn, mnemonic, ledger_code, ledger_type, is_balance_sheet_item, ledger_sub_group_code, ledger_sub_group_oid, version_id, status, institute_oid) values ('SCHOOL-ERP-Sharif-Ullah-Institute-Ledger-0102004','Inventory','ইনভেন্টরি','Inventory','0102004','Debit','Yes','0102','SCHOOL-ERP-Sharif-Ullah-Institute-LSG-0101-Fixed-Assets','1','Active','SCHOOL-ERP-Demo-School-Sharif-Ullah-High-School-And-College');
insert into "schoolerp".ledger (oid, name_en, name_bn, mnemonic, ledger_code, ledger_type, is_balance_sheet_item, ledger_sub_group_code, ledger_sub_group_oid, version_id, status, institute_oid) values ('SCHOOL-ERP-Sharif-Ullah-Institute-Ledger-0201001','Advance','অগ্রিম','Advance','0201001','Credit','Yes','0201','SCHOOL-ERP-Sharif-Ullah-Institute-LSG-0201-Current-Liabilities','1','Active','SCHOOL-ERP-Demo-School-Sharif-Ullah-High-School-And-College');
insert into "schoolerp".ledger (oid, name_en, name_bn, mnemonic, ledger_code, ledger_type, is_balance_sheet_item, ledger_sub_group_code, ledger_sub_group_oid, version_id, status, institute_oid) values ('SCHOOL-ERP-Sharif-Ullah-Institute-Ledger-0201002','Short term Loan','স্বল্পমেয়াদী ঋণ','Short term Loan','0201002','Credit','Yes','0201','SCHOOL-ERP-Sharif-Ullah-Institute-LSG-0201-Current-Liabilities','1','Active','SCHOOL-ERP-Demo-School-Sharif-Ullah-High-School-And-College');
insert into "schoolerp".ledger (oid, name_en, name_bn, mnemonic, ledger_code, ledger_type, is_balance_sheet_item, ledger_sub_group_code, ledger_sub_group_oid, version_id, status, institute_oid) values ('SCHOOL-ERP-Sharif-Ullah-Institute-Ledger-0201004','Tax Payable','কর পরিশোধ যোগ্য','Tax Payable','0201004','Credit','Yes','0201','SCHOOL-ERP-Sharif-Ullah-Institute-LSG-0201-Current-Liabilities','1','Active','SCHOOL-ERP-Demo-School-Sharif-Ullah-High-School-And-College');
insert into "schoolerp".ledger (oid, name_en, name_bn, mnemonic, ledger_code, ledger_type, is_balance_sheet_item, ledger_sub_group_code, ledger_sub_group_oid, version_id, status, institute_oid) values ('SCHOOL-ERP-Sharif-Ullah-Institute-Ledger-0201003','Accounts Payable','পরিশোধযোগ্য হিসাব','ACPayable','0201003','Credit','Yes','0201','SCHOOL-ERP-Sharif-Ullah-Institute-LSG-0201-Current-Liabilities','1','Active','SCHOOL-ERP-Demo-School-Sharif-Ullah-High-School-And-College');
insert into "schoolerp".ledger (oid, name_en, name_bn, mnemonic, ledger_code, ledger_type, is_balance_sheet_item, ledger_sub_group_code, ledger_sub_group_oid, version_id, status, institute_oid) values ('SCHOOL-ERP-Sharif-Ullah-Institute-Ledger-0301001','BOD Investment','বিওডি বিনিয়োগ','BODInvestment','0301001','Credit','Yes','0301','SCHOOL-ERP-Sharif-Ullah-Institute-LSG-0301-BOD-Investments','1','Active','SCHOOL-ERP-Demo-School-Sharif-Ullah-High-School-And-College');
insert into "schoolerp".ledger (oid, name_en, name_bn, mnemonic, ledger_code, ledger_type, is_balance_sheet_item, ledger_sub_group_code, ledger_sub_group_oid, version_id, status, institute_oid) values ('SCHOOL-ERP-Sharif-Ullah-Institute-Ledger-0301002','Retained Earning','ধরে রাখা উপার্জন','RetainedEarning','0301002','Credit','Yes','0301','SCHOOL-ERP-Sharif-Ullah-Institute-LSG-0301-BOD-Investments','1','Active','SCHOOL-ERP-Demo-School-Sharif-Ullah-High-School-And-College');
insert into "schoolerp".ledger (oid, name_en, name_bn, mnemonic, ledger_code, ledger_type, is_balance_sheet_item, ledger_sub_group_code, ledger_sub_group_oid, version_id, status, institute_oid) values ('SCHOOL-ERP-Sharif-Ullah-Institute-Ledger-0301003','Discount Earned','ডিসকাউন্ট অর্জিত','Discount Earned','0301003','Credit','Yes','0301','SCHOOL-ERP-Sharif-Ullah-Institute-LSG-0301-BOD-Investments','1','Active','SCHOOL-ERP-Demo-School-Sharif-Ullah-High-School-And-College');
insert into "schoolerp".ledger (oid, name_en, name_bn, mnemonic, ledger_code, ledger_type, is_balance_sheet_item, ledger_sub_group_code, ledger_sub_group_oid, version_id, status, institute_oid) values ('SCHOOL-ERP-Sharif-Ullah-Institute-Ledger-0401001','sales revenue','বিক্রয় রাজস্ব','SalesRevenue','0401001','Credit','No','0401','SCHOOL-ERP-Sharif-Ullah-Institute-LSG-0401-Revenue-from-Service','1','Active','SCHOOL-ERP-Demo-School-Sharif-Ullah-High-School-And-College');
insert into "schoolerp".ledger (oid, name_en, name_bn, mnemonic, ledger_code, ledger_type, is_balance_sheet_item, ledger_sub_group_code, ledger_sub_group_oid, version_id, status, institute_oid) values ('SCHOOL-ERP-Sharif-Ullah-Institute-Ledger-0401002','Revenue from Business','ব্যবসা থেকে রাজস্ব','Revenue from Business','0401002','Credit','No','0401','SCHOOL-ERP-Sharif-Ullah-Institute-LSG-0401-Revenue-from-Service','1','Active','SCHOOL-ERP-Demo-School-Sharif-Ullah-High-School-And-College');
insert into "schoolerp".ledger (oid, name_en, name_bn, mnemonic, ledger_code, ledger_type, is_balance_sheet_item, ledger_sub_group_code, ledger_sub_group_oid, version_id, status, institute_oid) values ('SCHOOL-ERP-Sharif-Ullah-Institute-Ledger-0401003','Revenue from Investment','বিনিয়োগ থেকে রাজস্ব','Revenue from Investment','0401003','Credit','No','0402','SCHOOL-ERP-Sharif-Ullah-Institute-LSG-0402-Revenue-from-Investment','1','Active','SCHOOL-ERP-Demo-School-Sharif-Ullah-High-School-And-College');
insert into "schoolerp".ledger (oid, name_en, name_bn, mnemonic, ledger_code, ledger_type, is_balance_sheet_item, ledger_sub_group_code, ledger_sub_group_oid, version_id, status, institute_oid) values ('SCHOOL-ERP-Sharif-Ullah-Institute-Ledger-0501001','Direct materials for manufactured goods','উৎপাদিত পণ্যের জন্য সরাসরি উপকরণ','Direct materials for manufactured goods','0501001','Debit','No','0501','SCHOOL-ERP-Sharif-Ullah-Institute-LSG-0501-Expense-for-COGS','1','Active','SCHOOL-ERP-Demo-School-Sharif-Ullah-High-School-And-College');
insert into "schoolerp".ledger (oid, name_en, name_bn, mnemonic, ledger_code, ledger_type, is_balance_sheet_item, ledger_sub_group_code, ledger_sub_group_oid, version_id, status, institute_oid) values ('SCHOOL-ERP-Sharif-Ullah-Institute-Ledger-0501002','Direct costs of service delivery','সেবা প্রদানের সরাসরি খরচ','Direct costs of service delivery','0501002','Debit','No','0501','SCHOOL-ERP-Sharif-Ullah-Institute-LSG-0501-Expense-for-COGS','1','Active','SCHOOL-ERP-Demo-School-Sharif-Ullah-High-School-And-College');
insert into "schoolerp".ledger (oid, name_en, name_bn, mnemonic, ledger_code, ledger_type, is_balance_sheet_item, ledger_sub_group_code, ledger_sub_group_oid, version_id, status, institute_oid) values ('SCHOOL-ERP-Sharif-Ullah-Institute-Ledger-0501003','Purchase of finished goods inventory','সমাপ্ত পণ্য জায় ক্রয়','Purchase of finished goods inventory','0501003','Debit','No','0501','SCHOOL-ERP-Sharif-Ullah-Institute-LSG-0501-Expense-for-COGS','1','Active','SCHOOL-ERP-Demo-School-Sharif-Ullah-High-School-And-College');
insert into "schoolerp".ledger (oid, name_en, name_bn, mnemonic, ledger_code, ledger_type, is_balance_sheet_item, ledger_sub_group_code, ledger_sub_group_oid, version_id, status, institute_oid) values ('SCHOOL-ERP-Sharif-Ullah-Institute-Ledger-0501004','Overhead Expense','ওভারহেড খরচ','Overhead Expense','0501004','Debit','No','0501','SCHOOL-ERP-Sharif-Ullah-Institute-LSG-0501-Expense-for-COGS','1','Active','SCHOOL-ERP-Demo-School-Sharif-Ullah-High-School-And-College');
insert into "schoolerp".ledger (oid, name_en, name_bn, mnemonic, ledger_code, ledger_type, is_balance_sheet_item, ledger_sub_group_code, ledger_sub_group_oid, version_id, status, institute_oid) values ('SCHOOL-ERP-Sharif-Ullah-Institute-Ledger-0501006','Tax Expense','ট্যাক্স খরচ','Tax Expense','0501006','Debit','No','0501','SCHOOL-ERP-Sharif-Ullah-Institute-LSG-0501-Expense-for-COGS','1','Active','SCHOOL-ERP-Demo-School-Sharif-Ullah-High-School-And-College');
insert into "schoolerp".ledger (oid, name_en, name_bn, mnemonic, ledger_code, ledger_type, is_balance_sheet_item, ledger_sub_group_code, ledger_sub_group_oid, version_id, status, institute_oid) values ('SCHOOL-ERP-Sharif-Ullah-Institute-Ledger-0502001','Production side rental','উৎপাদন পার্শ্ব ভাড়া','Production side rental','0502001','Debit','No','0502','SCHOOL-ERP-Sharif-Ullah-Institute-LSG-0502-Operating-Expenses-Operations','1','Active','SCHOOL-ERP-Demo-School-Sharif-Ullah-High-School-And-College');
insert into "schoolerp".ledger (oid, name_en, name_bn, mnemonic, ledger_code, ledger_type, is_balance_sheet_item, ledger_sub_group_code, ledger_sub_group_oid, version_id, status, institute_oid) values ('SCHOOL-ERP-Sharif-Ullah-Institute-Ledger-0502002','Production side maintenance','উত্পাদন পার্শ্ব রক্ষণাবেক্ষণ','Production side maintenance','0502002','Debit','No','0502','SCHOOL-ERP-Sharif-Ullah-Institute-LSG-0502-Operating-Expenses-Operations','1','Active','SCHOOL-ERP-Demo-School-Sharif-Ullah-High-School-And-College');
insert into "schoolerp".ledger (oid, name_en, name_bn, mnemonic, ledger_code, ledger_type, is_balance_sheet_item, ledger_sub_group_code, ledger_sub_group_oid, version_id, status, institute_oid) values ('SCHOOL-ERP-Sharif-Ullah-Institute-Ledger-0502003','Production Executives salaries','প্রোডাকশন এক্সিকিউটিভদের বেতন','Production Executives salaries','0502003','Debit','No','0502','SCHOOL-ERP-Sharif-Ullah-Institute-LSG-0502-Operating-Expenses-Operations','1','Active','SCHOOL-ERP-Demo-School-Sharif-Ullah-High-School-And-College');
insert into "schoolerp".ledger (oid, name_en, name_bn, mnemonic, ledger_code, ledger_type, is_balance_sheet_item, ledger_sub_group_code, ledger_sub_group_oid, version_id, status, institute_oid) values ('SCHOOL-ERP-Sharif-Ullah-Institute-Ledger-0502004','Production Executives commissions/incentives','প্রোডাকশন এক্সিকিউটিভ কমিশন/ইনসেন্টিভ','Production Executives commissions/incentives','0502004','Debit','No','0502','SCHOOL-ERP-Sharif-Ullah-Institute-LSG-0502-Operating-Expenses-Operations','1','Active','SCHOOL-ERP-Demo-School-Sharif-Ullah-High-School-And-College');
insert into "schoolerp".ledger (oid, name_en, name_bn, mnemonic, ledger_code, ledger_type, is_balance_sheet_item, ledger_sub_group_code, ledger_sub_group_oid, version_id, status, institute_oid) values ('SCHOOL-ERP-Sharif-Ullah-Institute-Ledger-0502005','Production Executives Festival Bonus','প্রোডাকশন এক্সিকিউটিভ ফেস্টিভ্যাল বোনাস','Production Executives Festival Bonus','0502005','Debit','No','0502','SCHOOL-ERP-Sharif-Ullah-Institute-LSG-0502-Operating-Expenses-Operations','1','Active','SCHOOL-ERP-Demo-School-Sharif-Ullah-High-School-And-College');
insert into "schoolerp".ledger (oid, name_en, name_bn, mnemonic, ledger_code, ledger_type, is_balance_sheet_item, ledger_sub_group_code, ledger_sub_group_oid, version_id, status, institute_oid) values ('SCHOOL-ERP-Sharif-Ullah-Institute-Ledger-0502007','Consultancy Expense','কনসালটেন্সি খরচ','Consultancy Expense','0502007','Debit','No','0502','SCHOOL-ERP-Sharif-Ullah-Institute-LSG-0502-Operating-Expenses-Operations','1','Active','SCHOOL-ERP-Demo-School-Sharif-Ullah-High-School-And-College');
insert into "schoolerp".ledger (oid, name_en, name_bn, mnemonic, ledger_code, ledger_type, is_balance_sheet_item, ledger_sub_group_code, ledger_sub_group_oid, version_id, status, institute_oid) values ('SCHOOL-ERP-Sharif-Ullah-Institute-Ledger-0503001','Office Rental','অফিস ভাড়া','Office Rental','0503001','Debit','No','0503','SCHOOL-ERP-Sharif-Ullah-Institute-LSG-0503-Operating-Expenses-General-And-Administrative','1','Active','SCHOOL-ERP-Demo-School-Sharif-Ullah-High-School-And-College');
insert into "schoolerp".ledger (oid, name_en, name_bn, mnemonic, ledger_code, ledger_type, is_balance_sheet_item, ledger_sub_group_code, ledger_sub_group_oid, version_id, status, institute_oid) values ('SCHOOL-ERP-Sharif-Ullah-Institute-Ledger-0503002','Office Maintenance','অফিস ব্যবস্থাপনা','Office Maintenance','0503002','Debit','No','0503','SCHOOL-ERP-Sharif-Ullah-Institute-LSG-0503-Operating-Expenses-General-And-Administrative','1','Active','SCHOOL-ERP-Demo-School-Sharif-Ullah-High-School-And-College');
insert into "schoolerp".ledger (oid, name_en, name_bn, mnemonic, ledger_code, ledger_type, is_balance_sheet_item, ledger_sub_group_code, ledger_sub_group_oid, version_id, status, institute_oid) values ('SCHOOL-ERP-Sharif-Ullah-Institute-Ledger-0503003','Executives Salaries','নির্বাহীদের বেতন','Executives Salaries','0503003','Debit','No','0503','SCHOOL-ERP-Sharif-Ullah-Institute-LSG-0503-Operating-Expenses-General-And-Administrative','1','Active','SCHOOL-ERP-Demo-School-Sharif-Ullah-High-School-And-College');
insert into "schoolerp".ledger (oid, name_en, name_bn, mnemonic, ledger_code, ledger_type, is_balance_sheet_item, ledger_sub_group_code, ledger_sub_group_oid, version_id, status, institute_oid) values ('SCHOOL-ERP-Sharif-Ullah-Institute-Ledger-0503004','Executives Commissions','নির্বাহী কমিশন','Executives Commissions','0503004','Debit','No','0503','SCHOOL-ERP-Sharif-Ullah-Institute-LSG-0503-Operating-Expenses-General-And-Administrative','1','Active','SCHOOL-ERP-Demo-School-Sharif-Ullah-High-School-And-College');
insert into "schoolerp".ledger (oid, name_en, name_bn, mnemonic, ledger_code, ledger_type, is_balance_sheet_item, ledger_sub_group_code, ledger_sub_group_oid, version_id, status, institute_oid) values ('SCHOOL-ERP-Sharif-Ullah-Institute-Ledger-0503005','Costs of travel and training','ভ্রমণ এবং প্রশিক্ষণের খরচ','Costs of travel and training','0503005','Debit','No','0503','SCHOOL-ERP-Sharif-Ullah-Institute-LSG-0503-Operating-Expenses-General-And-Administrative','1','Active','SCHOOL-ERP-Demo-School-Sharif-Ullah-High-School-And-College');
insert into "schoolerp".ledger (oid, name_en, name_bn, mnemonic, ledger_code, ledger_type, is_balance_sheet_item, ledger_sub_group_code, ledger_sub_group_oid, version_id, status, institute_oid) values ('SCHOOL-ERP-Sharif-Ullah-Institute-Ledger-0503006','Depreciation Expense','অবচয় ব্যয়','Depreciation Expense','0503006','Debit','No','0503','SCHOOL-ERP-Sharif-Ullah-Institute-LSG-0503-Operating-Expenses-General-And-Administrative','1','Active','SCHOOL-ERP-Demo-School-Sharif-Ullah-High-School-And-College');
insert into "schoolerp".ledger (oid, name_en, name_bn, mnemonic, ledger_code, ledger_type, is_balance_sheet_item, ledger_sub_group_code, ledger_sub_group_oid, version_id, status, institute_oid) values ('SCHOOL-ERP-Sharif-Ullah-Institute-Ledger-0503007','Other Expense','অন্যান্য খরচ','Other Expense','0503007','Debit','No','0503','SCHOOL-ERP-Sharif-Ullah-Institute-LSG-0503-Operating-Expenses-General-And-Administrative','1','Active','SCHOOL-ERP-Demo-School-Sharif-Ullah-High-School-And-College');
insert into "schoolerp".ledger (oid, name_en, name_bn, mnemonic, ledger_code, ledger_type, is_balance_sheet_item, ledger_sub_group_code, ledger_sub_group_oid, version_id, status, institute_oid) values ('SCHOOL-ERP-Sharif-Ullah-Institute-Ledger-0503008','Discount Expense','ডিসকাউন্ট খরচ','Discount Expense','0503008','Debit','No','0502','SCHOOL-ERP-Sharif-Ullah-Institute-LSG-0503-Operating-Expenses-General-And-Administrative','1','Active','SCHOOL-ERP-Demo-School-Sharif-Ullah-High-School-And-College');
insert into "schoolerp".ledger (oid, name_en, name_bn, mnemonic, ledger_code, ledger_type, is_balance_sheet_item, ledger_sub_group_code, ledger_sub_group_oid, version_id, status, institute_oid) values ('SCHOOL-ERP-Sharif-Ullah-Institute-Ledger-0504001','Store/shop rental','দোকান/দোকান ভাড়া','Store/shop rental','0504001','Debit','No','0504','SCHOOL-ERP-Sharif-Ullah-Institute-LSG-0504-Operating-Expenses-Selling','1','Active','SCHOOL-ERP-Demo-School-Sharif-Ullah-High-School-And-College');
insert into "schoolerp".ledger (oid, name_en, name_bn, mnemonic, ledger_code, ledger_type, is_balance_sheet_item, ledger_sub_group_code, ledger_sub_group_oid, version_id, status, institute_oid) values ('SCHOOL-ERP-Sharif-Ullah-Institute-Ledger-0504002','Store/shop maintenance','দোকান/দোকান রক্ষণাবেক্ষণ','Store/shop maintenance','0504002','Debit','No','0504','SCHOOL-ERP-Sharif-Ullah-Institute-LSG-0504-Operating-Expenses-Selling','1','Active','SCHOOL-ERP-Demo-School-Sharif-Ullah-High-School-And-College');
insert into "schoolerp".ledger (oid, name_en, name_bn, mnemonic, ledger_code, ledger_type, is_balance_sheet_item, ledger_sub_group_code, ledger_sub_group_oid, version_id, status, institute_oid) values ('SCHOOL-ERP-Sharif-Ullah-Institute-Ledger-0504003','Sales Salaries','বিক্রয় বেতন','Sales Salaries','0504003','Debit','No','0504','SCHOOL-ERP-Sharif-Ullah-Institute-LSG-0504-Operating-Expenses-Selling','1','Active','SCHOOL-ERP-Demo-School-Sharif-Ullah-High-School-And-College');
insert into "schoolerp".ledger (oid, name_en, name_bn, mnemonic, ledger_code, ledger_type, is_balance_sheet_item, ledger_sub_group_code, ledger_sub_group_oid, version_id, status, institute_oid) values ('SCHOOL-ERP-Sharif-Ullah-Institute-Ledger-0504004','Sales Commissions','বিক্রির উপর লাভের অংশ','Sales Commissions','0504004','Debit','No','0504','SCHOOL-ERP-Sharif-Ullah-Institute-LSG-0504-Operating-Expenses-Selling','1','Active','SCHOOL-ERP-Demo-School-Sharif-Ullah-High-School-And-College');
commit;


